age,annual_income,employment_years,loan_amount,credit_score,existing_debt,num_open_accounts,previous_defaults,loan_purpose,debt_to_income,loan_to_income,risk_category
59,37859.35,1.6,14644.31,652,10045.58,13,0,home_improvement,0.2653,0.3868,Low
49,25738.36,0.1,9477.41,673,18338.94,13,0,debt_consolidation,0.7125,0.3682,High
35,37496.05,2.2,7351.18,684,6057.64,13,0,debt_consolidation,0.1615,0.196,Low
63,106905.75,1.5,12085.03,764,4262.7,6,0,education,0.0399,0.113,Low
28,37514.46,5.8,10777.11,505,10159.67,9,0,medical,0.2708,0.2873,High
41,57747.04,1.8,12134.55,526,3996.92,14,0,debt_consolidation,0.0692,0.2101,Low
59,36031.76,2.4,7877.41,642,3396.86,9,0,other,0.0943,0.2186,Medium
39,71805.24,6.5,43813.82,679,4527.49,5,0,debt_consolidation,0.0631,0.6102,Low
43,64112.82,3.3,6957.6,518,6374.97,1,0,business,0.0994,0.1085,High
31,23258.07,4.1,11366.98,645,5694.93,0,1,business,0.2448,0.4887,High
31,56050.93,9.2,3924.37,590,6173.98,2,1,medical,0.1101,0.07,Medium
44,21135.44,1.2,6675.02,547,1317.2,8,0,business,0.0623,0.3158,Medium
56,37159.18,22.6,6118.92,636,3074.53,9,0,home_improvement,0.0827,0.1647,Low
60,48741.35,11.5,9673.61,707,11009.75,12,0,business,0.2259,0.1985,Low
44,123430.43,1.7,11506.45,798,2866.76,4,0,other,0.0232,0.0932,Low
23,57466.43,11.2,10372.34,819,1344.72,4,0,debt_consolidation,0.0234,0.1805,Low
42,33404.87,7.0,9621.73,750,24326.76,14,0,education,0.7282,0.288,Low
22,41831.08,13.4,15192.42,676,22918.73,9,0,debt_consolidation,0.5479,0.3632,Low
44,77815.69,5.9,15908.04,641,14264.87,9,0,debt_consolidation,0.1833,0.2044,Low
64,33632.28,5.6,3200.27,662,4696.69,3,1,other,0.1396,0.0952,High
50,84837.19,0.0,25199.58,662,7478.55,3,1,medical,0.0882,0.297,Medium
58,37739.94,3.2,15626.79,740,2484.88,6,0,other,0.0658,0.4141,Low
22,31018.54,1.1,4123.52,778,3483.48,10,1,debt_consolidation,0.1123,0.1329,High
41,38349.57,2.0,22906.83,557,2467.06,9,0,home_improvement,0.0643,0.5973,High
53,21847.85,19.3,24632.53,626,8661.62,1,0,education,0.3964,1.1274,Medium
32,16542.89,0.4,4051.63,727,69065.67,12,0,business,4.1747,0.2449,High
42,47039.0,6.4,11077.13,640,4232.71,6,0,debt_consolidation,0.09,0.2355,Low
64,47398.75,0.9,15650.49,617,11175.48,3,1,home_improvement,0.2358,0.3302,High
45,55727.6,0.0,25383.92,743,12903.86,5,0,debt_consolidation,0.2315,0.4555,Medium
47,46922.98,3.5,17940.93,609,6481.89,13,0,home_improvement,0.1381,0.3823,High
62,157098.23,0.9,9529.4,703,8569.86,0,1,other,0.0546,0.0607,Low
48,53327.35,16.8,6977.75,625,6297.2,11,0,debt_consolidation,0.1181,0.1308,Low
36,24631.18,1.1,5501.88,827,10994.97,13,0,home_improvement,0.4464,0.2234,Low
35,28002.32,1.1,7654.58,750,1487.67,6,0,business,0.0531,0.2733,Low
64,49028.27,0.2,18447.04,624,6211.12,2,0,debt_consolidation,0.1267,0.3762,High
23,39430.18,2.0,23215.72,672,5076.54,14,0,medical,0.1287,0.5888,Low
57,26522.8,0.1,10653.58,697,4599.52,8,0,home_improvement,0.1734,0.4017,High
27,47599.42,3.5,25792.77,617,2848.11,4,0,home_improvement,0.0598,0.5419,Medium
41,47948.74,3.5,17063.36,625,15583.7,14,1,home_improvement,0.325,0.3559,High
29,108863.15,0.3,60891.97,717,5891.13,11,0,education,0.0541,0.5593,Medium
59,31006.59,1.4,4449.32,650,12516.89,5,0,business,0.4037,0.1435,Medium
38,39780.66,8.9,11717.76,538,5974.46,9,0,business,0.1502,0.2946,High
24,108695.77,3.1,15173.74,695,12282.06,5,1,home_improvement,0.113,0.1396,Medium
45,57773.94,2.9,40479.93,727,8202.83,6,0,home_improvement,0.142,0.7006,Low
34,30915.8,6.0,5581.13,624,4424.81,2,0,education,0.1431,0.1805,Low
29,34290.85,6.3,7483.0,588,14125.96,10,0,medical,0.4119,0.2182,Low
46,26713.4,7.2,13808.27,756,8136.34,0,1,debt_consolidation,0.3046,0.5169,Medium
22,50951.85,8.9,6412.91,662,4553.1,0,0,medical,0.0894,0.1259,Low
40,82090.7,1.3,11509.17,644,1267.89,6,0,education,0.0154,0.1402,Low
48,110796.52,0.3,5007.72,643,8249.5,10,0,education,0.0745,0.0452,Low
27,23315.16,2.4,27368.07,766,24960.97,11,0,home_improvement,1.0705,1.1738,High
64,75701.91,9.7,36588.74,671,9649.21,9,0,business,0.1275,0.4833,Low
28,53218.24,0.4,37390.95,685,6365.58,12,0,home_improvement,0.1196,0.7026,Low
55,43003.42,4.3,14646.47,638,2717.69,1,0,business,0.0632,0.3406,High
34,39788.41,6.0,14841.08,651,1302.75,6,0,business,0.0327,0.373,Low
37,18760.97,3.3,13262.19,625,10573.14,14,0,home_improvement,0.5635,0.7069,Medium
56,67440.39,1.5,22395.51,689,6610.93,11,0,business,0.098,0.3321,Medium
60,25350.95,2.0,28476.13,561,1989.74,7,0,education,0.0785,1.1232,High
24,33721.88,0.4,20496.18,669,3816.68,0,0,debt_consolidation,0.1132,0.6078,Low
22,60414.98,1.7,15452.86,621,3855.78,4,1,education,0.0638,0.2558,Medium
26,19765.28,0.2,20399.25,609,7429.83,9,0,other,0.3759,1.032,High
62,25326.41,6.5,13275.76,686,5147.99,1,0,debt_consolidation,0.2033,0.5242,Medium
24,90159.11,11.4,5974.03,650,11935.39,12,0,other,0.1324,0.0663,Low
49,52105.69,5.0,9368.24,571,22589.23,2,0,home_improvement,0.4335,0.1798,High
38,35203.45,5.3,15180.58,579,7034.81,4,0,other,0.1998,0.4312,High
46,52208.37,3.2,7924.94,666,922.29,9,0,home_improvement,0.0177,0.1518,Low
64,68510.22,0.8,7601.95,587,9239.59,4,0,education,0.1349,0.111,Low
54,86024.2,0.0,19358.78,517,8855.57,13,1,business,0.1029,0.225,Medium
30,28107.24,2.1,20096.4,716,9691.15,1,0,education,0.3448,0.715,Medium
56,29365.65,7.0,15953.1,551,16394.65,13,1,education,0.5583,0.5432,High
34,66447.78,16.1,9910.59,621,12851.44,3,0,other,0.1934,0.1491,High
51,67521.83,2.8,10909.77,577,6671.04,6,0,debt_consolidation,0.0988,0.1616,Low
35,25034.63,2.3,20333.52,575,1030.35,5,0,other,0.0412,0.8122,Medium
28,29921.86,3.0,7777.63,677,8122.6,14,0,debt_consolidation,0.2715,0.2599,Low
34,44494.74,2.8,5580.66,598,10211.31,2,0,education,0.2295,0.1254,Medium
43,49602.08,4.9,18111.77,632,20172.44,12,0,home_improvement,0.4067,0.3651,Medium
60,50310.29,6.6,12436.12,505,14732.23,3,0,debt_consolidation,0.2928,0.2472,High
41,24843.17,7.7,29270.33,790,14388.63,11,0,debt_consolidation,0.5792,1.1782,Low
36,50056.81,5.2,7050.42,679,2783.35,6,0,business,0.0556,0.1408,Low
38,34245.64,2.9,25458.67,762,5697.42,10,0,debt_consolidation,0.1664,0.7434,Low
44,27360.1,15.0,9411.87,752,1028.84,0,0,other,0.0376,0.344,Low
46,48752.02,6.2,21359.54,745,2350.81,12,0,debt_consolidation,0.0482,0.4381,Low
45,46328.06,2.8,6166.98,630,6215.69,13,0,home_improvement,0.1342,0.1331,Low
61,73192.38,3.0,5099.59,654,3802.64,7,0,home_improvement,0.052,0.0697,Low
49,31873.04,8.5,16490.65,570,4194.46,7,0,business,0.1316,0.5174,Medium
35,55137.49,2.9,11326.4,657,16577.3,2,0,debt_consolidation,0.3006,0.2054,Medium
21,22374.17,3.6,14700.02,550,580.95,5,1,medical,0.026,0.657,High
45,42726.4,1.7,7440.24,763,10453.7,14,0,debt_consolidation,0.2447,0.1741,Low
27,61811.14,9.1,16266.25,722,18885.77,10,1,business,0.3055,0.2632,High
29,64473.57,3.7,28691.35,700,6603.29,1,1,home_improvement,0.1024,0.445,Medium
44,64693.56,4.0,25796.63,605,5960.94,7,0,debt_consolidation,0.0921,0.3987,Medium
21,73290.62,10.6,8912.11,743,10785.07,10,0,debt_consolidation,0.1472,0.1216,Low
64,39226.39,12.7,6286.97,524,6387.96,10,0,debt_consolidation,0.1628,0.1603,Medium
28,62809.57,8.7,13335.17,642,3426.84,12,1,business,0.0546,0.2123,Medium
44,124788.1,0.3,22214.25,662,15465.19,7,0,medical,0.1239,0.178,Low
31,38810.02,2.9,4851.92,780,1591.91,2,0,home_improvement,0.041,0.125,Medium
37,97743.21,2.1,19257.25,546,3363.0,5,0,debt_consolidation,0.0344,0.197,Low
28,75980.84,1.2,44630.36,758,3499.04,10,0,debt_consolidation,0.0461,0.5874,Low
55,42909.06,12.0,19609.85,743,4404.73,0,0,medical,0.1027,0.457,Low
55,44737.27,11.0,5253.74,747,3773.85,3,0,debt_consolidation,0.0844,0.1174,Low
53,52010.51,3.1,6770.67,604,1300.76,12,0,education,0.025,0.1302,Medium
25,73871.51,0.7,8831.09,686,10022.2,8,0,business,0.1357,0.1195,Low
62,59953.07,0.1,12246.4,722,9607.23,13,0,business,0.1602,0.2043,Low
59,38657.7,2.9,16471.83,674,3544.07,12,0,business,0.0917,0.4261,Medium
61,17308.85,0.2,20584.06,679,8628.84,6,0,other,0.4985,1.1892,Medium
48,68602.69,4.7,11169.2,689,15515.36,3,1,debt_consolidation,0.2262,0.1628,Low
27,18652.79,4.7,15578.03,599,4475.96,14,0,education,0.2399,0.8351,Medium
29,24760.63,11.5,6982.49,598,9879.07,10,0,debt_consolidation,0.399,0.282,Low
28,40085.16,1.1,8746.47,712,4178.89,2,0,debt_consolidation,0.1042,0.2182,Low
32,26714.47,2.3,22719.45,602,8759.18,13,0,education,0.3279,0.8504,Medium
54,57455.4,9.8,17523.28,677,27346.96,9,0,business,0.476,0.305,High
53,42273.09,3.2,18885.87,547,9433.83,14,0,home_improvement,0.2232,0.4467,Medium
43,72592.4,0.3,7161.08,633,3932.42,7,0,education,0.0542,0.0986,Low
44,21941.63,0.6,13059.32,771,5093.43,11,0,education,0.2321,0.5952,Low
57,35208.79,8.4,14061.65,667,3168.31,10,1,debt_consolidation,0.09,0.3994,High
55,49123.84,6.8,16216.33,745,5083.5,7,0,education,0.1035,0.3301,Low
64,50079.35,10.4,24596.45,785,3049.14,12,0,home_improvement,0.0609,0.4911,Medium
60,69356.71,0.6,13726.39,722,4668.48,5,0,home_improvement,0.0673,0.1979,Low
42,31029.87,7.1,34689.76,685,1105.59,6,0,business,0.0356,1.1179,Medium
47,38792.99,5.3,4108.7,642,3494.34,12,0,home_improvement,0.0901,0.1059,Low
55,63175.69,1.3,11103.64,633,4472.97,1,0,home_improvement,0.0708,0.1758,Low
21,16329.35,18.2,24820.61,624,16891.74,2,0,business,1.0344,1.5199,Medium
55,59424.84,4.2,8536.91,738,10290.78,12,0,debt_consolidation,0.1732,0.1437,Low
57,71824.02,11.9,22031.72,667,5024.8,13,0,business,0.07,0.3067,Medium
34,25164.0,9.8,14167.82,719,1850.42,3,1,home_improvement,0.0735,0.563,Medium
23,41876.85,2.0,41728.23,782,4673.58,5,0,business,0.1116,0.9964,Medium
21,103396.86,3.8,12201.33,805,3747.55,1,1,home_improvement,0.0362,0.118,High
25,68180.52,2.8,12289.51,706,2861.27,2,0,debt_consolidation,0.042,0.1802,Low
46,61297.0,6.2,39368.23,706,9167.98,13,0,debt_consolidation,0.1496,0.6422,High
34,80457.12,4.4,10755.01,634,3104.82,14,0,medical,0.0386,0.1337,Low
59,120846.03,7.7,25178.64,725,4061.03,7,0,home_improvement,0.0336,0.2084,Low
47,49477.19,0.1,16067.41,582,1611.87,2,0,business,0.0326,0.3247,Low
29,39990.83,5.8,25650.06,658,5277.99,9,0,debt_consolidation,0.132,0.6414,Medium
35,80359.79,1.9,10835.2,569,9965.75,14,0,home_improvement,0.124,0.1348,Medium
35,44634.99,1.3,12532.52,547,3011.59,7,0,education,0.0675,0.2808,Low
46,30822.21,8.1,10715.91,676,11584.39,6,0,other,0.3758,0.3477,Medium
62,37420.23,0.5,4087.5,572,10859.59,8,0,business,0.2902,0.1092,Medium
33,57306.24,1.3,11395.37,607,3725.63,5,0,debt_consolidation,0.065,0.1988,Medium
52,39151.82,1.1,91235.63,685,13836.0,12,0,debt_consolidation,0.3534,2.3302,High
59,40640.17,2.7,8609.3,727,12234.52,4,0,home_improvement,0.301,0.2118,Medium
52,29329.29,1.9,14582.54,808,8147.62,1,0,home_improvement,0.2778,0.4972,Medium
24,100476.91,6.4,27301.56,499,27102.74,10,0,home_improvement,0.2697,0.2717,High
50,41302.84,6.0,18268.16,581,10891.13,0,0,debt_consolidation,0.2637,0.4423,High
57,34346.13,2.0,12752.2,499,12606.36,3,0,education,0.367,0.3713,Medium
43,36222.6,2.9,7812.32,549,4796.11,6,0,education,0.1324,0.2157,High
59,73222.86,1.2,31742.38,692,2475.63,2,0,debt_consolidation,0.0338,0.4335,Low
35,65290.33,5.6,25982.33,648,2893.53,4,0,home_improvement,0.0443,0.3979,Low
63,38142.05,2.5,31292.19,522,4891.62,7,0,home_improvement,0.1282,0.8204,Medium
49,49819.24,0.7,29469.82,677,9899.71,14,0,debt_consolidation,0.1987,0.5915,High
56,56294.51,0.7,5673.08,774,4316.16,1,0,debt_consolidation,0.0767,0.1008,Low
33,34473.96,1.9,10817.48,566,10342.22,8,0,home_improvement,0.3,0.3138,Medium
52,22690.2,6.9,16100.13,684,1167.84,14,1,education,0.0515,0.7095,Medium
27,63419.0,0.1,7549.9,778,2345.85,4,0,education,0.037,0.119,Low
42,35441.29,1.5,9153.6,579,3157.53,4,0,home_improvement,0.0891,0.2583,High
48,61094.32,0.9,19620.8,643,2492.48,13,0,business,0.0408,0.3212,Medium
22,57555.98,15.7,19141.4,532,8338.49,2,0,debt_consolidation,0.1449,0.3326,Medium
62,50407.55,6.1,38427.44,758,4486.35,1,0,education,0.089,0.7623,High
26,39613.94,1.3,8666.83,683,2693.27,8,0,home_improvement,0.068,0.2188,Low
48,35704.64,1.2,7646.37,601,8211.56,10,1,debt_consolidation,0.23,0.2142,High
48,27744.46,9.8,47046.27,635,18771.29,3,0,home_improvement,0.6766,1.6956,High
64,36048.7,1.1,11528.34,725,8629.0,4,1,education,0.2394,0.3198,Low
64,65147.39,29.1,4272.27,522,3125.12,2,0,debt_consolidation,0.048,0.0656,Low
40,98608.51,1.7,16979.97,585,6172.07,5,0,medical,0.0626,0.1722,Low
50,91633.27,0.4,7009.33,668,2867.32,4,0,education,0.0313,0.0765,Low
31,52717.96,5.9,10596.02,721,9663.04,2,0,debt_consolidation,0.1833,0.201,Medium
48,98582.3,4.7,5706.8,687,5888.7,9,0,other,0.0597,0.0579,Low
45,42049.01,40.0,26026.86,534,14251.89,13,0,other,0.3389,0.619,Medium
59,25705.92,8.1,17067.42,730,5376.92,0,0,debt_consolidation,0.2092,0.6639,Low
53,128083.44,2.8,6162.19,744,5923.17,9,0,debt_consolidation,0.0462,0.0481,Medium
21,63985.01,5.6,15048.13,730,1521.53,14,0,home_improvement,0.0238,0.2352,Low
47,22758.29,8.5,19983.41,652,1115.68,12,0,other,0.049,0.878,High
33,106886.66,3.6,11766.44,604,6225.39,12,0,education,0.0582,0.1101,Low
61,33802.46,1.6,36070.41,766,1380.21,10,0,other,0.0408,1.0671,High
23,37686.56,1.2,24956.62,613,2549.28,13,0,debt_consolidation,0.0676,0.6622,High
59,81690.38,1.7,10005.73,661,6766.18,2,0,medical,0.0828,0.1225,Low
26,96843.69,9.4,11660.68,724,3721.74,2,0,debt_consolidation,0.0384,0.1204,Low
28,29721.63,2.4,6361.56,752,2062.62,4,0,other,0.0694,0.214,Low
47,102282.65,1.7,4827.21,592,3019.3,8,0,debt_consolidation,0.0295,0.0472,Medium
29,75895.93,8.2,7925.09,754,16376.17,14,0,home_improvement,0.2158,0.1044,Low
57,32863.75,0.2,8763.47,607,5432.56,11,0,medical,0.1653,0.2667,Medium
53,43349.34,4.5,29610.51,714,7176.78,11,1,medical,0.1656,0.6831,Medium
62,104617.69,10.3,5855.56,703,5347.04,3,0,medical,0.0511,0.056,Low
64,22465.12,2.6,14163.31,656,16289.29,11,0,debt_consolidation,0.7251,0.6304,Medium
44,97768.45,1.6,15194.78,541,6574.93,1,0,education,0.0672,0.1554,Low
35,74847.17,3.4,8740.52,569,7946.85,0,0,debt_consolidation,0.1062,0.1168,Low
52,63232.29,6.3,24629.46,729,1275.9,11,0,home_improvement,0.0202,0.3895,Low
52,52357.36,3.6,11075.14,687,4513.2,6,0,medical,0.0862,0.2115,Low
44,131277.54,0.0,9361.92,695,4204.05,8,0,home_improvement,0.032,0.0713,Low
61,141345.4,0.4,35788.93,628,2009.91,5,0,debt_consolidation,0.0142,0.2532,Low
32,36040.01,6.4,8061.23,620,1594.8,8,0,debt_consolidation,0.0442,0.2237,Low
59,66576.2,2.6,21313.32,688,3868.8,3,0,medical,0.0581,0.3201,Low
22,125139.98,7.7,9502.85,624,42672.12,5,1,debt_consolidation,0.341,0.0759,High
23,33106.26,5.2,6443.88,687,2172.46,1,1,medical,0.0656,0.1946,Medium
57,55357.63,4.4,10957.1,556,5920.44,10,0,debt_consolidation,0.1069,0.1979,Medium
37,80978.4,11.6,54910.07,657,4481.56,10,0,debt_consolidation,0.0553,0.6781,Medium
22,17899.95,0.1,5617.97,592,7916.99,9,0,education,0.4423,0.3138,Medium
22,74182.06,0.8,8775.83,668,22767.55,4,1,debt_consolidation,0.3069,0.1183,Medium
48,28446.6,4.9,27929.92,563,944.51,6,0,medical,0.0332,0.9818,Medium
43,53969.03,0.3,7601.57,754,2330.26,11,0,debt_consolidation,0.0432,0.1408,Low
57,86870.38,5.2,9310.02,520,16852.66,5,0,home_improvement,0.194,0.1072,Low
52,14844.87,20.7,14484.01,734,6657.76,12,0,medical,0.4485,0.9756,Medium
53,72615.19,10.6,11673.61,625,3352.35,0,0,home_improvement,0.0462,0.1608,Low
21,135830.69,4.5,18129.87,700,3595.36,2,0,business,0.0265,0.1335,Low
39,37547.03,11.2,11411.24,687,1325.99,4,1,home_improvement,0.0353,0.3039,Medium
22,65404.42,0.6,13406.11,608,6497.51,14,0,home_improvement,0.0993,0.205,High
64,95572.76,3.0,12351.85,617,5320.83,8,0,home_improvement,0.0557,0.1292,Low
46,22104.3,2.8,8179.9,734,4998.8,0,0,home_improvement,0.2261,0.37,Medium
52,71588.15,2.1,4402.4,663,3232.23,9,0,home_improvement,0.0451,0.0615,Medium
26,81787.78,0.0,42325.02,628,5905.01,8,0,education,0.0722,0.5175,Low
52,67461.35,11.1,8126.66,618,2356.96,12,0,home_improvement,0.0349,0.1205,Medium
24,51190.61,7.5,8423.65,631,2999.52,0,0,debt_consolidation,0.0586,0.1646,Low
31,29726.48,5.3,15048.56,783,6573.39,14,0,business,0.2211,0.5062,Low
37,98293.35,0.7,7182.13,770,3548.95,11,0,debt_consolidation,0.0361,0.0731,Low
58,49873.83,2.4,23142.93,786,5183.96,13,0,debt_consolidation,0.1039,0.464,Medium
44,31196.46,12.9,15564.78,782,3556.39,1,0,debt_consolidation,0.114,0.4989,Low
25,41814.02,4.8,11353.25,594,7180.17,3,0,home_improvement,0.1717,0.2715,Medium
54,58935.14,4.6,9899.05,656,3248.19,12,0,other,0.0551,0.168,Low
26,22458.12,12.2,6501.09,602,6272.13,5,0,debt_consolidation,0.2793,0.2895,High
42,49462.26,4.1,16122.95,722,9132.02,0,0,home_improvement,0.1846,0.326,Low
31,39797.58,4.6,14497.31,637,4722.99,6,0,debt_consolidation,0.1187,0.3643,Low
36,95608.14,2.1,9066.98,616,4163.25,12,0,business,0.0435,0.0948,Low
53,19197.87,2.3,18296.28,619,3480.44,8,0,business,0.1813,0.953,High
29,78384.29,5.8,34486.3,591,4212.38,8,0,debt_consolidation,0.0537,0.44,High
26,99563.15,1.9,13478.08,707,16149.99,8,0,education,0.1622,0.1354,Medium
36,19564.18,4.1,11517.9,693,11772.57,14,0,debt_consolidation,0.6017,0.5887,Medium
49,20772.99,1.6,7507.21,594,7486.08,1,0,debt_consolidation,0.3604,0.3614,Medium
23,119724.68,0.9,12143.42,723,3321.72,12,0,debt_consolidation,0.0277,0.1014,Low
40,31188.79,3.0,10387.52,676,14236.98,1,0,home_improvement,0.4565,0.333,Low
56,230363.68,1.2,7130.08,573,21076.57,0,0,business,0.0915,0.031,Low
39,19872.26,11.4,17513.85,566,1187.69,13,0,debt_consolidation,0.0598,0.8813,Medium
46,53371.05,1.8,15741.23,576,4593.59,14,0,home_improvement,0.0861,0.2949,High
23,48450.75,4.5,13986.35,723,5640.87,9,0,business,0.1164,0.2887,Low
39,44174.46,1.5,10750.12,768,3443.92,1,0,debt_consolidation,0.078,0.2434,Low
40,61789.03,1.5,23222.17,429,1453.14,2,0,debt_consolidation,0.0235,0.3758,Medium
52,63597.1,2.2,4674.22,555,2538.83,1,0,other,0.0399,0.0735,Medium
27,45078.94,12.4,4808.48,754,14875.01,4,0,education,0.33,0.1067,Medium
61,29522.65,2.5,15295.12,627,2308.77,3,1,business,0.0782,0.5181,Medium
53,82774.9,8.6,28527.68,734,2959.95,12,0,education,0.0358,0.3446,Low
60,67105.84,1.1,14361.59,656,5538.1,6,0,home_improvement,0.0825,0.214,Low
59,51911.3,0.2,14418.38,675,4869.2,6,0,other,0.0938,0.2777,Medium
38,66051.09,7.6,7127.19,738,3213.71,6,0,debt_consolidation,0.0487,0.1079,Low
60,72003.55,3.9,3689.76,648,9094.86,4,0,debt_consolidation,0.1263,0.0512,Low
21,33494.41,3.5,7444.42,583,8919.9,11,0,debt_consolidation,0.2663,0.2223,High
31,64882.95,1.6,19664.47,696,2433.84,9,0,debt_consolidation,0.0375,0.3031,Low
48,37178.36,0.4,5200.41,618,1723.2,3,1,debt_consolidation,0.0463,0.1399,Medium
45,73204.83,3.3,8013.55,832,6994.97,14,0,medical,0.0956,0.1095,Low
43,44524.74,10.1,5220.21,638,4629.32,7,0,business,0.104,0.1172,Low
51,66560.05,0.6,7761.05,692,7107.88,3,0,debt_consolidation,0.1068,0.1166,Low
50,39462.35,13.2,26475.44,724,4723.88,4,0,medical,0.1197,0.6709,Medium
62,68312.72,1.6,9287.68,747,3240.02,7,0,debt_consolidation,0.0474,0.136,Low
55,30049.92,3.8,23123.78,744,4195.79,13,0,debt_consolidation,0.1396,0.7695,High
27,49915.38,0.3,9427.46,744,14393.96,12,0,other,0.2884,0.1889,Low
36,80042.76,2.8,31720.72,642,2838.04,13,0,other,0.0355,0.3963,High
46,61920.24,0.7,16472.24,714,4159.96,2,0,home_improvement,0.0672,0.266,Low
22,53960.87,0.2,10133.02,499,1658.03,6,0,medical,0.0307,0.1878,Medium
21,120786.6,17.0,12123.48,702,1470.03,0,0,debt_consolidation,0.0122,0.1004,Low
32,81782.49,6.5,5625.55,706,1828.15,1,0,medical,0.0224,0.0688,Medium
25,75189.73,6.3,9831.88,717,1161.31,11,0,education,0.0154,0.1308,Low
57,68119.17,0.5,31330.29,721,1883.98,12,0,education,0.0277,0.4599,Low
52,72500.48,13.3,16573.91,722,7049.92,13,0,medical,0.0972,0.2286,Low
29,112257.54,3.2,3817.47,623,8469.04,12,0,business,0.0754,0.034,Low
61,39781.83,9.6,12056.38,630,1819.23,1,0,home_improvement,0.0457,0.3031,Medium
55,81202.55,0.1,14777.13,706,1826.93,10,0,education,0.0225,0.182,Low
39,58585.58,1.8,20959.36,509,4452.28,4,0,education,0.076,0.3578,High
36,40475.06,27.7,10668.91,533,30734.2,11,0,business,0.7593,0.2636,Medium
23,46636.44,2.8,12431.28,603,2815.05,1,0,education,0.0604,0.2666,Low
40,54697.72,11.0,24826.0,618,3864.36,3,0,debt_consolidation,0.0706,0.4539,Low
44,31889.43,2.0,11545.48,674,13680.79,0,0,business,0.429,0.362,High
53,75508.94,3.7,8628.11,818,12328.19,12,0,business,0.1633,0.1143,Low
44,46563.59,9.6,22058.29,614,8886.15,5,0,debt_consolidation,0.1908,0.4737,Low
31,51147.28,4.7,22306.96,687,10990.58,9,0,debt_consolidation,0.2149,0.4361,Medium
28,96625.82,6.5,3653.74,520,13231.49,12,1,home_improvement,0.1369,0.0378,High
56,52306.4,1.3,15605.24,615,3231.28,0,0,debt_consolidation,0.0618,0.2983,Medium
58,106546.23,0.8,7299.6,707,7361.3,1,1,education,0.0691,0.0685,High
60,37706.69,1.3,16982.64,620,3573.79,14,1,home_improvement,0.0948,0.4504,Low
40,28324.01,3.4,23660.25,602,2535.51,3,0,other,0.0895,0.8353,Medium
55,42404.23,8.1,19371.29,485,7605.37,3,0,other,0.1793,0.4568,Medium
45,11999.77,2.2,20553.09,590,4107.43,8,0,medical,0.3423,1.7126,High
55,77101.72,4.2,8989.25,741,4418.73,4,0,business,0.0573,0.1166,Medium
45,29159.93,8.2,10152.29,616,12534.33,9,0,business,0.4298,0.3481,Medium
49,35995.61,1.4,19065.07,657,6606.75,11,0,debt_consolidation,0.1835,0.5296,Medium
38,70132.34,10.7,13940.6,591,4352.7,3,0,education,0.0621,0.1988,Low
38,52029.21,15.3,5291.93,626,4530.88,4,0,other,0.0871,0.1017,Low
22,39329.39,0.2,22807.62,746,1646.38,6,0,home_improvement,0.0419,0.5799,Low
55,17707.24,0.3,5552.23,615,8503.53,8,0,medical,0.4802,0.3135,High
36,93939.29,0.5,16233.92,592,4434.88,8,0,home_improvement,0.0472,0.1728,Medium
61,70371.25,7.5,15128.89,748,4087.87,0,0,other,0.0581,0.215,Low
56,137017.05,1.0,27144.95,648,17796.41,3,0,home_improvement,0.1299,0.1981,Medium
53,36381.3,6.5,11597.39,626,9322.64,14,0,education,0.2562,0.3188,Medium
24,23689.21,2.9,3954.55,664,5814.88,14,1,medical,0.2455,0.1669,High
53,80609.97,9.0,14559.17,735,6724.66,3,0,education,0.0834,0.1806,Low
34,44621.45,8.3,16310.45,661,12082.56,6,0,home_improvement,0.2708,0.3655,High
41,67109.77,16.1,25442.46,595,4150.04,11,0,debt_consolidation,0.0618,0.3791,Low
40,110189.58,1.4,9732.8,660,8837.41,13,0,debt_consolidation,0.0802,0.0883,Low
28,59520.53,1.3,20372.01,525,2107.54,5,0,debt_consolidation,0.0354,0.3423,Low
27,53297.75,0.2,22884.62,577,5964.21,7,0,education,0.1119,0.4294,Medium
23,54995.21,2.6,8610.23,677,1328.41,11,0,home_improvement,0.0242,0.1566,Low
37,21620.04,3.1,16158.49,652,5571.48,3,0,home_improvement,0.2577,0.7474,Medium
53,85307.62,16.7,5523.78,682,13424.09,11,1,debt_consolidation,0.1574,0.0648,Low
32,88083.73,8.9,18740.87,684,3260.54,7,0,debt_consolidation,0.037,0.2128,Low
42,63913.44,0.9,15266.74,716,5151.32,10,1,home_improvement,0.0806,0.2389,High
42,22978.12,8.0,6353.63,659,2822.05,5,1,debt_consolidation,0.1228,0.2765,Low
50,46139.54,1.0,10528.48,731,5902.86,1,0,business,0.1279,0.2282,Medium
58,100635.75,0.4,25615.78,687,2021.82,0,0,medical,0.0201,0.2545,Low
58,36942.69,9.1,15061.68,691,2000.03,9,1,education,0.0541,0.4077,Low
28,88621.21,18.6,8869.04,583,7171.07,13,0,debt_consolidation,0.0809,0.1001,Medium
47,50390.01,0.5,8428.13,593,2285.78,12,0,home_improvement,0.0454,0.1673,Low
47,70000.1,8.4,24389.28,608,16492.0,8,0,business,0.2356,0.3484,Medium
54,39891.93,9.8,9950.49,802,15913.13,7,0,business,0.3989,0.2494,Low
41,51133.26,0.6,15250.52,760,2256.94,13,0,education,0.0441,0.2982,Low
50,60983.44,1.7,10427.64,579,30318.64,0,0,other,0.4972,0.171,High
53,28520.63,6.6,3542.83,648,4731.22,11,0,debt_consolidation,0.1659,0.1242,Medium
48,56215.99,8.2,9027.75,586,4969.03,14,0,debt_consolidation,0.0884,0.1606,Low
53,12781.29,2.2,26443.85,588,9612.33,3,0,education,0.752,2.0688,High
25,36288.24,0.9,48357.12,731,14768.45,12,0,debt_consolidation,0.407,1.3325,Medium
39,64340.3,5.2,8399.92,533,14574.55,1,0,debt_consolidation,0.2265,0.1306,High
24,85830.65,6.1,16317.53,688,25202.4,1,1,debt_consolidation,0.2936,0.1901,Medium
55,62092.23,3.5,54027.47,645,6939.26,6,0,debt_consolidation,0.1118,0.8701,High
37,24461.15,0.8,27462.37,730,6869.52,9,1,education,0.2808,1.1226,High
64,82160.43,9.3,6455.19,665,7070.53,4,0,debt_consolidation,0.0861,0.0786,Low
48,27734.3,5.2,11398.63,770,5605.93,10,0,medical,0.2021,0.411,Low
50,66642.6,10.2,15593.5,653,1626.84,1,0,business,0.0244,0.234,Low
49,28200.17,13.5,28670.6,726,957.14,0,0,business,0.0339,1.0166,Medium
26,33302.8,8.2,6490.21,667,2210.09,0,0,home_improvement,0.0664,0.1949,Low
55,30388.68,15.9,21258.88,656,9661.08,3,0,debt_consolidation,0.3179,0.6995,High
61,52547.84,15.4,20376.55,747,4202.61,13,0,debt_consolidation,0.08,0.3878,Low
57,44455.0,4.8,11132.35,656,2112.21,3,0,debt_consolidation,0.0475,0.2504,Low
44,63224.98,6.5,48362.92,664,12788.35,1,0,other,0.2023,0.7649,High
49,48566.18,6.0,7732.38,594,3060.52,1,0,business,0.063,0.1592,Medium
51,22949.77,4.9,16621.59,653,794.31,3,0,home_improvement,0.0346,0.7242,High
55,56269.4,0.1,15057.65,436,1854.15,7,1,debt_consolidation,0.033,0.2676,Medium
53,20310.99,2.2,16740.8,615,3141.89,5,0,other,0.1547,0.8242,Medium
41,31510.4,0.5,26723.19,677,2602.93,0,0,education,0.0826,0.848,Low
52,40865.58,1.8,5969.37,638,4457.16,13,0,debt_consolidation,0.1091,0.1461,Medium
43,39474.03,0.4,14692.82,633,6087.67,7,0,home_improvement,0.1542,0.3722,Medium
53,21510.44,12.6,43552.36,696,6207.34,4,0,business,0.2886,2.0246,Medium
23,97302.48,3.0,21567.51,775,4421.17,12,1,debt_consolidation,0.0454,0.2217,Low
38,111747.98,1.0,8986.48,618,10581.86,12,0,home_improvement,0.0947,0.0804,High
45,151053.23,4.4,8266.71,719,11804.69,9,0,education,0.0781,0.0547,Low
62,87014.12,1.1,18227.11,648,7536.23,12,0,debt_consolidation,0.0866,0.2095,Medium
51,40226.32,8.2,9960.8,692,11252.58,10,0,debt_consolidation,0.2797,0.2476,Low
23,39881.2,1.8,12262.61,811,1556.53,5,0,home_improvement,0.039,0.3075,Low
60,38795.25,1.9,8552.04,724,973.62,6,0,education,0.0251,0.2204,Low
44,132298.87,10.2,46368.43,751,2226.44,9,0,business,0.0168,0.3505,Low
52,46269.08,4.1,16446.58,618,6458.21,5,0,debt_consolidation,0.1396,0.3554,Low
42,92467.86,10.9,13789.49,643,10842.56,2,0,medical,0.1173,0.1491,Low
43,88940.02,2.7,5016.85,564,2109.23,9,0,business,0.0237,0.0564,Medium
22,53893.97,2.1,8141.18,601,6662.18,1,0,debt_consolidation,0.1236,0.1511,Low
47,23722.51,3.5,12880.02,666,10791.96,12,1,debt_consolidation,0.4549,0.5429,Medium
62,46772.03,0.3,12889.27,594,3453.58,1,1,other,0.0738,0.2756,Medium
22,52758.66,0.8,36189.88,669,3226.29,2,0,education,0.0612,0.6859,Low
46,92870.44,1.2,14389.68,614,8965.31,14,0,home_improvement,0.0965,0.1549,Low
37,49500.05,8.5,24908.87,662,2611.19,5,0,debt_consolidation,0.0528,0.5032,Low
60,26787.68,6.6,14877.12,704,2639.4,0,1,home_improvement,0.0985,0.5554,Low
53,80334.54,1.1,22395.24,697,3839.1,2,0,debt_consolidation,0.0478,0.2788,High
29,43749.23,1.6,4910.92,683,4137.78,11,0,debt_consolidation,0.0946,0.1122,Medium
63,13730.5,14.4,6286.13,756,3576.95,13,0,education,0.2605,0.4578,Low
59,57669.99,0.4,23255.21,502,485.19,1,0,medical,0.0084,0.4032,Medium
49,62968.23,4.0,32791.49,648,5399.62,10,0,debt_consolidation,0.0858,0.5208,Low
62,32161.68,3.7,4798.82,712,16245.85,12,0,business,0.5051,0.1492,Medium
46,44532.61,6.5,13457.86,486,4191.05,3,1,business,0.0941,0.3022,Medium
55,68108.58,1.5,5433.08,788,2179.66,0,0,home_improvement,0.032,0.0798,Low
45,57866.41,13.6,8968.72,626,8720.87,10,0,education,0.1507,0.155,Low
44,22441.6,2.6,4270.53,596,3611.59,14,0,home_improvement,0.1609,0.1903,Medium
33,91745.63,1.7,12443.28,711,2828.93,2,0,debt_consolidation,0.0308,0.1356,Low
27,115054.97,2.1,11959.81,588,10640.72,10,0,business,0.0925,0.1039,Low
56,37983.54,2.1,11873.16,758,3329.88,3,0,business,0.0877,0.3126,Medium
40,18865.01,1.1,11208.27,652,5976.13,4,0,other,0.3168,0.5941,Medium
21,72081.77,13.2,19554.22,763,11597.55,14,0,debt_consolidation,0.1609,0.2713,Low
28,35012.27,1.0,37371.98,749,5428.95,3,0,business,0.1551,1.0674,High
36,64069.54,10.7,6468.76,660,3541.26,12,0,business,0.0553,0.101,Low
34,147426.53,2.6,8068.28,596,7170.97,4,0,home_improvement,0.0486,0.0547,Medium
32,22625.8,1.6,14438.26,789,742.82,0,1,education,0.0328,0.6381,Medium
43,32915.19,1.1,11375.09,529,9110.47,7,0,home_improvement,0.2768,0.3456,High
35,44478.46,3.5,11048.25,623,2647.61,1,0,education,0.0595,0.2484,Low
48,93511.45,5.5,6078.67,719,5370.04,5,0,home_improvement,0.0574,0.065,Low
54,290049.99,11.4,10163.53,533,5094.27,1,0,education,0.0176,0.035,Low
22,55466.95,5.3,10224.77,552,6450.11,10,0,other,0.1163,0.1843,High
52,21674.43,3.3,15234.0,635,6342.0,1,0,education,0.2926,0.7028,High
43,41243.11,0.2,7750.58,672,2484.32,13,0,education,0.0602,0.1879,Low
42,33275.22,12.4,22820.56,499,3123.69,7,0,debt_consolidation,0.0939,0.6858,Medium
45,70318.68,11.6,6255.26,741,2604.97,2,0,medical,0.037,0.089,Low
42,59186.12,2.4,33945.43,638,3581.01,11,0,medical,0.0605,0.5735,High
42,29117.46,0.1,8179.32,707,1313.6,7,0,debt_consolidation,0.0451,0.2809,Medium
62,32314.05,6.6,31741.13,590,576.44,1,0,business,0.0178,0.9822,Medium
26,40944.44,7.8,8519.0,619,7067.37,0,0,medical,0.1726,0.2081,Medium
35,43491.5,3.9,21990.0,674,16177.38,0,0,business,0.372,0.5056,Medium
63,47997.56,2.6,10733.13,663,2032.32,6,0,medical,0.0423,0.2236,Low
57,50233.46,9.5,14021.58,704,8500.1,7,0,education,0.1692,0.2791,Medium
53,90891.82,1.1,19170.0,708,1671.15,14,0,home_improvement,0.0184,0.2109,Low
28,40210.94,2.9,10936.52,557,4772.35,0,0,other,0.1187,0.272,Medium
64,37354.8,0.1,4264.17,665,7908.84,11,0,other,0.2117,0.1142,Low
64,25099.75,0.9,9121.71,637,20210.37,2,0,debt_consolidation,0.8052,0.3634,Medium
25,43829.85,14.1,9864.4,682,5267.75,11,0,debt_consolidation,0.1202,0.2251,Medium
59,55720.21,4.3,37688.74,624,1935.93,3,0,business,0.0347,0.6764,Medium
24,20701.3,8.2,12986.59,654,5010.79,14,0,business,0.242,0.6273,Medium
26,41306.94,3.3,14799.75,806,5739.08,14,0,medical,0.1389,0.3583,Low
52,87565.91,9.0,12464.36,556,34768.77,11,0,debt_consolidation,0.3971,0.1423,Low
50,67788.85,3.9,15225.9,614,30078.07,7,0,home_improvement,0.4437,0.2246,Medium
55,59084.07,0.0,6357.14,463,8647.15,6,0,other,0.1464,0.1076,Medium
60,66876.72,11.5,8846.44,607,3081.9,4,0,medical,0.0461,0.1323,Low
36,36796.13,0.8,19880.98,561,5580.77,11,0,other,0.1517,0.5403,High
33,34425.06,3.0,11685.17,806,1908.29,6,0,debt_consolidation,0.0554,0.3394,Low
62,92591.66,3.2,12571.9,624,2475.19,1,0,debt_consolidation,0.0267,0.1358,Low
50,74185.18,0.2,13198.85,618,12324.2,6,0,home_improvement,0.1661,0.1779,Medium
39,33754.31,0.3,20188.23,702,9925.64,10,0,medical,0.294,0.5981,Medium
37,19161.11,7.2,9095.19,564,7621.76,0,0,home_improvement,0.3978,0.4746,Medium
39,34106.46,1.8,14185.2,712,3323.6,5,0,debt_consolidation,0.0974,0.4159,Low
48,64329.08,2.6,3670.39,709,1239.29,7,0,business,0.0193,0.0571,Low
46,35272.89,4.2,5079.13,775,4505.32,6,0,medical,0.1277,0.144,Low
57,57816.76,2.3,11508.02,694,2112.02,14,0,debt_consolidation,0.0365,0.199,Low
46,99696.44,7.5,6883.28,503,2403.68,4,0,home_improvement,0.0241,0.069,High
43,46792.89,10.8,24099.87,741,8079.14,10,0,other,0.1727,0.515,Medium
29,55104.14,0.3,7038.4,850,33455.87,2,0,debt_consolidation,0.6071,0.1277,Low
32,69040.73,5.0,12373.74,648,4523.96,11,0,home_improvement,0.0655,0.1792,Medium
21,28537.03,1.9,21621.79,650,5771.15,6,0,debt_consolidation,0.2022,0.7576,Medium
21,33305.42,4.4,17961.09,611,2144.58,8,0,debt_consolidation,0.0644,0.5393,High
54,70479.74,3.3,9635.02,519,2511.63,10,0,education,0.0356,0.1367,High
52,49935.32,2.0,10573.07,679,4488.45,9,1,debt_consolidation,0.0899,0.2117,Medium
45,52097.87,0.5,17761.92,606,639.15,6,0,other,0.0123,0.3409,Low
60,49843.48,4.1,21679.69,677,2143.96,0,1,other,0.043,0.4349,Medium
21,79949.22,0.6,32799.26,679,7772.93,9,0,business,0.0972,0.4102,Medium
36,60952.88,0.8,21657.8,802,18918.25,12,1,business,0.3104,0.3553,High
59,61353.66,20.1,20155.42,618,6854.06,14,0,other,0.1117,0.3285,Low
25,90318.63,1.9,16408.66,551,2772.05,10,0,business,0.0307,0.1817,Low
42,109456.99,4.4,14364.5,673,1815.04,12,0,debt_consolidation,0.0166,0.1312,Low
49,150511.66,1.6,10694.17,642,4032.72,6,0,home_improvement,0.0268,0.0711,Low
23,36698.57,10.0,18017.03,800,4230.36,9,0,home_improvement,0.1153,0.4909,Low
32,168502.14,1.7,11592.68,717,2593.26,12,0,education,0.0154,0.0688,Low
46,28328.21,2.3,20290.14,639,9229.39,14,0,home_improvement,0.3258,0.7162,High
36,129007.23,4.7,20607.56,732,1698.8,1,0,other,0.0132,0.1597,Low
57,35704.07,10.2,17714.45,739,2814.17,14,0,business,0.0788,0.4961,Low
42,47359.85,8.5,9197.04,575,3669.33,6,0,business,0.0775,0.1942,High
49,49478.23,1.5,12670.47,686,28409.4,11,0,education,0.5742,0.2561,Medium
34,31777.53,8.8,25599.1,828,10099.01,11,0,debt_consolidation,0.3178,0.8055,Low
48,51193.06,6.0,4797.51,531,7061.08,4,0,business,0.1379,0.0937,Low
25,32608.59,22.9,14973.64,590,9183.61,5,0,debt_consolidation,0.2816,0.4592,High
50,26437.22,13.7,21041.11,634,5896.19,5,0,home_improvement,0.223,0.7959,Medium
25,48080.8,3.8,17340.04,691,6086.06,9,0,debt_consolidation,0.1266,0.3606,High
32,108546.99,6.9,46240.75,676,4161.19,2,0,education,0.0383,0.426,Medium
36,43173.84,4.2,5079.07,667,12974.73,14,1,home_improvement,0.3005,0.1176,High
46,78473.04,4.5,6567.0,634,5530.45,8,0,home_improvement,0.0705,0.0837,Low
46,32117.84,0.5,14904.11,675,3386.26,12,0,debt_consolidation,0.1054,0.464,Medium
41,25803.41,0.0,23369.27,763,10650.55,2,0,debt_consolidation,0.4127,0.9056,Medium
59,61508.46,0.2,13827.56,787,4189.94,14,0,debt_consolidation,0.0681,0.2248,Low
56,117925.25,17.0,29460.25,737,4793.02,1,0,education,0.0406,0.2498,Low
53,54419.47,0.7,9448.9,747,4173.39,14,0,education,0.0767,0.1736,Medium
50,74111.33,0.2,11342.16,657,17682.34,1,0,other,0.2386,0.153,High
57,103524.36,1.9,21112.29,850,4467.78,12,0,education,0.0432,0.2039,Low
43,48133.56,4.4,10804.89,535,5951.56,6,0,business,0.1236,0.2245,Medium
30,45431.84,14.8,23438.38,670,601.67,10,0,education,0.0132,0.5159,Medium
25,62071.62,6.0,20269.16,711,4479.01,13,0,home_improvement,0.0722,0.3265,Low
56,67846.94,1.6,10406.64,656,5659.54,12,0,other,0.0834,0.1534,Low
54,24355.49,14.0,15990.25,739,15620.47,11,0,business,0.6413,0.6565,Medium
51,56832.45,0.2,10028.55,637,8306.27,6,0,debt_consolidation,0.1462,0.1765,Low
30,49004.1,19.3,7821.61,753,4688.55,1,0,home_improvement,0.0957,0.1596,Low
39,33032.28,0.3,10564.03,660,4210.48,14,0,debt_consolidation,0.1275,0.3198,Low
52,47339.24,7.0,11996.12,620,741.43,3,0,debt_consolidation,0.0157,0.2534,Medium
21,27373.69,0.2,14285.93,610,2925.51,4,0,business,0.1069,0.5219,Medium
25,23029.61,13.4,12516.4,673,5234.13,1,0,home_improvement,0.2273,0.5435,Low
24,50686.97,0.6,4661.05,603,937.17,7,0,home_improvement,0.0185,0.092,Medium
36,76959.8,0.3,24209.78,422,6422.51,5,0,home_improvement,0.0835,0.3146,Medium
44,41206.64,11.0,4810.91,500,13847.15,13,0,debt_consolidation,0.336,0.1167,High
36,30322.2,0.5,14962.48,611,14524.52,4,0,debt_consolidation,0.479,0.4934,Medium
22,32772.68,8.0,8564.79,623,2696.45,7,0,home_improvement,0.0823,0.2613,High
48,64503.34,6.9,14583.26,750,17287.86,5,0,debt_consolidation,0.268,0.2261,Low
52,112836.21,4.6,11678.58,678,4380.45,8,0,home_improvement,0.0388,0.1035,Low
47,72058.11,2.4,16459.12,661,2327.25,10,0,debt_consolidation,0.0323,0.2284,Low
40,93938.53,12.4,18256.41,591,3507.58,6,0,education,0.0373,0.1943,Medium
44,29032.99,10.2,24903.0,850,5100.27,7,0,debt_consolidation,0.1757,0.8577,Low
32,47241.83,2.8,21245.19,651,833.22,9,0,education,0.0176,0.4497,Low
55,81580.49,1.3,13695.63,725,11322.14,6,0,business,0.1388,0.1679,Medium
53,24353.02,1.6,23527.42,652,1062.67,6,0,debt_consolidation,0.0436,0.9661,Medium
53,35270.89,1.2,9844.91,697,4155.73,14,0,medical,0.1178,0.2791,High
63,78512.22,3.9,36627.1,536,11274.21,7,0,business,0.1436,0.4665,High
57,55782.36,10.1,9352.23,681,4831.48,5,0,education,0.0866,0.1677,Low
32,30255.84,7.4,10078.25,658,7428.83,9,0,business,0.2455,0.3331,High
23,21689.62,7.9,4490.97,659,13694.62,3,1,debt_consolidation,0.6314,0.207,High
21,95669.76,3.0,8949.49,738,9481.55,8,0,home_improvement,0.0991,0.0935,Low
53,17558.75,1.9,11381.75,523,6065.42,7,0,other,0.3454,0.6482,Medium
60,67251.7,7.1,11345.9,612,44971.47,3,0,medical,0.6687,0.1687,Medium
30,37551.84,7.9,36670.98,485,1568.12,2,0,medical,0.0418,0.9765,Medium
63,82746.27,5.9,18977.28,629,6815.34,12,0,debt_consolidation,0.0824,0.2293,Low
64,29112.59,0.2,23468.29,738,7803.21,8,0,education,0.268,0.8061,Medium
49,181207.75,4.5,13360.69,729,1181.87,11,0,home_improvement,0.0065,0.0737,Low
33,59943.0,2.1,8772.25,632,3011.29,14,1,home_improvement,0.0502,0.1463,Medium
32,65090.55,1.1,49381.8,667,2125.92,4,0,home_improvement,0.0327,0.7587,Low
51,33305.45,5.9,12574.75,621,5112.07,13,0,debt_consolidation,0.1535,0.3775,Low
22,45858.22,1.6,19666.76,654,3607.13,14,0,debt_consolidation,0.0787,0.4289,High
55,46456.68,12.2,7566.45,739,23622.54,10,0,education,0.5085,0.1629,Low
43,120334.92,1.8,6618.55,787,11945.63,10,0,business,0.0993,0.055,Low
37,59891.41,4.1,32777.35,708,6270.91,7,0,medical,0.1047,0.5473,Medium
46,64338.59,8.8,17318.01,645,4744.74,13,0,education,0.0737,0.2692,Medium
28,63979.91,2.6,11690.46,790,823.66,8,0,home_improvement,0.0129,0.1827,Low
49,67124.57,8.8,11930.11,697,1237.51,5,1,debt_consolidation,0.0184,0.1777,Medium
46,24471.72,6.4,7179.14,629,6970.16,8,0,debt_consolidation,0.2848,0.2934,Low
30,136575.66,12.7,9541.1,639,5794.21,13,0,business,0.0424,0.0699,Low
46,31610.85,2.0,17247.63,616,1195.72,9,0,medical,0.0378,0.5456,High
54,48088.48,0.6,13730.71,709,8058.77,2,0,home_improvement,0.1676,0.2855,Medium
61,105423.56,2.8,20987.61,675,3524.65,5,0,business,0.0334,0.1991,Low
27,128967.1,7.7,2580.02,667,2023.35,9,0,business,0.0157,0.02,Low
24,73348.48,3.0,14832.56,604,5933.35,12,0,debt_consolidation,0.0809,0.2022,Low
31,38087.93,1.5,21330.64,808,7747.46,8,0,home_improvement,0.2034,0.56,Medium
49,52253.77,0.1,3555.7,639,2869.68,1,1,education,0.0549,0.068,Medium
56,53288.92,1.9,7183.89,742,8174.1,2,0,debt_consolidation,0.1534,0.1348,Low
45,54241.16,6.2,5610.38,570,2660.92,6,0,business,0.0491,0.1034,Low
41,26501.95,0.8,29083.23,693,3205.8,4,0,medical,0.121,1.0974,Medium
56,92047.02,2.1,13950.3,600,667.55,8,0,other,0.0073,0.1516,Medium
30,52433.16,0.1,14540.33,694,6432.95,10,0,medical,0.1227,0.2773,Low
57,34162.73,6.4,26388.41,586,1310.01,11,0,debt_consolidation,0.0383,0.7724,Medium
29,38208.12,10.6,12500.41,556,2225.82,12,1,medical,0.0583,0.3272,High
44,56101.9,4.2,9046.09,573,3261.68,12,0,debt_consolidation,0.0581,0.1612,Medium
55,24307.66,0.1,14805.05,524,11855.01,11,0,home_improvement,0.4877,0.609,Medium
55,76055.42,1.2,17294.34,592,3147.13,0,0,home_improvement,0.0414,0.2274,High
56,55125.36,2.9,6778.38,715,12538.75,14,0,debt_consolidation,0.2275,0.123,Low
38,107242.17,4.4,34195.48,589,1468.26,7,0,medical,0.0137,0.3189,High
59,50959.77,3.4,4290.05,598,7260.39,10,0,education,0.1425,0.0842,Low
52,28491.64,12.4,16250.4,676,9691.99,5,0,education,0.3402,0.5703,Medium
44,26932.75,14.0,36469.21,497,4600.85,12,0,other,0.1708,1.354,High
43,40321.79,0.6,14366.04,704,11578.09,1,1,education,0.2871,0.3563,Medium
52,42512.25,0.7,3893.57,645,3761.21,13,0,home_improvement,0.0885,0.0916,Low
57,36914.85,2.2,32596.47,684,5194.68,5,0,debt_consolidation,0.1407,0.883,Low
32,52273.26,2.7,10009.32,642,542.24,0,0,medical,0.0104,0.1915,Low
33,36449.32,4.4,21344.03,628,3280.19,6,0,education,0.09,0.5856,Low
43,55664.78,7.4,17177.49,723,1991.13,8,1,business,0.0358,0.3086,Low
45,37785.31,0.7,13230.34,648,10361.81,2,0,education,0.2742,0.3501,Medium
55,67228.45,8.1,3884.08,699,9517.88,3,0,education,0.1416,0.0578,Low
61,41980.08,4.7,17054.55,730,12622.42,12,0,education,0.3007,0.4062,Medium
50,91409.38,19.8,20803.17,555,750.24,14,0,home_improvement,0.0082,0.2276,Low
37,67924.18,5.3,5112.34,594,5691.89,5,0,business,0.0838,0.0753,High
40,54002.88,6.3,36488.41,584,6415.84,4,0,medical,0.1188,0.6757,Medium
45,44185.92,1.1,10596.67,622,1092.74,14,0,other,0.0247,0.2398,Low
42,22936.74,7.3,39729.18,663,1537.22,1,0,business,0.067,1.732,High
33,99386.81,0.4,19934.62,579,27487.47,7,0,education,0.2766,0.2006,Medium
39,34878.0,5.3,13550.84,585,8986.91,9,0,business,0.2577,0.3885,Medium
56,51295.9,0.3,14226.41,622,3695.82,9,0,home_improvement,0.072,0.2773,Low
32,58215.22,0.6,24122.48,722,11836.51,9,0,education,0.2033,0.4144,High
61,44723.05,0.6,33416.05,608,1865.15,10,0,debt_consolidation,0.0417,0.7472,Low
39,96500.22,0.3,7456.79,658,6068.39,10,0,home_improvement,0.0629,0.0773,Low
32,26617.24,1.9,9328.76,626,8788.99,7,0,business,0.3302,0.3505,Medium
29,116653.98,25.9,36127.78,641,1582.29,13,0,education,0.0136,0.3097,Low
27,68581.55,2.1,7869.12,597,2323.12,1,0,medical,0.0339,0.1147,High
48,43338.2,7.2,13538.4,455,4785.0,1,0,debt_consolidation,0.1104,0.3124,Medium
34,43581.37,0.7,8845.17,599,12601.64,9,0,home_improvement,0.2891,0.203,High
51,16180.94,3.0,20817.07,668,18355.31,13,0,debt_consolidation,1.1343,1.2864,High
39,32076.65,1.0,3046.62,655,17633.53,12,0,business,0.5497,0.095,Medium
36,41070.61,1.1,20760.32,706,9015.79,6,0,debt_consolidation,0.2195,0.5055,Medium
25,53532.94,0.5,26801.54,532,5154.1,2,0,debt_consolidation,0.0963,0.5006,High
55,92022.71,2.8,19820.68,680,47569.96,8,0,debt_consolidation,0.5169,0.2154,Low
32,135777.5,0.4,8112.27,606,5979.9,10,0,business,0.044,0.0597,Low
45,56169.75,12.0,1594.01,589,7853.05,5,0,medical,0.1398,0.0284,Low
41,54328.52,3.0,8897.37,692,12724.17,2,0,debt_consolidation,0.2342,0.1638,Low
56,38362.06,9.1,19753.12,713,2361.87,5,0,education,0.0616,0.5149,Medium
43,20794.63,19.4,13164.28,742,11136.06,7,0,other,0.5355,0.633,Low
36,36210.58,5.7,22635.73,694,2477.22,6,0,home_improvement,0.0684,0.6251,Low
59,44234.02,11.6,11699.05,642,10693.85,12,0,business,0.2418,0.2645,Low
62,79833.4,0.7,11349.16,532,11599.86,6,0,education,0.1453,0.1422,High
59,63561.12,8.9,34895.47,749,8313.06,13,0,education,0.1308,0.549,Low
34,54763.14,1.6,8828.28,668,5911.19,4,0,debt_consolidation,0.1079,0.1612,Low
51,36665.81,3.2,19691.34,576,15972.68,9,0,medical,0.4356,0.537,High
25,18195.72,5.2,21385.21,667,1498.23,3,0,debt_consolidation,0.0823,1.1752,High
55,18753.24,11.7,55427.61,533,3293.18,10,0,business,0.1756,2.9555,High
43,21335.59,12.1,36077.29,758,2477.39,11,0,business,0.1161,1.6909,Medium
49,42361.56,0.5,18572.11,618,4282.08,7,0,medical,0.1011,0.4384,Medium
63,80581.33,2.3,20452.23,562,4398.22,8,0,debt_consolidation,0.0546,0.2538,Medium
31,79501.63,7.9,28484.85,753,4267.83,1,0,business,0.0537,0.3583,Low
38,72901.02,6.1,9091.04,544,37391.09,10,1,medical,0.5129,0.1247,High
32,37890.37,0.1,38440.31,648,3250.58,4,0,business,0.0858,1.0145,Medium
29,86866.83,3.0,13111.99,661,4403.14,6,1,medical,0.0507,0.1509,Medium
30,30775.21,8.8,20111.43,545,23149.5,4,0,medical,0.7522,0.6535,High
64,75109.08,6.7,16595.53,618,9860.94,7,0,debt_consolidation,0.1313,0.2209,Low
37,21220.26,2.7,8482.75,499,6746.57,14,0,medical,0.3179,0.3997,High
58,27212.83,6.6,10629.71,615,16057.09,7,0,education,0.59,0.3906,Medium
27,112005.98,4.0,8279.77,501,2227.34,11,0,medical,0.0199,0.0739,High
33,44270.89,12.2,15238.31,721,13025.04,4,0,debt_consolidation,0.2942,0.3442,Low
60,34874.64,4.4,5328.75,600,15241.69,7,0,home_improvement,0.437,0.1528,Medium
62,85082.73,2.6,7380.7,553,17711.67,11,0,business,0.2082,0.0867,Medium
29,90100.93,9.9,10239.16,667,7889.58,1,0,education,0.0876,0.1136,Low
47,39472.5,0.3,12153.35,510,3557.54,14,0,other,0.0901,0.3079,Medium
22,56344.04,11.5,32000.42,591,12763.49,14,0,debt_consolidation,0.2265,0.5679,Medium
25,52493.98,6.0,24269.58,708,1828.27,11,0,business,0.0348,0.4623,Medium
49,11925.68,14.1,12451.77,538,9032.1,10,0,business,0.7573,1.044,High
57,24393.45,1.4,39681.6,627,7263.69,4,0,other,0.2978,1.6267,High
58,78521.46,5.9,16339.91,583,6392.65,4,1,debt_consolidation,0.0814,0.2081,Medium
39,32328.29,8.3,20019.74,483,4703.91,10,0,debt_consolidation,0.1455,0.6192,High
28,63890.05,6.1,4295.55,557,17799.55,8,0,home_improvement,0.2786,0.0672,High
21,55911.21,1.2,7592.76,594,7816.38,9,0,education,0.1398,0.1358,High
42,90013.63,1.6,25049.0,669,10272.69,11,0,other,0.1141,0.2783,Low
37,24787.74,4.2,19788.53,760,5368.51,14,1,business,0.2166,0.7983,Medium
27,59700.93,3.0,39227.49,648,12579.04,1,0,education,0.2107,0.6571,Medium
45,47443.4,6.6,37440.2,658,3764.97,14,0,debt_consolidation,0.0794,0.7891,High
24,33028.06,2.4,9716.48,710,1965.96,14,0,education,0.0595,0.2942,Low
56,32912.3,9.8,26653.34,684,3298.67,2,0,debt_consolidation,0.1002,0.8098,Low
26,54925.91,2.8,7409.05,596,3050.34,9,0,home_improvement,0.0555,0.1349,Low
51,67160.13,0.2,5152.16,604,802.51,8,0,debt_consolidation,0.0119,0.0767,Low
39,50604.62,0.1,16178.61,695,4977.66,5,0,home_improvement,0.0984,0.3197,Medium
64,51398.13,5.2,21146.53,689,1666.99,5,0,education,0.0324,0.4114,Medium
59,38206.19,3.9,16331.37,666,3937.8,9,0,debt_consolidation,0.1031,0.4274,Medium
47,39494.12,3.9,23711.13,600,5095.9,3,0,home_improvement,0.129,0.6004,High
30,32983.57,7.8,9424.13,780,2891.26,2,0,debt_consolidation,0.0877,0.2857,Low
46,37824.0,2.4,24619.35,586,5600.96,7,1,business,0.1481,0.6509,High
39,65995.23,27.0,9779.63,641,4274.43,0,0,education,0.0648,0.1482,Low
59,69786.99,14.6,56010.52,763,2196.69,8,0,debt_consolidation,0.0315,0.8026,Low
23,25901.66,0.1,22328.77,660,2772.83,0,0,business,0.107,0.862,Medium
33,31312.78,11.3,34420.17,645,8422.32,12,1,education,0.269,1.0992,High
48,34365.24,5.7,6331.72,673,7118.2,1,1,other,0.2071,0.1842,High
40,47476.09,3.5,10379.41,599,36041.21,3,0,debt_consolidation,0.7591,0.2186,Low
48,21129.46,4.4,12690.06,643,2801.67,4,0,debt_consolidation,0.1326,0.6006,Low
28,31588.44,9.2,6654.16,709,4140.52,3,0,debt_consolidation,0.1311,0.2106,Low
61,24519.14,15.1,35199.17,725,2775.1,11,0,business,0.1132,1.4355,Medium
59,59888.58,4.1,13822.41,778,2115.28,11,0,business,0.0353,0.2308,Low
21,48298.83,1.0,5400.52,591,2741.11,11,0,home_improvement,0.0568,0.1118,Medium
23,38899.09,5.1,9916.86,755,2468.89,9,0,home_improvement,0.0635,0.2549,Low
33,28806.64,0.4,6809.12,698,5659.49,9,0,business,0.1965,0.2364,Medium
48,39200.77,5.0,20891.68,737,2989.54,7,0,debt_consolidation,0.0763,0.5329,Low
45,36962.31,8.3,19229.65,543,3301.88,11,0,other,0.0893,0.5202,High
53,111005.31,2.2,19703.69,590,2972.51,11,0,education,0.0268,0.1775,Low
58,80701.29,0.4,24062.17,668,2935.67,8,0,business,0.0364,0.2982,Low
26,34705.24,5.9,49927.4,706,4132.42,4,0,education,0.1191,1.4386,Medium
64,53241.72,2.1,39684.67,616,31552.46,1,0,debt_consolidation,0.5926,0.7454,High
52,78598.22,1.4,10211.42,620,6857.29,0,0,education,0.0872,0.1299,Low
41,34699.93,5.8,47937.64,565,8202.02,10,0,debt_consolidation,0.2364,1.3815,Medium
36,24135.63,17.5,11846.98,610,1029.88,8,0,debt_consolidation,0.0427,0.4908,Low
41,19961.7,6.8,14227.78,619,4869.27,4,0,medical,0.2439,0.7127,High
31,92608.25,3.4,13942.25,620,2766.18,2,0,education,0.0299,0.1505,Low
57,44554.52,4.6,19906.85,578,6430.62,3,0,debt_consolidation,0.1443,0.4468,High
56,56707.55,0.8,4358.65,804,10309.18,0,0,other,0.1818,0.0769,Low
55,36786.32,8.4,13560.86,732,5221.26,12,0,other,0.1419,0.3686,Low
39,26005.17,4.6,15950.01,703,4366.84,7,0,business,0.1679,0.6133,Low
40,28548.21,16.9,4861.58,742,4566.67,0,0,debt_consolidation,0.16,0.1703,Low
38,25071.39,19.4,4807.55,696,3912.61,4,0,business,0.1561,0.1917,Low
61,74981.54,2.2,8140.14,829,912.92,0,1,education,0.0122,0.1086,Low
34,103391.76,22.3,8567.07,586,4034.94,7,0,debt_consolidation,0.039,0.0829,Low
35,49942.22,15.7,13708.01,467,2174.06,4,0,home_improvement,0.0435,0.2745,Medium
51,22950.63,5.1,12334.51,579,746.77,11,0,debt_consolidation,0.0325,0.5374,Medium
21,62836.54,2.0,27022.07,500,5815.29,14,0,business,0.0925,0.43,High
23,92271.66,7.0,10636.22,551,1347.6,4,0,home_improvement,0.0146,0.1153,Medium
36,79684.74,1.6,10755.89,601,5319.26,6,0,home_improvement,0.0668,0.135,Low
43,48311.96,5.0,24399.93,639,2728.48,5,0,home_improvement,0.0565,0.505,Medium
31,43597.67,0.1,4265.8,735,1711.23,9,0,debt_consolidation,0.0392,0.0978,Low
32,48118.25,5.0,38721.95,784,8784.83,14,0,business,0.1826,0.8047,Medium
30,90456.51,15.1,5358.76,674,7791.64,8,0,education,0.0861,0.0592,Medium
52,71695.46,1.3,24649.6,552,7349.54,14,0,debt_consolidation,0.1025,0.3438,Medium
36,40421.68,7.5,22170.0,609,3326.36,14,0,education,0.0823,0.5485,Low
28,39916.39,1.7,34171.24,627,2096.71,10,0,debt_consolidation,0.0525,0.856,Medium
58,38528.46,6.2,8702.44,616,3039.54,10,0,education,0.0789,0.2259,Medium
32,28787.13,6.0,13701.26,542,4303.75,7,1,home_improvement,0.1495,0.4759,Medium
44,96367.0,1.0,6694.23,753,1622.92,7,0,business,0.0168,0.0695,Low
48,33060.29,4.5,12877.26,527,6736.57,2,0,home_improvement,0.2038,0.3895,Medium
28,62638.67,9.8,12563.54,608,16172.72,12,0,home_improvement,0.2582,0.2006,High
48,35217.07,2.4,33934.03,661,3661.76,13,0,debt_consolidation,0.104,0.9635,High
56,38614.69,6.2,18444.78,664,4809.81,2,0,education,0.1246,0.4776,Low
46,46307.52,5.6,13090.76,618,21928.74,4,0,home_improvement,0.4735,0.2827,Low
28,64384.05,1.5,12989.57,675,8468.51,7,0,home_improvement,0.1315,0.2017,Medium
48,43061.65,12.5,10142.72,565,6111.26,14,0,education,0.1419,0.2355,High
48,27733.53,4.1,11574.4,642,3081.74,2,0,debt_consolidation,0.1111,0.4173,Medium
57,49490.73,2.2,14034.56,546,11119.16,2,0,home_improvement,0.2247,0.2836,Low
61,33411.79,0.9,42759.19,580,5178.03,7,1,home_improvement,0.155,1.2797,High
56,106076.85,3.2,17001.84,728,6062.29,13,0,education,0.0571,0.1603,Low
47,43046.14,6.5,7178.16,632,595.81,3,0,other,0.0138,0.1668,Low
37,35102.07,4.9,63884.1,635,11335.1,11,0,other,0.3229,1.8199,Medium
29,131583.96,6.5,24851.75,611,5530.23,11,0,home_improvement,0.042,0.1889,Low
53,70929.72,7.8,23937.08,596,2935.04,0,0,debt_consolidation,0.0414,0.3375,Medium
40,31307.5,2.9,11735.81,652,9922.0,4,0,other,0.3169,0.3748,Low
33,33009.25,3.7,21558.22,829,6707.46,14,0,medical,0.2032,0.6531,Low
48,62136.66,21.5,16035.82,537,10494.07,4,0,debt_consolidation,0.1689,0.2581,Low
49,50098.09,17.2,5910.18,572,2748.91,3,0,debt_consolidation,0.0549,0.118,Medium
33,76503.19,2.7,17539.03,574,3204.42,5,1,debt_consolidation,0.0419,0.2293,High
55,35195.09,5.8,6292.01,472,3459.36,3,0,other,0.0983,0.1788,Medium
26,69602.42,1.6,15975.73,640,2485.0,6,0,debt_consolidation,0.0357,0.2295,Medium
38,16008.19,0.8,16895.36,632,3927.21,14,0,home_improvement,0.2453,1.0554,High
25,45377.84,7.3,7728.04,599,8993.17,7,0,medical,0.1982,0.1703,High
45,36004.9,2.9,14336.13,702,2654.98,10,0,business,0.0737,0.3982,Low
22,39045.26,1.0,19085.33,614,6340.85,10,0,business,0.1624,0.4888,High
30,46563.05,7.1,9822.78,636,921.75,10,0,home_improvement,0.0198,0.211,Low
50,86617.04,12.3,17576.13,663,6866.94,0,0,debt_consolidation,0.0793,0.2029,Low
25,27528.58,13.5,28663.6,621,6882.61,11,0,debt_consolidation,0.25,1.0412,High
53,16415.45,4.5,22143.34,786,3347.9,11,0,business,0.2039,1.3489,High
21,29172.25,3.3,11092.85,618,3106.27,13,0,medical,0.1065,0.3802,Medium
38,81733.4,0.8,31949.56,702,10376.66,14,0,business,0.127,0.3909,Low
52,21536.5,7.9,20988.73,644,1996.49,7,1,education,0.0927,0.9745,High
31,36828.46,14.5,12070.68,648,18172.93,13,0,debt_consolidation,0.4934,0.3277,Medium
41,74592.01,11.0,9227.34,720,4577.03,3,0,business,0.0614,0.1237,Medium
46,47609.41,7.0,19365.23,625,3136.78,10,1,home_improvement,0.0659,0.4067,High
45,86193.79,0.0,25622.26,646,1241.52,8,0,home_improvement,0.0144,0.2973,Medium
42,17721.83,2.6,26382.38,670,8261.7,1,0,home_improvement,0.4662,1.4886,High
47,41739.18,2.6,19337.13,603,5243.42,1,0,medical,0.1256,0.4633,Low
33,95663.16,11.2,10888.09,689,8107.94,2,0,medical,0.0848,0.1138,Low
53,27904.94,0.3,18786.15,771,14898.18,10,0,education,0.5339,0.6732,Medium
54,82240.64,3.8,7970.45,582,2679.81,5,0,home_improvement,0.0326,0.0969,Medium
61,43571.34,0.7,15899.1,599,3500.58,3,0,debt_consolidation,0.0803,0.3649,Low
55,60904.64,5.4,39300.12,567,2227.88,4,1,home_improvement,0.0366,0.6453,Low
21,92256.54,7.9,7299.22,795,2710.51,7,0,medical,0.0294,0.0791,Low
41,60774.04,5.1,9584.55,698,11389.14,6,0,debt_consolidation,0.1874,0.1577,High
26,36474.74,7.9,23577.72,547,9356.62,14,0,education,0.2565,0.6464,High
48,64927.81,4.7,7896.43,530,5385.76,7,1,medical,0.0829,0.1216,Medium
37,35210.52,1.1,33551.44,700,7676.79,2,0,home_improvement,0.218,0.9529,Low
25,56200.64,2.4,23996.77,837,20575.91,10,0,debt_consolidation,0.3661,0.427,Low
51,26214.78,15.7,24605.12,645,3608.08,1,0,business,0.1376,0.9386,Low
25,49739.14,1.7,26442.17,532,9603.33,5,0,education,0.1931,0.5316,High
58,88844.82,0.3,6152.12,519,8135.55,2,1,education,0.0916,0.0692,Medium
23,42218.56,2.4,6981.47,621,2654.15,14,0,business,0.0629,0.1654,Medium
43,84697.83,2.3,29497.5,538,4491.34,12,0,business,0.053,0.3483,Medium
57,230202.53,3.2,11112.81,630,2909.43,14,0,debt_consolidation,0.0126,0.0483,Low
57,48316.4,4.1,12792.68,691,16467.62,11,0,debt_consolidation,0.3408,0.2648,Low
30,66642.39,24.4,20429.49,671,1979.65,12,0,medical,0.0297,0.3065,Medium
30,62219.97,7.1,14629.33,685,925.14,0,0,debt_consolidation,0.0149,0.2351,Medium
39,54860.66,0.2,25550.48,670,1401.8,14,0,education,0.0256,0.4657,Low
37,72689.19,6.2,18903.43,708,3144.4,7,0,debt_consolidation,0.0433,0.2601,Low
41,43301.93,8.7,11864.88,630,6130.71,10,1,home_improvement,0.1416,0.274,Low
34,35197.42,11.3,12619.95,658,1499.16,2,1,debt_consolidation,0.0426,0.3585,Low
29,22853.02,2.8,15599.72,754,5990.78,12,0,debt_consolidation,0.2621,0.6826,High
21,41300.12,1.9,16881.46,713,6569.67,5,0,debt_consolidation,0.1591,0.4087,Low
33,76935.07,9.1,21651.69,549,3627.6,8,0,other,0.0472,0.2814,Medium
24,30641.22,7.5,14754.94,586,4288.94,6,0,debt_consolidation,0.14,0.4815,High
21,55455.65,3.8,12698.7,548,7373.65,3,0,home_improvement,0.133,0.229,Medium
60,46094.32,0.6,11991.66,634,6130.42,12,0,business,0.133,0.2601,Medium
52,35941.25,5.3,10308.51,387,5447.26,5,0,medical,0.1516,0.2868,Medium
54,19408.76,0.3,34992.53,697,1009.95,9,0,other,0.052,1.8028,High
48,96899.28,0.5,7911.49,574,3024.27,8,0,business,0.0312,0.0816,Medium
51,63487.31,2.0,6271.21,507,1956.46,11,0,other,0.0308,0.0988,Medium
28,185840.47,2.3,22807.28,822,8011.01,0,0,other,0.0431,0.1227,Low
59,84095.35,3.1,17833.6,592,3375.74,14,0,business,0.0401,0.2121,Low
46,95824.34,2.1,46103.35,512,15700.83,1,0,debt_consolidation,0.1638,0.4811,High
54,20441.51,0.2,12707.44,604,12856.85,0,0,business,0.6289,0.6216,High
23,20263.62,0.9,13129.47,776,14394.79,4,0,home_improvement,0.7103,0.6479,Medium
32,50068.93,0.6,8150.29,382,3648.78,4,0,business,0.0729,0.1628,High
21,27610.25,2.8,14192.11,730,2944.2,0,1,home_improvement,0.1066,0.514,High
64,34869.11,1.2,4720.77,508,3689.6,10,0,education,0.1058,0.1354,Medium
25,173361.12,1.7,4304.17,687,10481.75,14,0,home_improvement,0.0605,0.0248,Medium
50,88870.73,3.2,9642.75,560,12573.49,0,0,business,0.1415,0.1085,Low
50,30704.74,1.3,13902.05,652,3984.9,7,0,home_improvement,0.1298,0.4528,Medium
37,15017.02,1.4,9393.96,610,12172.56,7,0,home_improvement,0.8105,0.6255,High
43,29437.7,9.0,9441.77,675,4066.97,14,0,education,0.1382,0.3207,Low
35,37101.13,4.0,5404.67,696,5758.66,12,0,debt_consolidation,0.1552,0.1457,Low
57,41746.39,9.7,19514.91,690,3438.96,11,0,medical,0.0824,0.4675,Medium
41,25860.63,3.6,8711.53,591,24386.46,0,0,home_improvement,0.943,0.3369,High
34,86243.1,12.0,36160.51,672,21960.8,9,0,other,0.2546,0.4193,Low
22,34346.99,1.5,12816.01,724,9238.8,9,0,business,0.269,0.3731,Low
31,67798.06,4.8,7109.15,631,4052.28,11,0,debt_consolidation,0.0598,0.1049,Low
59,50359.56,3.5,3349.53,663,1247.89,11,0,business,0.0248,0.0665,Low
58,78373.3,12.5,6393.98,559,5177.32,11,0,business,0.0661,0.0816,Low
54,43522.78,2.7,12861.12,673,7808.72,6,0,education,0.1794,0.2955,Medium
58,30868.97,9.6,3210.59,599,1582.07,3,0,debt_consolidation,0.0512,0.104,Medium
54,36341.16,4.1,8303.86,633,19940.06,0,0,home_improvement,0.5487,0.2285,Medium
38,36598.31,6.2,9708.22,649,15238.43,3,0,home_improvement,0.4164,0.2653,Medium
50,137623.27,10.9,8568.81,666,2379.43,11,1,other,0.0173,0.0623,Low
35,50932.3,28.9,9407.82,617,5522.23,7,0,debt_consolidation,0.1084,0.1847,Low
47,49134.48,6.6,10104.87,782,5881.78,10,0,debt_consolidation,0.1197,0.2057,Low
54,76192.12,1.9,8340.84,573,4758.26,1,0,home_improvement,0.0624,0.1095,Low
58,49019.09,1.8,32272.2,522,6046.89,14,0,other,0.1234,0.6583,High
53,85891.33,1.8,9227.6,548,2971.35,8,0,business,0.0346,0.1074,High
44,40699.09,0.5,2760.34,568,4462.8,6,0,business,0.1097,0.0678,Medium
35,38683.95,0.3,5005.24,650,5580.71,4,0,medical,0.1443,0.1294,Low
50,30027.33,4.3,19171.0,794,2989.37,13,0,debt_consolidation,0.0996,0.6384,High
62,123626.93,8.3,17505.39,680,8797.94,7,0,home_improvement,0.0712,0.1416,Low
37,47338.9,0.2,9749.01,629,5003.34,13,0,debt_consolidation,0.1057,0.2059,Low
25,27254.63,4.2,5728.51,594,3304.58,10,0,home_improvement,0.1212,0.2102,Medium
49,54090.49,2.3,20473.48,743,2384.53,10,0,debt_consolidation,0.0441,0.3785,Low
24,35417.92,11.2,5155.08,562,8129.41,12,1,home_improvement,0.2295,0.1455,High
30,40344.06,0.8,16716.91,522,5297.64,6,0,debt_consolidation,0.1313,0.4143,Medium
37,57261.1,4.1,10327.04,578,2689.74,10,0,business,0.047,0.1803,Medium
30,104871.66,17.7,18029.7,606,3822.11,8,1,home_improvement,0.0364,0.1719,Low
37,51575.02,2.1,9858.47,696,3712.32,9,0,education,0.072,0.1911,Low
40,34354.27,6.8,32085.59,714,9663.05,14,0,home_improvement,0.2813,0.9339,Medium
44,38083.74,10.7,4416.33,691,16763.3,11,0,business,0.4402,0.116,Low
25,68065.35,1.0,18867.23,471,4372.2,10,0,debt_consolidation,0.0642,0.2772,Medium
54,18413.32,24.5,10854.41,650,6608.42,5,0,debt_consolidation,0.3589,0.5895,High
26,29104.81,8.3,8757.66,653,8120.82,8,0,other,0.279,0.3009,Low
22,54520.01,0.7,28370.44,681,1956.76,10,0,medical,0.0359,0.5204,High
33,20882.47,1.9,7254.95,528,5119.35,0,0,business,0.2451,0.3474,High
63,41929.34,4.9,15374.73,615,7044.03,2,0,other,0.168,0.3667,Medium
63,38594.59,10.8,14374.66,613,7453.01,0,0,debt_consolidation,0.1931,0.3724,High
31,76017.91,1.1,6385.57,721,3987.23,3,0,other,0.0525,0.084,Low
43,43254.6,6.6,21923.92,651,1736.38,6,0,debt_consolidation,0.0401,0.5068,Low
36,88729.32,1.6,44919.5,594,7330.75,0,1,business,0.0826,0.5062,Low
51,50992.64,8.2,35306.27,502,5951.04,12,0,business,0.1167,0.6924,Medium
31,119160.38,5.8,16954.41,540,9559.94,14,0,medical,0.0802,0.1423,High
36,24495.76,3.7,11651.55,695,922.21,2,0,business,0.0376,0.4756,Low
28,110036.06,5.2,21802.35,471,5046.53,3,0,debt_consolidation,0.0459,0.1981,High
24,39912.16,10.5,23880.58,492,3784.22,14,0,debt_consolidation,0.0948,0.5983,Medium
60,102434.09,2.4,14109.18,710,3326.14,14,0,education,0.0325,0.1377,Low
24,88664.72,7.3,3184.86,700,1846.04,13,1,medical,0.0208,0.0359,High
45,11778.68,0.9,5251.27,540,2245.6,2,0,home_improvement,0.1906,0.4458,High
23,62291.74,6.0,17602.53,626,5489.46,8,0,medical,0.0881,0.2826,Medium
52,80725.51,6.9,16233.23,765,2720.54,10,0,debt_consolidation,0.0337,0.2011,Low
23,95253.44,2.9,10125.75,652,2257.22,14,0,business,0.0237,0.1063,Medium
47,27219.3,7.9,15752.21,677,4679.4,5,0,home_improvement,0.1719,0.5787,High
49,65852.42,4.1,5549.01,768,2555.93,9,0,medical,0.0388,0.0843,Low
52,54043.08,13.8,11998.48,794,4646.5,5,0,other,0.086,0.222,Low
39,60821.86,0.6,10920.64,650,4518.57,8,0,debt_consolidation,0.0743,0.1795,Low
41,80778.67,0.7,4111.59,763,5713.26,13,0,business,0.0707,0.0509,Low
25,87409.12,9.2,14078.03,719,2320.74,7,0,home_improvement,0.0266,0.1611,Low
38,35317.31,9.2,5349.33,610,9683.54,5,0,home_improvement,0.2742,0.1515,Low
48,55977.76,3.2,22595.63,679,8963.23,7,0,medical,0.1601,0.4036,Low
62,50039.48,16.6,16331.26,505,4744.08,14,0,education,0.0948,0.3264,Low
42,43491.63,5.7,8947.11,695,6373.56,8,0,business,0.1465,0.2057,Low
41,45620.5,20.3,7254.26,606,6949.38,10,0,business,0.1523,0.159,Low
26,54067.77,3.8,5796.09,584,7677.65,11,0,medical,0.142,0.1072,Low
21,36279.54,1.1,10040.94,730,7333.34,12,0,medical,0.2021,0.2768,Low
25,76230.61,2.9,21237.81,566,7093.31,3,0,home_improvement,0.093,0.2786,Low
61,92471.35,19.7,10904.24,678,6150.73,4,0,debt_consolidation,0.0665,0.1179,Low
32,32523.29,2.3,12049.32,723,6634.49,5,0,debt_consolidation,0.204,0.3705,Low
46,94765.9,15.7,6883.23,611,880.22,6,0,home_improvement,0.0093,0.0726,Low
54,32553.93,8.0,9867.04,662,1981.31,9,0,other,0.0609,0.3031,Low
34,76794.9,2.9,11667.01,587,7632.35,4,0,other,0.0994,0.1519,Low
46,94678.23,3.9,14392.56,574,2091.38,11,0,other,0.0221,0.152,Medium
47,46758.19,4.7,12021.22,630,4951.36,4,0,business,0.1059,0.2571,Low
29,32687.6,5.5,17487.67,850,2554.58,12,0,home_improvement,0.0781,0.535,Low
46,36521.58,0.4,19790.77,793,5893.19,9,0,debt_consolidation,0.1614,0.5419,Low
42,58743.07,13.6,33425.62,606,382.89,4,1,education,0.0065,0.569,Medium
50,130918.1,4.5,15244.06,638,6143.36,10,0,medical,0.0469,0.1164,Low
63,21028.49,13.4,17197.08,616,4353.47,6,0,medical,0.207,0.8178,Medium
37,51540.39,5.0,9763.68,544,2261.87,13,0,education,0.0439,0.1894,High
46,46908.96,2.8,33631.39,589,10068.71,9,0,debt_consolidation,0.2146,0.7169,Medium
56,39016.47,4.2,10074.48,610,18889.78,14,0,business,0.4841,0.2582,Medium
21,47080.26,8.8,19172.39,451,882.62,9,0,debt_consolidation,0.0187,0.4072,Medium
28,37380.39,2.0,9939.45,625,2883.06,2,0,medical,0.0771,0.2659,Low
55,91270.03,15.7,12250.64,706,1457.15,14,0,other,0.016,0.1342,Low
35,95917.8,3.1,13520.78,804,1192.5,9,0,other,0.0124,0.141,Low
42,51229.34,15.6,4137.6,691,5301.83,7,0,other,0.1035,0.0808,Low
34,45680.53,10.6,15048.54,577,2074.69,9,0,debt_consolidation,0.0454,0.3294,Low
46,38310.59,7.3,12731.77,570,2073.75,3,1,debt_consolidation,0.0541,0.3323,Low
48,51284.34,3.2,8916.71,643,2668.82,13,0,debt_consolidation,0.052,0.1739,Low
43,123490.01,4.4,7311.77,653,4628.92,14,0,education,0.0375,0.0592,Low
34,46543.05,9.1,9095.92,640,11921.24,3,1,other,0.2561,0.1954,Medium
44,32218.1,3.9,7061.46,743,6353.63,13,0,debt_consolidation,0.1972,0.2192,Low
22,40179.78,6.7,9894.63,684,6231.04,5,0,home_improvement,0.1551,0.2463,Low
46,71448.7,7.8,8940.23,688,2504.24,14,0,debt_consolidation,0.035,0.1251,Low
34,34239.38,3.6,10839.54,676,9925.41,7,0,education,0.2899,0.3166,Low
27,48201.57,3.8,21097.42,595,11537.67,13,1,medical,0.2394,0.4377,Medium
23,62096.29,1.1,7742.91,518,9884.23,8,0,home_improvement,0.1592,0.1247,Medium
43,35563.27,1.4,9413.63,639,2670.85,0,0,education,0.0751,0.2647,Low
63,20288.25,11.8,14328.2,597,9269.57,1,0,home_improvement,0.4569,0.7062,Medium
38,28690.1,9.2,7419.15,701,12960.0,14,0,other,0.4517,0.2586,Low
58,31908.15,0.1,21104.5,603,9490.52,14,0,debt_consolidation,0.2974,0.6614,High
55,43721.11,10.2,7488.09,743,4250.79,9,0,education,0.0972,0.1713,Low
35,50118.72,0.1,14481.68,701,2506.66,5,0,debt_consolidation,0.05,0.2889,Low
45,74002.24,3.1,25265.48,783,5698.33,14,0,education,0.077,0.3414,Low
57,26539.04,0.3,7404.45,776,3263.32,10,0,other,0.123,0.279,Low
48,68812.69,17.3,8268.47,709,457.25,6,0,medical,0.0066,0.1202,Low
30,40722.59,17.9,10193.07,558,2919.96,13,0,debt_consolidation,0.0717,0.2503,High
59,20074.92,4.7,13514.32,615,6045.79,10,0,debt_consolidation,0.3011,0.6732,High
37,49354.63,2.5,12355.47,594,6957.21,9,1,other,0.141,0.2503,Medium
59,94668.23,3.6,13223.06,659,16787.03,4,0,debt_consolidation,0.1773,0.1397,Medium
42,76233.58,7.2,18101.05,686,14635.52,11,0,debt_consolidation,0.192,0.2374,Low
46,47186.58,1.3,11940.03,625,7175.39,4,0,debt_consolidation,0.1521,0.253,High
64,86067.34,2.9,5545.31,698,2562.56,5,0,business,0.0298,0.0644,Low
45,53966.1,6.7,28683.95,597,5349.98,5,0,debt_consolidation,0.0991,0.5315,Low
37,80065.03,2.5,17306.27,466,3480.97,3,0,debt_consolidation,0.0435,0.2161,High
33,21358.37,0.2,6221.17,668,882.44,13,0,business,0.0413,0.2913,Low
40,26243.24,3.5,11961.08,628,41523.22,9,0,home_improvement,1.5822,0.4558,High
45,70581.12,6.7,21401.52,660,2022.31,6,0,medical,0.0287,0.3032,Medium
24,105835.5,18.8,7745.92,712,1113.83,11,0,business,0.0105,0.0732,Low
30,60394.17,0.2,23263.86,632,1089.33,8,0,business,0.018,0.3852,Low
23,38228.31,3.9,7472.36,552,4137.81,13,0,other,0.1082,0.1955,High
61,32040.05,3.0,17289.31,603,10912.04,1,0,debt_consolidation,0.3406,0.5396,Medium
38,41870.74,1.4,2872.83,763,2771.98,7,0,home_improvement,0.0662,0.0686,Low
56,89932.84,5.1,23527.76,685,7494.56,9,0,home_improvement,0.0833,0.2616,Low
42,41304.9,0.9,4307.02,743,6520.27,9,0,education,0.1579,0.1043,Low
54,82774.94,1.7,27301.61,611,3803.35,5,0,home_improvement,0.0459,0.3298,Low
28,67933.64,7.6,6637.92,709,2134.77,2,0,home_improvement,0.0314,0.0977,Medium
60,115492.73,3.1,41362.15,727,9659.35,13,0,home_improvement,0.0836,0.3581,Medium
64,54183.46,25.3,14210.68,527,5569.09,1,0,education,0.1028,0.2623,Medium
39,47820.12,2.4,24589.77,674,4900.71,9,0,education,0.1025,0.5142,Low
62,84866.61,3.1,11946.07,666,13294.16,13,0,home_improvement,0.1566,0.1408,Low
61,30710.77,1.8,5360.31,556,6228.37,9,0,debt_consolidation,0.2028,0.1745,Medium
57,39261.18,1.3,7623.49,557,2647.57,5,0,medical,0.0674,0.1942,High
26,21162.75,12.8,17669.92,813,11127.51,5,1,other,0.5258,0.8349,High
46,26182.27,6.9,76131.48,664,14374.76,4,0,education,0.549,2.9076,Medium
54,128243.48,2.0,31740.06,751,6710.86,3,0,home_improvement,0.0523,0.2475,Low
26,69297.03,6.0,14085.27,709,4157.75,8,1,home_improvement,0.06,0.2033,Medium
57,24702.24,16.9,23548.45,654,19294.04,1,0,business,0.781,0.9533,High
53,89091.08,0.4,15219.71,569,17062.05,3,0,debt_consolidation,0.1915,0.1708,Low
42,34480.57,1.5,11623.44,702,6855.52,0,0,debt_consolidation,0.1988,0.3371,Medium
41,67540.0,1.1,13830.98,651,1670.95,11,0,debt_consolidation,0.0247,0.2048,Medium
26,67037.46,10.2,9497.92,663,2811.74,9,0,other,0.0419,0.1417,Low
26,112701.2,1.0,13933.61,672,31432.82,11,0,education,0.2789,0.1236,Low
24,37463.98,1.8,16572.24,678,2931.48,3,0,business,0.0782,0.4423,Low
50,33856.47,3.9,12832.44,694,12544.31,11,0,medical,0.3705,0.379,Medium
31,12777.98,4.9,10025.49,577,2085.4,7,0,home_improvement,0.1632,0.7845,Medium
50,46125.14,8.3,9704.42,706,2803.5,9,0,business,0.0608,0.2104,Medium
51,70450.45,2.6,11299.88,709,3208.45,2,0,debt_consolidation,0.0455,0.1604,Low
44,75432.0,3.8,14253.47,667,7638.09,2,0,business,0.1013,0.189,Medium
29,91692.85,16.8,9955.31,698,6084.58,11,0,medical,0.0664,0.1086,Low
23,56664.48,1.8,18277.19,765,42236.12,5,0,education,0.7454,0.3225,High
51,63094.61,1.4,5003.48,718,1244.29,13,0,business,0.0197,0.0793,Low
60,50719.22,6.2,15113.57,558,1170.56,14,0,business,0.0231,0.298,Low
57,69823.61,7.4,23901.28,607,3031.59,1,1,business,0.0434,0.3423,Low
56,30726.44,2.7,38548.1,635,6286.61,14,0,business,0.2046,1.2545,Medium
44,24240.2,1.2,12743.26,603,6740.04,13,0,business,0.278,0.5257,Medium
51,32390.84,7.5,19686.79,539,4579.53,3,0,home_improvement,0.1414,0.6078,Medium
26,54546.67,5.6,15110.48,725,2198.6,10,0,business,0.0403,0.277,Low
22,25585.67,10.4,24559.35,587,4397.3,12,0,business,0.1719,0.9598,Medium
40,35716.85,9.3,11525.97,748,2277.67,14,0,home_improvement,0.0638,0.3227,Low
48,36292.01,1.1,17924.81,521,4771.14,13,0,business,0.1315,0.4939,High
31,72468.74,8.9,3628.68,712,10098.58,4,0,medical,0.1393,0.0501,Low
24,68189.63,1.0,24095.27,718,834.55,7,0,other,0.0122,0.3534,Low
35,50779.25,10.0,14358.33,669,11898.85,13,0,business,0.2343,0.2828,Low
26,61422.56,7.4,8766.04,630,1104.18,3,0,medical,0.018,0.1427,Low
50,62031.35,4.2,15695.97,649,1979.63,10,1,debt_consolidation,0.0319,0.253,High
58,40871.58,5.1,31059.94,651,38012.09,13,1,other,0.93,0.7599,High
22,37374.74,0.5,7486.26,687,3071.36,4,0,debt_consolidation,0.0822,0.2003,Medium
35,105698.21,0.2,7776.55,636,10779.56,12,0,other,0.102,0.0736,Low
31,14121.25,2.0,5005.02,647,15118.56,3,1,debt_consolidation,1.0705,0.3544,High
28,33838.29,8.6,7782.97,677,10978.74,11,0,debt_consolidation,0.3244,0.23,Low
46,44272.05,3.1,7504.33,652,1278.83,2,0,medical,0.0289,0.1695,Low
64,64859.31,1.3,11820.66,579,3832.92,5,0,debt_consolidation,0.0591,0.1822,Low
25,86487.33,9.0,13694.77,587,2238.48,8,1,medical,0.0259,0.1583,High
26,124040.8,1.3,5734.18,644,6519.59,5,0,debt_consolidation,0.0526,0.0462,Low
46,46823.7,8.5,16103.7,512,2879.39,6,0,home_improvement,0.0615,0.3439,Medium
24,48418.25,3.0,15495.5,638,12671.26,12,0,debt_consolidation,0.2617,0.32,Low
39,58765.19,3.1,15287.93,664,8046.96,7,0,other,0.1369,0.2601,Low
40,37587.98,1.6,7882.25,643,3121.61,0,0,home_improvement,0.083,0.2097,Medium
53,27116.06,11.5,42278.88,687,4666.65,6,0,home_improvement,0.1721,1.5591,Medium
40,46717.53,0.5,19489.19,666,6731.63,7,0,debt_consolidation,0.1441,0.4172,Low
32,71160.0,0.8,5969.09,718,4520.38,12,0,debt_consolidation,0.0635,0.0839,Low
21,43414.04,5.1,5125.69,663,2385.94,12,0,debt_consolidation,0.055,0.1181,Low
46,60277.71,9.5,8213.31,805,3737.81,12,0,debt_consolidation,0.062,0.1363,Low
34,19256.26,0.5,14082.27,652,3187.96,11,0,debt_consolidation,0.1655,0.7313,Low
58,49473.99,6.6,31759.16,711,976.64,6,0,other,0.0197,0.6419,Low
57,40065.73,6.8,8891.12,635,9509.09,0,0,business,0.2373,0.2219,Low
31,25911.4,4.4,5268.41,653,2869.09,1,0,debt_consolidation,0.1107,0.2033,Medium
56,68091.4,3.3,15869.15,574,3033.18,3,0,debt_consolidation,0.0445,0.2331,High
33,123355.14,1.9,10067.0,642,8786.64,4,0,home_improvement,0.0712,0.0816,Low
63,80416.89,2.2,14250.8,584,5965.21,8,0,debt_consolidation,0.0742,0.1772,High
23,83023.13,5.6,12096.69,742,3722.08,8,0,debt_consolidation,0.0448,0.1457,Low
53,69999.16,0.3,11346.92,665,5500.95,10,0,other,0.0786,0.1621,Medium
26,67726.02,4.4,24695.85,696,3292.52,11,0,other,0.0486,0.3646,Medium
30,19936.03,1.6,19006.7,510,2112.25,1,0,business,0.1059,0.9533,High
25,45982.88,3.1,15183.41,520,3702.7,6,0,medical,0.0805,0.3302,High
43,63217.4,4.1,3665.77,625,3621.52,2,0,home_improvement,0.0573,0.058,Low
30,63940.13,10.8,11467.56,536,2605.51,7,0,debt_consolidation,0.0407,0.1793,Medium
64,92582.28,4.3,22416.61,424,1589.14,8,0,business,0.0172,0.2421,Low
22,29254.87,1.3,7440.25,714,4859.05,10,0,debt_consolidation,0.1661,0.2543,Medium
33,66412.18,0.4,11635.79,676,678.77,12,0,business,0.0102,0.1752,Low
60,28781.25,4.9,12918.99,586,4894.37,3,0,medical,0.17,0.4489,High
22,44097.14,3.9,15286.48,660,3566.91,1,0,education,0.0809,0.3466,Low
40,47525.35,5.6,10435.0,797,4317.9,13,0,debt_consolidation,0.0909,0.2196,Low
21,75454.53,3.1,17135.81,576,5305.44,9,0,medical,0.0703,0.2271,Low
57,71145.1,8.7,16772.89,723,8136.72,8,0,education,0.1144,0.2358,Low
29,52060.68,12.6,7704.52,614,2938.09,10,0,other,0.0564,0.148,Low
37,16713.65,0.2,8312.4,601,3394.21,1,0,business,0.2031,0.4973,High
29,61231.49,6.8,14794.86,550,5243.27,14,0,other,0.0856,0.2416,High
31,42880.04,0.2,32123.97,661,2130.94,1,0,business,0.0497,0.7491,High
35,98312.15,2.9,24342.08,714,2402.19,12,0,business,0.0244,0.2476,Low
44,87268.67,3.1,9497.63,675,6020.44,12,0,debt_consolidation,0.069,0.1088,Low
58,30668.41,6.0,8239.97,633,3770.09,8,0,other,0.1229,0.2687,Low
55,65584.01,2.2,10628.66,598,2110.57,5,1,home_improvement,0.0322,0.1621,High
50,66234.4,8.6,33534.61,788,1449.94,10,0,medical,0.0219,0.5063,Low
51,63869.15,2.1,13227.97,605,4435.24,4,0,home_improvement,0.0694,0.2071,Low
25,59861.6,2.1,14895.76,605,7058.55,10,0,other,0.1179,0.2488,Low
64,67176.4,1.3,8142.13,525,8520.15,14,0,other,0.1268,0.1212,Medium
34,103854.16,5.8,13545.65,790,1601.09,5,0,debt_consolidation,0.0154,0.1304,Low
31,37209.14,0.4,5367.85,514,6709.54,14,0,education,0.1803,0.1443,Medium
29,31166.38,2.3,5813.5,726,2103.02,8,1,debt_consolidation,0.0675,0.1865,Low
54,72501.14,1.6,14010.59,698,19304.08,11,0,debt_consolidation,0.2663,0.1932,Medium
32,19116.73,1.3,15338.32,612,3847.3,0,0,debt_consolidation,0.2012,0.8023,Medium
55,67982.93,0.3,10393.16,668,1823.49,6,1,debt_consolidation,0.0268,0.1529,High
55,62222.35,1.1,16165.61,687,6258.13,7,0,home_improvement,0.1006,0.2598,Low
21,15172.63,3.0,6151.21,831,4599.39,3,0,home_improvement,0.3031,0.4054,Low
60,35661.67,3.5,10841.22,791,8658.78,12,0,home_improvement,0.2428,0.304,Low
42,107795.08,1.6,9101.51,709,5849.97,7,0,debt_consolidation,0.0543,0.0844,Medium
49,23656.94,5.3,12675.64,670,18651.9,9,0,debt_consolidation,0.7884,0.5358,Medium
28,54518.52,2.0,11126.67,703,3611.96,0,0,education,0.0663,0.2041,Low
31,29659.78,2.3,51994.83,669,9801.6,10,0,home_improvement,0.3305,1.753,Medium
61,34390.2,7.6,7540.46,678,2896.14,7,0,debt_consolidation,0.0842,0.2193,Medium
57,127792.02,4.0,13320.78,598,5852.37,14,1,home_improvement,0.0458,0.1042,High
34,52141.8,15.3,71140.21,645,3330.15,2,0,medical,0.0639,1.3643,High
50,63479.69,2.2,19275.45,712,11857.39,14,0,medical,0.1868,0.3036,Medium
55,46340.32,8.8,13047.33,654,10543.83,13,0,home_improvement,0.2275,0.2815,Medium
41,22981.24,6.7,21795.15,689,7393.67,3,0,medical,0.3217,0.9483,High
57,27106.76,11.0,19501.37,609,6467.21,7,1,home_improvement,0.2386,0.7194,Medium
25,88363.58,15.7,6888.92,646,8559.35,7,0,debt_consolidation,0.0969,0.078,Low
39,52915.21,0.0,5273.85,551,10537.56,10,0,home_improvement,0.1991,0.0997,High
34,33351.43,0.5,14157.58,713,5342.69,12,0,other,0.1602,0.4245,Low
46,48483.27,5.6,10020.38,510,7627.57,11,0,debt_consolidation,0.1573,0.2067,High
24,68240.87,2.5,52276.75,688,17012.44,1,0,debt_consolidation,0.2493,0.7661,High
45,61527.8,8.5,26147.05,541,4209.63,8,0,debt_consolidation,0.0684,0.425,Medium
62,33359.75,0.1,26141.27,574,6060.64,3,0,education,0.1817,0.7836,Medium
45,22300.14,8.2,3222.65,571,3573.97,14,0,medical,0.1603,0.1445,Medium
38,39993.68,0.7,9376.89,719,14492.55,5,0,medical,0.3624,0.2345,Low
60,85350.73,1.7,13276.96,553,4041.77,13,0,debt_consolidation,0.0474,0.1556,Medium
28,75146.02,17.4,8594.83,635,7394.01,12,0,education,0.0984,0.1144,Low
59,60186.4,0.3,9181.53,617,26882.53,7,0,business,0.4466,0.1525,Medium
60,45006.39,2.1,11450.53,630,10976.27,3,0,debt_consolidation,0.2439,0.2544,Medium
34,37859.1,0.4,14396.07,710,4034.34,7,0,education,0.1066,0.3802,Low
52,45425.81,9.6,67759.53,640,9502.84,12,0,debt_consolidation,0.2092,1.4916,Low
58,72466.95,6.1,8926.88,639,6967.44,6,0,debt_consolidation,0.0961,0.1232,Low
53,81234.5,8.1,22189.9,577,1424.91,13,0,other,0.0175,0.2732,Medium
43,43006.5,3.7,32150.11,574,1939.86,7,0,business,0.0451,0.7475,Medium
35,174227.23,2.2,7353.38,538,3832.82,11,0,debt_consolidation,0.022,0.0422,Medium
53,51338.79,0.0,44687.48,622,6523.21,3,1,education,0.1271,0.8704,High
45,41213.55,1.6,15387.42,769,3044.39,14,0,debt_consolidation,0.0739,0.3733,Low
37,102522.21,3.6,2989.45,664,5038.33,1,0,home_improvement,0.0491,0.0292,Low
53,17691.72,5.5,27807.99,655,3229.55,3,0,debt_consolidation,0.1825,1.5717,High
22,62318.7,1.3,5061.73,525,2386.27,4,0,education,0.0383,0.0812,Low
34,47268.57,0.7,32039.95,739,3454.47,3,1,debt_consolidation,0.0731,0.6778,High
60,101122.93,1.1,23957.04,778,6285.86,10,0,debt_consolidation,0.0622,0.2369,Low
60,66334.25,2.2,7156.94,583,7329.24,7,0,other,0.1105,0.1079,Medium
59,52551.61,0.8,10571.91,572,3721.96,9,0,debt_consolidation,0.0708,0.2012,Medium
26,68276.23,0.9,20144.76,765,16061.44,4,0,business,0.2352,0.295,Medium
26,28917.69,0.2,9576.16,681,2810.03,8,0,debt_consolidation,0.0972,0.3311,Low
23,79491.86,9.7,37951.44,788,6018.21,6,0,other,0.0757,0.4774,Medium
27,25026.91,1.2,23128.37,744,3533.89,6,0,home_improvement,0.1412,0.9241,High
28,58644.48,8.6,5448.78,496,2513.45,13,0,business,0.0429,0.0929,Medium
62,49901.54,2.9,12025.07,777,2401.8,11,0,debt_consolidation,0.0481,0.241,Low
35,20301.96,5.0,18248.56,660,4562.23,14,0,other,0.2247,0.8988,High
49,50740.06,0.4,8368.59,652,1443.48,4,0,education,0.0284,0.1649,Low
53,56443.38,4.4,25719.52,653,6673.79,2,0,debt_consolidation,0.1182,0.4557,Low
50,35332.62,1.7,19316.29,644,6792.52,7,0,business,0.1922,0.5467,High
59,29548.52,0.5,20556.62,528,8178.88,3,1,medical,0.2768,0.6957,High
47,62698.24,11.9,11058.82,761,18732.52,2,0,education,0.2988,0.1764,Low
56,58756.53,4.6,7249.87,606,6374.67,3,0,other,0.1085,0.1234,Medium
49,54907.74,1.4,27737.58,625,2125.66,11,0,other,0.0387,0.5052,Medium
58,49238.0,2.7,38416.47,696,3510.82,13,0,debt_consolidation,0.0713,0.7802,Low
53,36927.75,2.2,24832.3,790,5005.61,13,0,business,0.1355,0.6724,Low
57,152678.66,6.0,22804.23,643,4084.05,0,0,debt_consolidation,0.0267,0.1494,Medium
47,42227.82,4.7,13869.76,666,2300.25,7,0,debt_consolidation,0.0545,0.3284,Low
53,31807.05,0.1,8733.28,762,2836.15,8,0,debt_consolidation,0.0892,0.2746,Low
24,50373.15,1.1,20847.08,695,6791.97,2,0,other,0.1348,0.4138,High
42,44780.56,3.3,9171.04,688,8327.17,9,0,debt_consolidation,0.186,0.2048,High
22,41741.19,2.9,24371.21,418,3460.39,5,0,education,0.0829,0.5839,High
30,125133.7,3.6,15728.6,626,5936.61,3,0,business,0.0474,0.1257,Medium
25,27864.98,6.3,5507.81,663,1605.5,8,0,education,0.0576,0.1977,Medium
30,49947.04,5.7,13816.17,663,2094.87,1,0,education,0.0419,0.2766,Low
53,28815.35,2.3,6336.79,723,4668.3,2,0,other,0.162,0.2199,Low
58,37402.31,10.5,5800.02,552,1668.27,13,0,medical,0.0446,0.1551,Low
33,116781.27,0.3,3535.74,568,5683.9,12,0,debt_consolidation,0.0487,0.0303,Low
51,56428.1,4.4,5948.55,728,1573.89,13,1,medical,0.0279,0.1054,High
56,56088.46,14.9,6544.75,737,13340.97,13,1,debt_consolidation,0.2379,0.1167,High
44,30646.06,4.0,28649.63,567,13824.85,0,0,education,0.4511,0.9348,High
35,39643.78,3.0,18850.15,672,15162.82,14,0,debt_consolidation,0.3825,0.4755,High
49,121973.7,0.7,44334.04,630,2327.75,11,0,other,0.0191,0.3635,Low
28,62923.89,8.3,11885.29,598,9379.62,6,0,education,0.1491,0.1889,Low
25,41363.02,2.3,6142.75,554,3006.86,8,0,home_improvement,0.0727,0.1485,Medium
49,61102.23,6.0,13289.01,578,1089.66,11,0,medical,0.0178,0.2175,Low
24,56040.61,1.1,10354.16,584,2689.79,13,0,debt_consolidation,0.048,0.1848,Low
32,32217.99,0.2,17220.5,774,10117.84,13,0,business,0.314,0.5345,Medium
22,40765.68,1.8,5685.26,690,6229.79,0,0,debt_consolidation,0.1528,0.1395,Medium
47,151337.55,1.7,13747.52,673,3079.96,10,0,debt_consolidation,0.0204,0.0908,Low
51,59635.2,10.3,29992.62,560,4187.07,2,0,home_improvement,0.0702,0.5029,Medium
56,22370.07,10.0,30269.69,756,3042.59,6,0,education,0.136,1.3531,Medium
56,63266.11,3.8,27280.35,765,4348.36,2,0,other,0.0687,0.4312,Low
46,94046.45,0.1,18595.99,670,14722.52,2,0,home_improvement,0.1565,0.1977,Low
63,31188.69,1.3,23483.56,661,3626.49,2,0,business,0.1163,0.7529,Medium
47,39010.22,5.1,13053.2,661,21035.1,3,0,education,0.5392,0.3346,Low
25,101405.79,0.5,17195.64,709,2171.33,14,0,medical,0.0214,0.1696,Medium
40,49884.03,6.0,12365.74,533,7597.26,3,0,other,0.1523,0.2479,Medium
31,45640.96,0.1,9622.69,565,10502.77,7,0,education,0.2301,0.2108,High
30,25133.85,5.7,15587.83,586,1681.58,4,0,debt_consolidation,0.0669,0.6202,High
60,83724.18,9.3,37067.83,612,6291.62,13,0,debt_consolidation,0.0751,0.4427,Low
58,44612.33,3.2,15792.11,674,1692.96,2,0,medical,0.0379,0.354,Low
26,16556.08,8.8,17852.21,731,21544.2,9,1,debt_consolidation,1.3012,1.0782,High
28,22329.89,7.6,21298.84,724,13917.24,11,0,debt_consolidation,0.6232,0.9538,High
43,37019.86,5.6,16212.26,524,8331.25,11,0,other,0.225,0.4379,Medium
46,28669.21,2.9,11706.66,801,5008.73,4,0,home_improvement,0.1747,0.4083,Medium
63,31008.58,1.6,21344.2,827,3242.86,11,0,home_improvement,0.1046,0.6883,Low
32,158313.88,9.9,8608.04,781,2899.98,8,0,debt_consolidation,0.0183,0.0544,Low
46,69825.99,5.2,27065.32,595,15670.55,5,0,medical,0.2244,0.3876,Medium
33,13511.92,8.0,28454.87,611,5621.45,3,0,home_improvement,0.416,2.1058,High
60,41891.53,4.0,12985.9,524,13502.23,0,0,home_improvement,0.3223,0.31,High
38,46875.63,0.9,8980.09,673,14119.54,7,1,medical,0.3012,0.1916,Medium
45,23424.39,19.4,48078.54,672,4533.32,4,0,medical,0.1935,2.0524,Medium
53,64035.52,1.0,8769.01,621,4256.63,8,0,education,0.0665,0.1369,Low
60,17664.38,12.1,11194.31,577,3986.82,13,0,home_improvement,0.2257,0.6337,Low
63,84835.85,1.2,4001.44,668,2515.68,6,1,debt_consolidation,0.0297,0.0472,Medium
32,100787.03,2.3,30490.34,636,4490.66,1,0,business,0.0446,0.3025,Low
64,158941.67,2.9,5645.35,681,4769.23,14,0,business,0.03,0.0355,Low
56,22311.01,12.7,17900.67,775,8323.21,11,0,business,0.373,0.8023,Medium
24,24699.82,11.0,16034.74,704,4501.55,1,0,education,0.1822,0.6492,Low
25,69309.41,8.7,12748.35,669,9147.3,7,0,debt_consolidation,0.132,0.1839,Low
57,88551.54,2.4,9649.79,666,7819.89,10,0,business,0.0883,0.109,Low
28,73458.53,0.0,17402.77,567,8796.48,4,0,medical,0.1197,0.2369,Low
62,84108.13,5.7,38011.46,646,5551.55,4,0,debt_consolidation,0.066,0.4519,Medium
48,97578.62,2.6,11478.99,675,7303.54,11,0,business,0.0748,0.1176,Low
51,54237.36,7.1,4947.58,724,5926.0,5,0,education,0.1093,0.0912,Medium
29,44078.4,7.9,4506.17,704,1452.94,6,0,other,0.033,0.1022,Low
49,24733.44,2.9,11932.84,629,3513.0,11,0,debt_consolidation,0.142,0.4824,Medium
34,42232.58,6.9,10159.49,760,2392.1,12,0,education,0.0566,0.2406,Low
60,45595.11,9.2,12055.91,494,16360.18,3,0,business,0.3588,0.2644,Medium
61,30490.11,13.2,15860.92,695,10437.62,8,0,home_improvement,0.3423,0.5202,High
42,48092.81,4.4,9994.84,574,5977.36,7,0,debt_consolidation,0.1243,0.2078,High
31,28819.59,7.5,69988.4,773,6668.3,13,0,home_improvement,0.2314,2.4284,Low
43,85533.74,3.4,16805.63,729,15279.82,5,0,medical,0.1786,0.1965,Medium
21,60652.26,0.2,22952.22,532,3245.27,0,1,business,0.0535,0.3784,High
57,38956.39,0.8,12163.05,570,13245.05,5,0,debt_consolidation,0.34,0.3122,High
41,53874.92,0.7,12212.88,511,20618.77,0,0,other,0.3827,0.2267,Medium
46,28210.66,0.9,9355.44,711,5210.53,4,0,education,0.1847,0.3316,Low
56,29677.77,0.1,13976.89,686,2623.55,12,1,debt_consolidation,0.0884,0.4709,Medium
43,35705.95,9.8,5354.23,723,4242.13,5,0,education,0.1188,0.1499,Low
21,44535.24,4.1,5095.05,437,11563.09,1,0,medical,0.2596,0.1144,Medium
60,52606.81,2.4,9208.79,584,7719.53,2,1,medical,0.1467,0.175,Medium
35,52710.93,2.6,7571.72,709,6175.31,11,0,education,0.1172,0.1436,Low
41,25351.96,3.1,9211.27,752,2450.7,6,1,debt_consolidation,0.0967,0.3633,Medium
29,47081.51,0.4,10916.86,622,5206.84,4,0,medical,0.1106,0.2319,Low
29,32564.32,1.6,11232.62,673,6394.9,9,0,other,0.1964,0.3449,Medium
30,8915.23,9.5,21754.4,713,3441.27,14,0,home_improvement,0.386,2.4399,High
46,228157.8,6.8,21243.13,774,3566.85,10,0,education,0.0156,0.0931,Low
61,32881.8,4.1,13132.16,526,9035.85,8,0,business,0.2748,0.3994,Medium
55,33807.03,3.3,43963.64,633,8049.37,11,0,business,0.2381,1.3004,High
45,25003.77,1.5,10097.58,528,5143.01,7,0,business,0.2057,0.4038,High
46,28890.08,3.2,22013.47,687,4239.05,12,0,home_improvement,0.1467,0.7619,High
31,44607.79,4.6,18095.07,534,4556.97,9,0,home_improvement,0.1022,0.4056,High
58,96365.8,6.2,11726.63,650,11366.53,14,0,home_improvement,0.118,0.1217,Low
22,44481.37,0.9,12357.59,659,7910.39,8,0,business,0.1778,0.2778,Medium
27,41698.43,8.4,10252.92,585,5780.93,10,0,business,0.1386,0.2459,High
38,89333.96,2.1,21061.16,730,18498.58,5,0,business,0.2071,0.2358,Low
47,37714.57,3.5,28262.11,669,2900.47,1,0,debt_consolidation,0.0769,0.7493,Medium
54,49541.93,4.7,13656.17,654,1997.74,10,0,home_improvement,0.0403,0.2756,Low
47,30921.75,3.3,4357.12,595,748.69,5,0,debt_consolidation,0.0242,0.1409,High
37,113841.99,4.2,18540.53,634,7638.73,4,0,education,0.0671,0.1629,Low
63,82805.94,0.6,11998.67,577,17121.16,13,0,debt_consolidation,0.2068,0.1449,Medium
64,45410.85,2.8,7093.64,625,16116.88,9,0,home_improvement,0.3549,0.1562,High
44,40146.01,1.6,13977.06,651,3061.02,3,1,education,0.0762,0.3481,Medium
45,48246.58,0.4,10842.86,850,2625.66,8,1,home_improvement,0.0544,0.2247,Medium
27,45743.67,1.1,6919.7,644,780.81,1,0,education,0.0171,0.1513,Low
26,22620.01,4.6,11698.91,593,2888.93,14,0,medical,0.1277,0.5172,Medium
44,84232.3,1.1,31151.39,547,2045.71,12,0,business,0.0243,0.3698,Medium
53,43758.06,1.0,14545.91,701,13400.82,12,0,debt_consolidation,0.3062,0.3324,Low
49,126648.42,4.0,13567.66,566,5634.82,10,0,home_improvement,0.0445,0.1071,Medium
63,60530.82,11.8,17466.41,680,5188.92,2,1,education,0.0857,0.2885,Low
42,13897.39,7.8,15386.85,761,2792.95,3,0,debt_consolidation,0.201,1.1071,Low
46,25827.32,11.8,11288.82,711,1665.57,12,0,other,0.0645,0.4371,Low
48,16763.72,4.4,15018.37,575,1752.01,6,0,other,0.1045,0.8958,Low
41,25667.37,2.6,14051.33,669,2174.55,12,0,home_improvement,0.0847,0.5474,Medium
27,21659.49,6.5,3682.94,753,9227.81,12,0,business,0.426,0.17,Low
37,55619.2,1.5,18352.58,677,1615.13,0,0,home_improvement,0.029,0.33,Low
40,41854.61,0.4,13725.12,634,7574.49,8,0,education,0.181,0.3279,Medium
61,70988.27,2.1,18487.5,722,54236.17,4,0,education,0.764,0.2604,High
40,48095.8,1.8,13207.66,690,3522.07,0,1,debt_consolidation,0.0732,0.2746,Low
42,43470.83,5.6,10824.17,661,6524.68,12,0,business,0.1501,0.249,Low
48,133466.19,4.0,7538.6,704,5118.8,7,1,home_improvement,0.0384,0.0565,Medium
60,54798.13,0.7,14716.22,673,1757.14,2,0,other,0.0321,0.2685,Medium
27,47086.62,12.0,14680.49,613,2109.94,10,0,debt_consolidation,0.0448,0.3118,Medium
21,31993.23,4.5,30027.21,666,3363.84,14,0,other,0.1051,0.9385,Medium
52,27229.15,3.1,9998.71,629,4758.38,0,0,home_improvement,0.1747,0.3672,Low
33,72059.72,13.8,25486.55,742,23638.74,10,0,medical,0.328,0.3537,Low
50,69936.85,0.5,21521.28,628,2919.45,13,0,home_improvement,0.0417,0.3077,Medium
43,107558.41,7.8,8420.42,628,2544.56,10,0,business,0.0237,0.0783,Medium
39,62283.75,2.3,5825.77,716,2342.94,6,1,other,0.0376,0.0935,High
52,40273.48,5.9,24558.3,631,12807.63,14,0,education,0.318,0.6098,High
50,63291.43,13.3,17598.04,658,3113.13,11,0,debt_consolidation,0.0492,0.278,Low
49,47091.59,3.6,21859.14,623,18685.48,3,0,debt_consolidation,0.3968,0.4642,Medium
49,75560.77,0.1,14606.85,587,6409.59,4,0,home_improvement,0.0848,0.1933,Medium
50,95527.16,0.1,7233.63,626,17546.56,9,0,business,0.1837,0.0757,Low
36,45058.72,2.0,14884.68,601,5207.59,1,0,debt_consolidation,0.1156,0.3303,Medium
60,118025.36,7.6,19748.38,850,4253.52,3,1,debt_consolidation,0.036,0.1673,High
39,88802.82,1.7,3513.27,628,5929.17,13,0,home_improvement,0.0668,0.0396,Low
38,49456.17,2.0,17815.84,612,14606.17,4,0,business,0.2953,0.3602,Medium
21,68553.63,7.7,21963.16,719,6120.58,3,0,debt_consolidation,0.0893,0.3204,Low
34,57110.8,0.6,23366.68,715,7563.67,2,0,home_improvement,0.1324,0.4091,Low
22,49562.86,9.4,17575.76,577,5283.42,12,0,education,0.1066,0.3546,Low
48,127589.39,1.5,10378.25,668,4218.1,13,0,business,0.0331,0.0813,Low
50,63500.45,0.3,12848.0,629,7504.11,4,0,home_improvement,0.1182,0.2023,Medium
58,32193.37,0.6,5505.7,673,5987.08,1,0,debt_consolidation,0.186,0.171,Medium
24,29319.71,15.2,25093.04,629,5972.49,9,0,other,0.2037,0.8558,Medium
21,29925.06,3.0,21482.85,485,1864.18,9,0,business,0.0623,0.7179,High
28,62614.51,1.5,10932.17,694,3245.13,0,0,home_improvement,0.0518,0.1746,Low
49,41325.84,3.7,19109.96,686,5114.85,10,0,debt_consolidation,0.1238,0.4624,Low
59,57910.09,5.7,19391.19,551,1711.61,6,0,education,0.0296,0.3348,Medium
23,78291.8,1.9,6915.9,730,8893.82,10,0,debt_consolidation,0.1136,0.0883,Low
52,135179.22,6.5,45308.38,730,1930.79,10,0,debt_consolidation,0.0143,0.3352,Low
30,41804.67,1.5,8073.77,746,2683.57,2,0,education,0.0642,0.1931,Low
30,24239.16,0.6,3743.96,526,6564.86,5,0,home_improvement,0.2708,0.1545,High
39,120114.54,4.0,17006.9,718,1642.94,10,0,debt_consolidation,0.0137,0.1416,Low
54,23657.83,0.8,16353.14,582,8502.42,7,1,medical,0.3594,0.6912,High
53,23197.17,14.1,10541.24,552,1865.35,13,0,home_improvement,0.0804,0.4544,High
43,118566.01,0.0,15153.86,609,6847.6,2,0,debt_consolidation,0.0578,0.1278,Medium
48,83542.92,7.0,8343.47,632,3344.96,8,0,home_improvement,0.04,0.0999,Low
52,62468.65,1.6,4796.96,609,5489.3,4,0,debt_consolidation,0.0879,0.0768,Low
27,47812.36,9.4,23985.09,745,4026.36,7,0,other,0.0842,0.5016,Low
49,43494.86,0.3,16045.31,567,2695.57,9,0,education,0.062,0.3689,Medium
28,35404.24,15.3,10690.6,728,764.33,1,0,debt_consolidation,0.0216,0.3019,Low
21,42551.84,0.5,38068.38,616,1819.36,1,1,debt_consolidation,0.0428,0.8946,High
23,47872.3,7.8,11192.65,658,1266.19,5,0,home_improvement,0.0264,0.2338,Low
44,24655.99,3.6,19063.23,628,2992.71,10,0,education,0.1214,0.7731,Low
43,32528.95,2.8,7422.54,585,8175.63,1,0,business,0.2513,0.2282,Low
28,17052.31,1.6,3554.9,584,18025.42,5,0,home_improvement,1.057,0.2085,High
57,50968.53,9.2,19316.04,545,12202.78,8,0,business,0.2394,0.379,Medium
23,50972.96,1.1,18970.84,538,9307.38,14,0,debt_consolidation,0.1826,0.3722,Medium
53,119283.43,6.4,42140.23,636,18011.38,2,0,other,0.151,0.3533,Medium
48,59146.78,3.0,6803.93,760,12489.09,14,0,medical,0.2112,0.115,Low
28,37122.52,32.5,4883.14,561,21453.25,7,0,home_improvement,0.5779,0.1315,Medium
54,44347.98,4.7,9242.71,664,5816.83,2,0,debt_consolidation,0.1312,0.2084,Low
55,62530.59,0.6,18626.85,638,7618.93,8,0,business,0.1218,0.2979,Low
52,54929.53,2.7,3591.22,753,1713.87,4,0,other,0.0312,0.0654,Low
44,65456.62,0.3,14014.25,688,1667.88,7,0,education,0.0255,0.2141,Low
34,59190.86,1.7,10123.78,598,9082.65,0,0,debt_consolidation,0.1534,0.171,Low
52,43203.55,2.1,10513.98,555,2025.48,0,1,home_improvement,0.0469,0.2434,High
63,37500.27,9.6,7892.59,496,5090.72,14,0,education,0.1357,0.2105,Medium
36,36505.53,9.1,26007.28,589,20097.79,14,0,debt_consolidation,0.5505,0.7124,High
24,30864.57,0.1,5132.46,823,4869.98,8,0,business,0.1578,0.1663,Low
57,28536.53,3.8,23599.63,603,7422.85,6,0,business,0.2601,0.827,Medium
41,122912.99,1.3,17859.6,499,3914.23,4,0,debt_consolidation,0.0318,0.1453,Low
34,52174.81,1.9,10027.44,518,10922.84,13,0,education,0.2093,0.1922,High
51,45358.34,0.1,33679.93,777,8476.65,9,0,home_improvement,0.1869,0.7425,Low
38,38256.08,6.9,4303.78,614,8624.44,0,0,debt_consolidation,0.2254,0.1125,Low
27,60744.97,15.0,24327.31,682,9310.73,2,1,other,0.1533,0.4005,Medium
30,89485.51,1.2,6901.96,675,3311.64,9,0,education,0.037,0.0771,Low
27,70377.74,2.1,10149.92,600,39131.11,9,0,education,0.556,0.1442,Low
53,77714.3,1.2,16105.75,612,4116.19,13,0,home_improvement,0.053,0.2072,Low
43,36560.94,13.3,25029.84,575,4031.08,11,0,business,0.1103,0.6846,High
41,48919.7,0.0,7529.02,504,2554.06,8,0,business,0.0522,0.1539,Medium
39,36802.13,4.4,18812.73,732,4932.19,9,0,debt_consolidation,0.134,0.5112,Low
39,51715.65,10.2,10267.14,714,5832.39,2,0,medical,0.1128,0.1985,Low
56,92623.25,1.0,8001.97,648,4235.57,12,0,medical,0.0457,0.0864,Medium
49,61065.47,4.5,4980.39,656,14087.75,4,0,debt_consolidation,0.2307,0.0816,Low
38,110564.81,0.3,10637.82,729,6216.76,13,1,home_improvement,0.0562,0.0962,Medium
22,42435.4,8.4,6197.81,467,10226.65,1,0,debt_consolidation,0.241,0.146,High
21,32745.46,1.6,6416.22,691,1065.83,4,0,home_improvement,0.0325,0.1959,Low
25,63326.82,22.4,9974.76,732,4047.61,6,0,education,0.0639,0.1575,Low
40,52022.37,12.8,11583.68,801,7733.98,11,0,debt_consolidation,0.1487,0.2227,Low
31,57604.22,6.6,9613.27,724,2207.01,4,0,business,0.0383,0.1669,Low
62,53455.78,3.4,13927.49,778,2333.52,4,0,medical,0.0437,0.2605,Low
22,38475.73,7.3,36719.28,632,4896.59,12,0,home_improvement,0.1273,0.9543,Medium
23,54060.98,0.7,8933.51,651,4822.3,10,0,education,0.0892,0.1652,Medium
43,79752.65,1.9,7815.63,585,3177.79,3,1,debt_consolidation,0.0398,0.098,Medium
32,83956.48,0.1,7619.13,601,4118.32,3,0,business,0.0491,0.0907,Low
40,38378.08,5.2,2509.82,726,10360.83,4,0,medical,0.27,0.0654,Low
25,55022.8,8.2,9128.46,685,3569.75,1,0,home_improvement,0.0649,0.1659,Low
57,102596.14,14.6,38903.23,692,1727.31,13,0,business,0.0168,0.3792,High
58,38795.31,5.8,13932.43,527,4764.41,14,0,business,0.1228,0.3591,High
50,35428.68,6.6,10481.89,690,3321.74,5,1,education,0.0938,0.2959,Medium
29,72926.07,11.3,18313.2,760,11007.97,10,0,debt_consolidation,0.1509,0.2511,Low
54,66801.42,13.8,10322.78,686,17197.31,1,0,education,0.2574,0.1545,Low
64,32257.7,3.4,28087.42,573,2117.2,8,0,debt_consolidation,0.0656,0.8707,Medium
55,24349.58,0.6,12394.38,647,6954.95,10,0,business,0.2856,0.509,High
42,54490.3,3.1,30922.67,764,828.97,5,0,debt_consolidation,0.0152,0.5675,High
64,39763.37,4.1,15639.69,675,8645.03,4,0,education,0.2174,0.3933,Low
44,21119.71,5.0,18355.38,752,6700.35,10,0,debt_consolidation,0.3172,0.8691,High
37,34766.12,22.7,12192.79,804,5423.61,2,0,education,0.156,0.3507,Low
30,66257.56,12.5,23897.25,635,4865.14,9,0,debt_consolidation,0.0734,0.3607,Low
50,45446.66,2.5,36973.77,565,2248.39,13,0,debt_consolidation,0.0495,0.8135,High
43,107264.39,0.6,18436.28,611,2523.33,8,0,medical,0.0235,0.1719,Medium
52,17264.05,1.2,11982.83,805,2276.77,7,0,debt_consolidation,0.1319,0.6941,Medium
37,95702.16,1.0,23977.96,717,6001.29,2,0,debt_consolidation,0.0627,0.2505,Medium
37,41276.49,2.2,10071.03,670,1473.68,0,0,education,0.0357,0.244,Medium
34,38399.1,10.5,31262.51,737,1389.93,0,0,debt_consolidation,0.0362,0.8141,Medium
29,22570.59,2.9,9852.79,615,15842.39,9,0,medical,0.7019,0.4365,Medium
60,61854.55,4.2,12790.11,625,5729.61,13,0,debt_consolidation,0.0926,0.2068,Low
22,19665.46,1.0,22512.18,594,1492.61,7,1,education,0.0759,1.1447,High
45,73788.03,3.4,3919.41,825,10599.37,13,0,business,0.1436,0.0531,Low
59,23001.57,10.3,16137.62,666,2445.29,9,0,education,0.1063,0.7016,High
29,24888.15,7.4,14699.24,642,2956.38,6,0,education,0.1188,0.5906,Medium
42,27021.62,0.4,10106.7,668,4937.15,12,0,home_improvement,0.1827,0.374,Medium
63,34269.98,9.9,10997.78,643,1673.86,6,0,other,0.0488,0.3209,Low
24,78514.45,1.6,8046.17,582,7908.95,12,0,business,0.1007,0.1025,Medium
46,103982.54,5.5,7502.07,737,3037.21,2,1,other,0.0292,0.0721,Low
49,36087.55,0.8,10416.41,516,652.39,12,0,home_improvement,0.0181,0.2886,High
54,47892.7,5.6,7350.19,667,6542.29,14,0,business,0.1366,0.1535,Medium
43,62627.43,0.2,18144.5,701,14317.94,5,0,business,0.2286,0.2897,Medium
57,41578.72,4.6,8677.13,528,13420.37,9,0,business,0.3228,0.2087,Medium
31,61413.12,5.2,21570.61,687,1769.6,4,0,education,0.0288,0.3512,Medium
26,48920.91,1.4,7571.36,614,7266.53,4,0,debt_consolidation,0.1485,0.1548,Low
38,43185.93,13.8,6167.37,519,3384.63,12,0,debt_consolidation,0.0784,0.1428,Medium
41,24103.01,0.2,11713.84,665,6105.49,5,0,debt_consolidation,0.2533,0.486,High
62,52813.47,11.1,6670.76,724,1625.19,7,0,business,0.0308,0.1263,Low
56,79156.95,2.4,12305.47,850,2978.35,8,1,medical,0.0376,0.1555,Low
61,33218.46,6.3,8322.18,619,2107.61,4,0,home_improvement,0.0634,0.2505,Low
58,18322.13,5.3,6268.69,690,1095.87,9,0,home_improvement,0.0598,0.3421,Medium
54,41782.16,0.9,6317.17,725,2043.94,6,0,education,0.0489,0.1512,Medium
37,104285.26,1.9,27017.77,661,5210.58,0,0,home_improvement,0.05,0.2591,Low
57,89857.02,3.8,20345.48,709,1692.5,12,1,medical,0.0188,0.2264,Low
45,36672.0,9.4,6086.3,616,4933.95,4,0,debt_consolidation,0.1345,0.166,Low
58,61559.38,15.5,8302.23,636,8309.69,9,0,debt_consolidation,0.135,0.1349,Low
32,66620.86,0.1,32589.2,550,12472.08,2,0,debt_consolidation,0.1872,0.4892,High
43,103276.91,2.2,13127.8,620,19892.95,9,0,debt_consolidation,0.1926,0.1271,Low
62,22577.49,5.5,10873.28,518,8931.04,11,0,debt_consolidation,0.3956,0.4816,High
42,28726.8,3.8,14249.02,526,1891.71,1,0,other,0.0658,0.496,Medium
41,17946.0,14.3,15648.96,721,7436.07,2,0,home_improvement,0.4143,0.872,Low
47,34919.32,0.1,13273.63,547,10204.07,9,0,home_improvement,0.2922,0.3801,High
51,83546.01,2.9,8253.75,725,2340.12,8,0,other,0.028,0.0988,Low
26,37054.33,5.5,4051.76,637,11835.11,8,0,education,0.3194,0.1093,Medium
47,25486.53,1.2,13199.94,638,3066.73,1,0,debt_consolidation,0.1203,0.5179,High
60,54902.72,6.5,4404.41,591,5065.07,14,0,medical,0.0923,0.0802,Low
54,55613.68,0.4,9963.25,648,11937.31,8,0,debt_consolidation,0.2146,0.1791,Medium
32,29480.23,3.0,9016.7,773,3307.38,2,0,education,0.1122,0.3058,Low
27,38062.2,5.6,8647.31,592,3890.47,11,0,debt_consolidation,0.1022,0.2272,Medium
30,52853.98,1.6,17233.9,622,10405.92,11,0,debt_consolidation,0.1969,0.3261,Low
37,71181.86,0.4,11754.77,713,7380.13,2,1,medical,0.1037,0.1651,Medium
46,35438.84,15.7,17747.6,557,876.28,4,0,home_improvement,0.0247,0.5008,High
41,32975.23,12.3,4545.58,550,1486.81,12,1,home_improvement,0.0451,0.1378,Medium
48,127551.74,13.0,21035.6,646,3984.83,3,0,business,0.0312,0.1649,Low
22,42744.12,19.2,23201.57,746,3777.29,0,1,education,0.0884,0.5428,Medium
63,55532.14,1.0,12964.49,643,2557.65,0,0,debt_consolidation,0.0461,0.2335,Low
21,67790.85,0.9,42680.64,628,26396.36,4,0,other,0.3894,0.6296,Medium
56,20061.48,0.2,20032.46,647,11736.6,3,1,business,0.585,0.9985,High
46,48568.79,11.1,13088.98,643,647.72,7,0,business,0.0133,0.2695,Low
49,21528.69,7.0,31545.23,598,11825.28,1,0,business,0.5493,1.4652,Medium
41,45917.94,5.0,14051.46,724,2192.84,7,0,medical,0.0478,0.306,Low
31,97398.1,13.1,7676.55,668,4398.09,5,0,debt_consolidation,0.0452,0.0788,Low
60,29755.4,4.3,21734.97,609,1399.39,9,0,other,0.047,0.7304,Medium
31,21306.99,0.7,33124.91,655,12819.83,8,1,education,0.6016,1.5546,Medium
56,125975.52,1.0,5321.26,624,5772.28,10,0,debt_consolidation,0.0458,0.0422,Low
59,27624.86,0.7,10117.64,536,14609.92,5,0,education,0.5288,0.3662,Medium
60,23172.24,1.8,9841.95,823,6145.98,6,0,business,0.2652,0.4247,Low
55,110140.91,2.4,6215.16,661,3457.37,7,0,business,0.0314,0.0564,Medium
54,27085.8,8.0,11279.13,570,2634.49,12,0,other,0.0973,0.4164,Low
44,111575.54,1.1,8354.29,558,1303.17,0,0,debt_consolidation,0.0117,0.0749,Low
42,56220.99,6.5,17198.52,531,3783.72,13,1,other,0.0673,0.3059,High
25,93151.13,3.4,17968.58,591,5902.81,10,0,education,0.0634,0.1929,Medium
53,53800.24,39.9,14520.52,555,855.09,10,0,home_improvement,0.0159,0.2699,Low
56,84107.51,7.5,15163.04,633,9367.86,6,0,education,0.1114,0.1803,Low
40,30970.04,17.4,32952.89,781,5256.8,14,0,debt_consolidation,0.1697,1.064,Medium
39,36069.35,2.1,44758.19,594,3678.19,6,0,business,0.102,1.2409,High
55,17021.7,0.7,19249.11,850,2042.2,12,0,medical,0.12,1.1308,High
63,79689.31,3.5,9860.64,702,1913.12,2,0,debt_consolidation,0.024,0.1237,Low
37,60462.87,0.7,15799.44,826,4297.12,6,1,business,0.0711,0.2613,Low
63,29623.93,3.4,13609.47,546,4332.23,10,0,debt_consolidation,0.1462,0.4594,High
54,20446.13,1.6,20121.45,594,911.5,13,1,medical,0.0446,0.9841,High
29,56438.49,3.4,7855.92,598,30421.27,12,0,home_improvement,0.539,0.1392,High
46,113320.72,14.9,20895.1,644,2155.74,13,0,home_improvement,0.019,0.1844,Low
22,45753.32,1.7,14033.97,704,12518.06,3,0,debt_consolidation,0.2736,0.3067,Medium
29,35269.61,25.1,12698.11,528,3347.2,5,0,education,0.0949,0.36,Medium
29,30682.96,1.3,13004.13,720,7396.44,1,1,debt_consolidation,0.2411,0.4238,Low
60,91553.09,1.2,29991.55,594,3905.55,3,0,debt_consolidation,0.0427,0.3276,Medium
37,33202.36,3.9,68959.36,796,3452.33,9,0,debt_consolidation,0.104,2.0769,High
21,40717.39,9.2,14341.49,678,5361.64,9,0,education,0.1317,0.3522,Low
45,82525.9,6.9,8613.58,750,3283.42,12,0,debt_consolidation,0.0398,0.1044,Low
63,67422.95,6.4,13266.72,614,12003.5,3,0,home_improvement,0.178,0.1968,Low
60,41504.01,1.7,16080.35,694,1552.28,14,0,medical,0.0374,0.3874,Low
62,34562.05,0.1,14719.64,612,4206.15,13,0,home_improvement,0.1217,0.4259,Medium
45,102006.23,0.9,14791.67,699,2657.56,4,0,business,0.0261,0.145,Medium
59,28052.0,2.1,12014.22,669,8161.99,5,1,home_improvement,0.2909,0.4283,Medium
55,44128.34,17.8,29997.38,773,839.46,3,0,debt_consolidation,0.019,0.6798,Low
23,23087.85,12.6,11363.03,725,12321.39,10,0,other,0.5337,0.4921,High
57,88825.9,1.1,21652.73,688,2077.57,5,0,debt_consolidation,0.0234,0.2438,Medium
64,38659.86,6.5,5398.22,665,7654.54,8,0,business,0.198,0.1396,Medium
64,34550.84,4.3,9510.72,656,844.55,11,0,debt_consolidation,0.0244,0.2753,Medium
50,68243.07,0.3,15927.63,531,3010.42,3,0,medical,0.0441,0.2334,Medium
58,24034.42,2.3,13111.42,560,3263.46,14,0,education,0.1358,0.5455,High
54,67352.19,3.3,27725.91,578,5073.68,10,0,home_improvement,0.0753,0.4116,High
32,40934.5,5.5,15701.43,783,7095.2,6,0,debt_consolidation,0.1733,0.3836,High
39,26832.0,1.7,29577.11,607,27081.62,10,0,debt_consolidation,1.0093,1.1023,High
57,29877.73,13.6,17892.33,614,3064.37,6,0,home_improvement,0.1026,0.5988,Medium
64,34818.35,3.0,8184.93,699,8032.93,7,0,debt_consolidation,0.2307,0.2351,Low
37,39260.66,1.4,11902.78,577,3222.82,1,0,other,0.0821,0.3032,Low
30,26923.02,1.9,12357.84,763,6114.87,0,0,debt_consolidation,0.2271,0.459,Medium
32,56798.09,7.0,28752.22,445,1348.39,8,0,debt_consolidation,0.0237,0.5062,Low
36,26572.68,5.1,11516.63,749,5791.96,8,0,education,0.218,0.4334,Low
44,15024.52,6.8,12309.2,798,2162.22,13,0,home_improvement,0.1439,0.8192,High
39,128003.11,1.7,10514.28,677,1158.27,3,0,home_improvement,0.009,0.0821,Medium
28,54120.25,2.0,14376.51,594,4392.7,3,0,home_improvement,0.0812,0.2656,Medium
51,133886.24,2.5,19758.75,726,5226.48,12,0,business,0.039,0.1476,Low
41,29090.6,1.0,20348.34,590,3684.18,9,0,business,0.1266,0.6995,Medium
37,62311.26,5.9,11070.48,819,6644.9,10,0,home_improvement,0.1066,0.1777,Low
43,76672.96,2.0,4020.26,695,20015.77,2,0,education,0.2611,0.0524,Medium
57,44592.76,2.0,15763.95,577,2262.55,2,0,debt_consolidation,0.0507,0.3535,High
36,23807.95,1.6,14199.92,716,9232.12,4,0,debt_consolidation,0.3878,0.5964,Low
26,42948.6,3.0,14641.73,567,2720.68,4,0,medical,0.0633,0.3409,Low
28,67050.31,7.4,13409.49,587,6380.52,3,0,debt_consolidation,0.0952,0.2,Medium
45,65782.57,9.0,16045.72,712,4523.4,12,0,other,0.0688,0.2439,Low
38,48980.9,8.2,3986.11,594,16570.14,4,0,business,0.3383,0.0814,High
45,76775.74,4.9,14582.3,660,4606.05,2,0,other,0.06,0.1899,Low
32,74984.98,1.6,7358.72,696,4856.25,5,0,other,0.0648,0.0981,Low
35,37728.32,6.6,27195.82,596,11190.39,7,0,home_improvement,0.2966,0.7208,High
46,22920.57,0.2,14385.84,606,7196.37,5,0,debt_consolidation,0.314,0.6276,Medium
61,53917.85,8.0,8651.41,787,8054.92,12,0,other,0.1494,0.1605,Low
46,33748.16,7.6,6573.14,705,13394.48,6,0,medical,0.3969,0.1948,Low
52,52673.84,5.5,7992.69,649,5809.49,7,0,debt_consolidation,0.1103,0.1517,Low
30,96063.52,0.5,9086.42,643,16458.37,6,1,debt_consolidation,0.1713,0.0946,High
36,61007.13,29.6,13684.75,555,1488.79,9,1,other,0.0244,0.2243,Low
27,93725.71,7.1,6528.36,688,4162.21,14,0,business,0.0444,0.0697,Low
37,29562.45,6.6,15447.05,659,4700.71,4,0,home_improvement,0.159,0.5225,Low
43,84434.2,0.3,24385.4,723,2548.28,14,0,business,0.0302,0.2888,Low
46,113357.18,2.5,25901.67,482,8550.48,5,0,medical,0.0754,0.2285,High
41,50622.99,0.5,10609.56,634,5932.18,5,1,debt_consolidation,0.1172,0.2096,Low
42,156533.71,2.2,13137.33,643,879.95,8,1,debt_consolidation,0.0056,0.0839,High
27,31929.46,4.2,8981.81,677,12900.05,4,0,education,0.404,0.2813,High
34,35617.17,10.6,6477.76,669,11050.65,3,1,education,0.3103,0.1819,Low
35,67844.1,1.7,9671.98,692,5734.51,1,0,other,0.0845,0.1426,Low
27,50374.12,4.9,4522.77,634,6507.1,12,0,debt_consolidation,0.1292,0.0898,Low
29,33811.16,0.9,4083.57,550,1844.68,3,0,debt_consolidation,0.0546,0.1208,Low
28,66806.26,2.2,16018.51,533,2314.15,13,0,home_improvement,0.0346,0.2398,Low
43,58557.87,14.7,15549.67,645,533.28,1,0,education,0.0091,0.2655,Low
49,36565.54,6.9,27773.22,850,2772.37,12,0,debt_consolidation,0.0758,0.7595,Medium
38,53880.6,3.9,31605.96,697,4469.31,6,0,debt_consolidation,0.0829,0.5866,Low
51,71647.44,1.4,14901.93,850,7491.26,9,0,debt_consolidation,0.1046,0.208,Low
50,36162.23,2.4,7586.77,706,1802.27,5,1,debt_consolidation,0.0498,0.2098,Low
59,63481.13,0.9,7571.26,566,10512.02,5,0,debt_consolidation,0.1656,0.1193,Low
55,31776.38,2.2,7157.35,640,5271.77,0,0,debt_consolidation,0.1659,0.2252,Medium
38,34999.46,0.8,15538.92,850,11163.09,2,0,medical,0.3189,0.444,Low
62,85459.14,7.9,8512.88,712,9610.98,12,0,home_improvement,0.1125,0.0996,Medium
59,66627.53,0.4,5750.23,710,5477.34,1,0,education,0.0822,0.0863,Low
37,19083.54,1.0,17198.38,595,6631.5,3,0,debt_consolidation,0.3475,0.9012,High
34,40655.43,5.9,22384.3,650,2939.86,8,0,debt_consolidation,0.0723,0.5506,High
51,62620.53,11.6,8535.73,564,4659.85,10,0,other,0.0744,0.1363,Low
44,52545.4,16.7,13085.98,615,5697.6,11,0,education,0.1084,0.249,Low
55,66776.21,9.0,32111.67,663,9598.6,7,0,medical,0.1437,0.4809,Medium
64,51947.6,1.2,23388.07,601,5149.54,0,0,business,0.0991,0.4502,Low
54,45876.17,1.7,7680.57,727,24491.03,12,0,debt_consolidation,0.5338,0.1674,Medium
23,45180.41,10.2,33943.44,604,5285.25,11,0,debt_consolidation,0.117,0.7513,Medium
57,84591.55,11.0,20558.13,676,672.7,6,0,education,0.008,0.243,Low
63,69388.04,5.1,35421.61,729,3405.01,9,0,medical,0.0491,0.5105,Low
60,60016.33,1.9,11990.19,816,2321.28,13,0,home_improvement,0.0387,0.1998,Low
46,51247.21,1.3,8001.23,679,3706.21,0,0,business,0.0723,0.1561,High
43,37256.83,9.6,13047.42,568,1946.83,8,0,other,0.0523,0.3502,Medium
64,42050.36,1.1,5730.03,649,1232.44,12,0,home_improvement,0.0293,0.1363,Low
59,83477.76,5.4,21956.14,807,2599.6,8,0,medical,0.0311,0.263,Low
35,79638.37,17.2,9588.04,726,6694.0,2,1,medical,0.0841,0.1204,High
24,35444.16,6.1,16885.39,665,7401.21,1,0,debt_consolidation,0.2088,0.4764,Low
49,51532.09,1.5,48919.25,696,2528.02,7,0,home_improvement,0.0491,0.9493,Medium
42,62895.74,1.7,9970.23,672,8860.33,5,0,business,0.1409,0.1585,Low
45,60875.87,0.5,13357.12,548,3053.82,12,0,debt_consolidation,0.0502,0.2194,Low
33,60641.9,5.8,10094.23,666,2743.45,14,0,home_improvement,0.0452,0.1665,Low
38,28112.3,3.7,12242.83,594,3446.17,2,0,home_improvement,0.1226,0.4355,High
53,27289.52,1.2,11606.47,606,733.44,12,0,debt_consolidation,0.0269,0.4253,Medium
36,88000.46,1.3,24338.9,627,3944.56,4,0,debt_consolidation,0.0448,0.2766,High
62,104246.4,0.0,22773.83,484,1338.5,9,0,home_improvement,0.0128,0.2185,Low
64,23370.72,19.2,11656.54,637,3076.98,8,0,business,0.1317,0.4987,Medium
22,48345.09,8.8,14357.79,516,2592.29,12,1,home_improvement,0.0536,0.297,High
55,73646.02,2.5,10929.78,717,10000.12,11,0,debt_consolidation,0.1358,0.1484,Medium
62,16286.81,14.6,31231.54,486,2325.49,7,1,debt_consolidation,0.1428,1.9175,High
54,28662.1,5.7,2887.54,511,29302.16,9,0,home_improvement,1.0223,0.1007,High
50,46812.31,7.0,8341.93,499,2583.34,1,0,other,0.0552,0.1782,Low
33,36365.68,5.7,17247.46,675,3261.7,14,0,business,0.0897,0.4743,Low
33,54424.61,7.1,22174.5,650,5772.58,3,0,debt_consolidation,0.1061,0.4074,Low
38,102256.64,0.9,28607.29,787,2894.82,9,0,debt_consolidation,0.0283,0.2798,Low
52,32003.52,4.1,13360.51,685,10121.6,12,1,business,0.3163,0.4175,Medium
52,50268.63,9.5,9376.8,509,901.52,10,0,debt_consolidation,0.0179,0.1865,Medium
55,41258.07,0.1,13143.29,583,5444.38,8,0,medical,0.132,0.3186,Low
59,52479.75,0.7,23886.82,665,2766.42,13,0,debt_consolidation,0.0527,0.4552,Low
49,49163.17,1.4,9239.55,677,8765.62,14,0,debt_consolidation,0.1783,0.1879,High
49,183248.62,1.7,12878.32,507,4549.5,14,0,business,0.0248,0.0703,High
64,103237.63,1.0,11160.8,722,7034.62,7,1,education,0.0681,0.1081,Medium
36,22237.43,4.9,28231.26,581,10203.72,2,0,education,0.4588,1.2695,Medium
64,31254.94,1.7,6653.57,582,14661.61,1,0,medical,0.4691,0.2129,High
30,33225.45,0.9,2937.87,736,6477.42,3,0,other,0.1949,0.0884,Medium
50,26446.05,11.8,12406.78,651,18240.63,1,0,debt_consolidation,0.6897,0.4691,Medium
45,24731.14,5.9,19382.98,677,1936.93,9,0,debt_consolidation,0.0783,0.7837,Medium
59,44838.25,1.4,9834.0,692,3506.22,6,0,home_improvement,0.0782,0.2193,Low
40,33865.64,2.2,4440.2,525,2769.25,9,0,home_improvement,0.0818,0.1311,Medium
25,31401.26,6.8,19725.3,670,5041.2,5,0,home_improvement,0.1605,0.6281,Medium
21,134623.46,7.8,10231.73,804,5550.15,0,1,debt_consolidation,0.0412,0.076,Low
50,35051.06,1.0,15293.8,633,3062.44,1,0,medical,0.0874,0.4363,Low
23,39277.85,13.8,11195.68,680,11548.33,9,0,education,0.294,0.285,High
34,71020.81,7.7,3546.25,850,320.45,13,0,education,0.0045,0.0499,Low
50,39211.91,9.7,16232.48,774,11327.23,7,0,other,0.2889,0.414,Low
24,27368.92,0.8,18796.64,615,2919.02,9,1,home_improvement,0.1067,0.6868,High
38,43089.31,0.8,11885.56,689,6669.98,11,1,debt_consolidation,0.1548,0.2758,Medium
57,133835.5,1.8,6792.12,710,1703.68,7,0,medical,0.0127,0.0507,Low
45,38533.33,0.3,40273.71,823,5668.15,12,0,education,0.1471,1.0451,High
21,31073.69,0.5,16886.44,577,5732.41,5,0,education,0.1845,0.5434,Medium
35,60482.85,0.8,5884.74,850,10833.71,9,0,debt_consolidation,0.1791,0.0973,Low
29,42068.01,6.2,53105.44,673,9946.89,9,0,education,0.2364,1.2623,High
35,192817.04,0.2,9255.57,625,1557.75,13,0,business,0.0081,0.048,Low
44,33075.61,0.4,29709.98,700,4597.94,6,0,debt_consolidation,0.139,0.8982,Low
24,116642.08,14.4,19792.41,621,9866.31,1,1,debt_consolidation,0.0846,0.1697,Medium
32,87701.54,0.4,16531.78,623,2946.18,0,0,debt_consolidation,0.0336,0.1885,Medium
57,40510.94,3.9,30767.88,604,1137.42,11,0,debt_consolidation,0.0281,0.7595,Medium
57,48934.72,5.1,4474.52,606,4943.7,10,1,debt_consolidation,0.101,0.0914,High
63,29291.72,15.9,18839.86,515,1551.46,5,0,home_improvement,0.053,0.6432,Medium
26,37450.65,11.5,10909.2,519,2913.95,12,0,debt_consolidation,0.0778,0.2913,Medium
59,40367.37,2.9,56619.46,586,2268.34,9,0,home_improvement,0.0562,1.4026,High
44,53046.64,14.3,4197.79,671,3857.49,10,0,debt_consolidation,0.0727,0.0791,Low
31,24189.16,2.8,16111.84,592,11600.24,2,1,education,0.4795,0.666,High
33,57282.04,5.5,16809.63,819,7653.25,0,0,home_improvement,0.1336,0.2934,Low
54,45572.78,1.5,9323.65,701,12273.29,0,0,debt_consolidation,0.2693,0.2046,Medium
45,59817.52,5.1,11436.8,596,7089.04,14,0,medical,0.1185,0.1912,Low
27,64450.54,3.9,10120.71,795,5422.98,13,0,education,0.0841,0.157,Low
24,43784.37,4.7,7456.92,633,13415.4,2,0,medical,0.3064,0.1703,Medium
28,62573.61,5.7,7640.81,632,1499.13,9,0,medical,0.024,0.1221,Low
40,46929.98,1.0,12133.15,701,14770.83,12,0,education,0.3147,0.2585,Medium
49,71092.46,1.8,20033.14,644,7473.8,6,1,debt_consolidation,0.1051,0.2818,Low
30,57415.12,6.7,9015.1,658,9911.1,1,0,debt_consolidation,0.1726,0.157,Low
63,53665.24,0.9,3284.48,704,3063.23,3,0,debt_consolidation,0.0571,0.0612,Low
54,46573.04,2.1,12625.23,559,2506.56,3,0,debt_consolidation,0.0538,0.2711,High
46,93705.11,5.5,15839.17,641,4993.15,11,0,medical,0.0533,0.169,Medium
61,60029.57,13.9,11542.55,575,1877.43,5,0,debt_consolidation,0.0313,0.1923,Low
23,25317.95,0.4,13706.02,678,3363.45,14,0,debt_consolidation,0.1328,0.5413,Medium
26,38716.63,3.6,23227.48,537,3529.95,6,0,debt_consolidation,0.0912,0.5999,Low
25,43726.41,0.4,12823.72,776,3299.56,13,0,business,0.0755,0.2933,Medium
25,48993.28,2.4,21805.43,603,2757.56,1,1,home_improvement,0.0563,0.4451,Medium
43,53549.07,1.0,16093.59,623,1337.21,0,0,other,0.025,0.3005,Low
29,30573.58,5.2,7600.16,641,7215.82,5,0,debt_consolidation,0.236,0.2486,Low
55,47382.16,7.1,26099.65,573,5674.58,2,0,medical,0.1198,0.5508,Medium
40,41895.74,1.4,5950.98,669,1906.72,10,0,business,0.0455,0.142,Medium
62,84319.81,6.2,3810.09,739,6522.06,5,0,education,0.0773,0.0452,Medium
55,29805.88,3.0,14184.79,624,3830.14,1,0,home_improvement,0.1285,0.4759,Medium
38,48596.69,1.7,19139.29,616,2369.63,9,0,debt_consolidation,0.0488,0.3938,Low
37,34797.73,3.7,18365.66,702,7794.96,12,1,home_improvement,0.224,0.5278,High
44,124429.92,2.4,6473.3,697,4886.22,6,0,business,0.0393,0.052,Low
23,91886.26,1.3,14582.62,660,14397.15,14,0,education,0.1567,0.1587,Low
52,21564.87,7.1,4931.01,747,2724.46,11,0,business,0.1263,0.2286,Low
55,32921.89,8.0,16473.73,683,6929.31,9,0,other,0.2105,0.5004,High
58,75770.3,8.1,14090.99,792,16770.26,12,0,business,0.2213,0.186,Low
33,61613.82,2.4,18509.42,626,5320.34,7,0,debt_consolidation,0.0863,0.3004,Medium
45,60655.52,0.9,21447.69,559,2080.0,4,0,medical,0.0343,0.3536,Medium
29,53929.15,9.2,18391.67,761,3216.45,13,0,education,0.0596,0.341,Low
24,78873.45,2.0,6010.31,509,14747.99,14,0,business,0.187,0.0762,High
34,72438.14,6.9,9840.89,582,14239.22,8,1,education,0.1966,0.1359,High
57,42392.3,8.5,6744.93,571,3238.52,5,1,education,0.0764,0.1591,High
54,26913.16,7.3,2909.11,655,2644.35,11,0,other,0.0983,0.1081,Low
31,21056.56,2.5,20874.68,644,9026.8,2,0,home_improvement,0.4287,0.9913,High
61,46545.27,13.9,19575.4,747,2475.6,14,0,education,0.0532,0.4206,Low
23,19536.68,5.4,7665.33,655,5163.84,1,0,home_improvement,0.2643,0.3923,Low
48,55575.53,4.3,8342.37,604,586.0,6,0,debt_consolidation,0.0105,0.1501,Low
49,42023.5,6.0,13098.06,628,16728.39,0,0,home_improvement,0.3981,0.3117,Low
29,129567.27,0.2,9604.72,575,5801.51,14,0,business,0.0448,0.0741,Medium
23,58195.58,2.5,25859.66,703,3427.47,0,0,debt_consolidation,0.0589,0.4444,Low
45,48309.69,10.7,10601.87,769,6563.46,7,1,business,0.1359,0.2195,Medium
54,21849.1,0.9,8053.81,667,8259.83,12,0,education,0.378,0.3686,High
32,26077.79,2.7,17305.09,649,1214.6,5,1,business,0.0466,0.6636,High
62,68918.3,2.6,7742.03,687,2517.84,13,0,business,0.0365,0.1123,Medium
29,41917.21,2.2,20414.65,614,3608.65,2,0,debt_consolidation,0.0861,0.487,Medium
35,174152.72,4.1,12897.93,639,1633.74,8,0,education,0.0094,0.0741,Low
60,47026.87,27.9,23074.99,637,3435.25,11,0,business,0.073,0.4907,Low
45,53341.03,1.5,24312.96,706,3463.47,0,1,business,0.0649,0.4558,High
25,25375.81,6.1,6108.92,619,2600.09,4,0,education,0.1025,0.2407,Medium
31,78724.98,7.1,13895.25,481,3084.97,0,0,education,0.0392,0.1765,Low
54,30857.64,4.4,12993.49,559,3898.74,12,1,education,0.1263,0.4211,High
44,63716.96,0.5,12470.28,835,1235.75,6,0,debt_consolidation,0.0194,0.1957,Low
35,73562.94,4.2,26789.29,637,9186.68,0,0,business,0.1249,0.3642,High
58,51410.44,15.3,13234.79,690,6888.86,3,0,education,0.134,0.2574,Low
28,118005.38,2.1,5817.27,643,3476.35,1,0,business,0.0295,0.0493,Low
25,36121.68,5.1,10142.02,644,4892.52,9,1,debt_consolidation,0.1354,0.2808,Medium
46,113297.24,16.0,8777.23,561,4677.98,8,0,debt_consolidation,0.0413,0.0775,Medium
38,25965.58,8.0,10431.97,786,22005.3,2,0,business,0.8474,0.4017,Medium
26,73094.93,5.8,13241.09,590,2780.02,5,1,debt_consolidation,0.038,0.1811,High
57,45651.57,17.7,8787.96,588,6148.65,6,0,medical,0.1347,0.1925,Low
33,34404.19,0.9,19287.78,681,700.54,1,0,other,0.0204,0.5606,Low
48,21361.82,7.4,33250.1,743,6170.42,0,0,medical,0.2888,1.5564,High
25,43030.54,2.6,14852.19,628,3416.12,1,0,debt_consolidation,0.0794,0.3451,Low
33,41693.16,2.2,21434.21,500,6264.77,7,0,medical,0.1503,0.5141,High
37,53447.39,3.7,7354.92,503,5656.04,12,0,debt_consolidation,0.1058,0.1376,Medium
60,70432.32,0.2,22320.03,774,4770.23,8,0,debt_consolidation,0.0677,0.3169,Low
52,32720.82,1.9,30405.15,656,5567.72,7,0,medical,0.1702,0.9292,Low
49,118081.91,0.9,27849.75,756,9200.71,0,0,debt_consolidation,0.0779,0.2358,Low
23,37448.9,0.7,9416.28,669,4064.59,1,1,debt_consolidation,0.1085,0.2514,Medium
60,66243.79,2.1,28091.11,582,3746.33,3,0,medical,0.0566,0.4241,Medium
54,51281.42,8.1,38408.51,681,10787.53,14,0,other,0.2104,0.749,Medium
60,44384.48,1.1,9542.03,671,5517.63,7,0,business,0.1243,0.215,Low
47,50012.52,3.8,20345.58,690,2687.69,13,0,business,0.0537,0.4068,Low
33,30633.71,6.9,9457.97,657,6968.79,14,1,business,0.2275,0.3087,High
53,40385.13,1.4,5921.39,612,4033.24,8,0,debt_consolidation,0.0999,0.1466,Low
26,25087.43,12.9,11749.59,742,1654.13,6,1,debt_consolidation,0.0659,0.4683,High
44,37248.42,10.1,9536.3,645,7017.83,7,0,home_improvement,0.1884,0.256,Medium
39,38819.06,1.4,12311.4,669,3556.46,8,0,medical,0.0916,0.3171,Medium
36,74802.81,22.8,2835.86,572,1116.02,3,0,medical,0.0149,0.0379,Low
60,41524.44,5.5,16823.43,564,1728.92,11,0,business,0.0416,0.4051,Medium
48,39181.47,1.7,11621.56,586,8094.58,3,0,other,0.2066,0.2966,High
53,54721.94,5.7,20959.47,563,5923.64,13,0,business,0.1082,0.383,Medium
61,53660.17,5.5,10144.43,477,4274.94,10,0,education,0.0797,0.189,High
33,36478.55,4.7,37787.65,600,7052.93,2,0,home_improvement,0.1933,1.0359,Medium
63,59701.61,6.2,10276.78,772,7843.25,6,0,debt_consolidation,0.1314,0.1721,Low
45,44831.95,1.6,14293.94,616,9132.01,13,0,medical,0.2037,0.3188,High
62,36448.97,19.3,7411.71,549,9024.52,11,1,other,0.2476,0.2033,Medium
56,38263.84,9.8,14160.05,707,3029.99,10,1,education,0.0792,0.3701,High
47,78800.56,6.8,15697.66,641,751.42,3,0,home_improvement,0.0095,0.1992,Low
58,38843.11,0.1,9511.71,620,3130.77,12,0,medical,0.0806,0.2449,Low
27,55857.7,4.5,21065.72,554,33946.27,13,0,business,0.6077,0.3771,Medium
25,25817.29,6.1,9535.89,651,8997.01,12,0,debt_consolidation,0.3485,0.3693,Low
63,85618.14,9.6,26381.78,653,3498.28,0,0,other,0.0409,0.3081,Low
51,36625.6,14.6,5872.14,674,3425.21,13,0,home_improvement,0.0935,0.1603,High
43,59882.81,12.4,12844.75,656,13290.65,7,0,debt_consolidation,0.2219,0.2145,Low
62,43226.8,2.6,64650.46,639,1947.24,0,0,debt_consolidation,0.045,1.4956,Medium
30,59540.8,11.3,3177.53,650,8275.22,11,0,home_improvement,0.139,0.0534,Low
52,61188.84,0.0,23680.0,641,1563.13,11,0,debt_consolidation,0.0255,0.387,Low
63,45600.25,2.2,16154.28,532,12084.18,2,0,home_improvement,0.265,0.3543,Medium
50,19283.74,0.6,11112.36,807,4627.58,8,0,debt_consolidation,0.24,0.5762,Medium
59,84584.6,10.7,25839.97,698,10606.23,10,0,debt_consolidation,0.1254,0.3055,Low
51,45708.92,13.2,17266.97,662,3431.92,9,0,debt_consolidation,0.0751,0.3778,Low
38,58923.96,1.5,11189.93,632,24088.59,11,0,education,0.4088,0.1899,Low
56,69276.38,2.3,8588.31,636,6049.08,0,0,business,0.0873,0.124,Medium
22,39003.74,20.6,10364.85,673,7762.93,0,0,debt_consolidation,0.199,0.2657,Low
34,63485.56,4.2,11524.23,762,12163.97,2,0,education,0.1916,0.1815,Low
33,33731.89,3.4,12022.59,595,19845.81,12,0,education,0.5883,0.3564,High
49,59502.37,3.5,8290.79,672,4024.77,11,1,debt_consolidation,0.0676,0.1393,Medium
32,49506.11,6.0,14614.78,521,5549.03,6,0,debt_consolidation,0.1121,0.2952,Medium
59,39685.95,15.5,9036.93,715,6665.93,11,1,debt_consolidation,0.168,0.2277,Medium
22,50186.24,2.3,14496.08,677,13228.77,11,1,debt_consolidation,0.2636,0.2888,High
52,28923.31,0.9,42072.36,642,10079.41,12,0,business,0.3485,1.4546,High
33,57212.06,1.0,22302.06,477,1168.97,5,0,debt_consolidation,0.0204,0.3898,Medium
47,60259.23,0.1,13052.52,604,1619.07,14,0,home_improvement,0.0269,0.2166,Low
61,58268.68,4.1,6576.29,575,8789.68,11,0,home_improvement,0.1508,0.1129,Low
37,103889.74,13.2,14546.34,577,19067.15,12,1,debt_consolidation,0.1835,0.14,High
60,46747.36,6.2,39015.86,501,3342.69,4,0,home_improvement,0.0715,0.8346,Low
51,48384.69,24.8,7296.58,621,7843.59,10,0,business,0.1621,0.1508,Low
54,27306.1,12.0,3580.59,796,3356.77,3,0,home_improvement,0.1229,0.1311,Low
44,107606.33,3.4,16143.56,707,5525.44,4,0,other,0.0513,0.15,Low
55,23177.29,3.3,33604.02,654,2672.54,4,0,debt_consolidation,0.1153,1.4498,Medium
26,54955.65,4.9,27689.12,694,3194.74,10,0,education,0.0581,0.5038,Low
39,36048.1,0.6,36070.63,825,4376.4,11,0,business,0.1214,1.0006,Medium
50,50572.25,4.7,6169.0,570,6031.03,6,0,home_improvement,0.1193,0.122,Low
27,25488.19,3.1,10518.48,588,16433.74,9,0,other,0.6447,0.4127,High
30,76560.13,5.1,16669.92,611,2553.92,5,0,medical,0.0334,0.2177,Medium
61,30406.46,4.2,3342.19,537,15928.03,14,0,debt_consolidation,0.5238,0.1099,Medium
52,87827.2,1.9,13139.8,676,8678.74,12,0,other,0.0988,0.1496,Low
54,30828.5,4.7,9709.75,625,2937.54,14,0,debt_consolidation,0.0953,0.3149,Low
48,79826.13,2.3,11522.77,700,2850.7,8,0,debt_consolidation,0.0357,0.1443,Low
35,32354.8,1.1,15683.03,717,1867.08,13,0,debt_consolidation,0.0577,0.4847,Medium
50,36051.19,5.6,10913.42,756,2561.44,2,0,home_improvement,0.071,0.3027,Low
57,48975.57,1.8,6946.53,708,1467.94,6,0,home_improvement,0.03,0.1418,Low
49,32081.56,11.0,20400.33,620,4930.48,5,0,debt_consolidation,0.1537,0.6359,Medium
42,31612.63,1.1,6902.22,609,3477.08,2,0,education,0.11,0.2183,Low
24,32267.94,4.6,12486.26,571,2757.24,10,0,home_improvement,0.0854,0.3869,Low
40,57493.54,4.2,8110.26,654,12935.55,6,0,other,0.225,0.1411,Medium
52,49009.79,1.1,20134.57,679,5533.44,11,0,other,0.1129,0.4108,Low
56,50327.94,2.9,5195.88,531,6241.88,6,0,education,0.124,0.1032,High
24,41676.12,5.6,12592.07,743,11186.03,9,0,debt_consolidation,0.2684,0.3021,Low
47,64495.45,1.9,16066.12,652,1942.97,0,0,business,0.0301,0.2491,Low
37,82870.05,0.6,15781.21,620,4227.97,5,0,education,0.051,0.1904,Low
32,65369.33,4.8,25452.2,569,11618.49,13,0,other,0.1777,0.3894,Medium
42,44157.33,1.3,21945.53,762,1545.95,14,0,home_improvement,0.035,0.497,Low
37,26625.04,5.7,17531.43,691,6328.98,13,0,debt_consolidation,0.2377,0.6584,High
30,18241.59,9.1,4043.74,719,16022.27,10,0,home_improvement,0.8783,0.2217,High
21,47456.44,0.7,18871.18,641,1139.2,6,0,business,0.024,0.3976,Medium
42,18095.24,2.9,27597.08,779,16068.84,12,0,debt_consolidation,0.888,1.525,High
46,44371.26,2.9,8382.37,716,9151.93,1,1,business,0.2063,0.1889,Medium
38,98845.33,5.0,26823.01,756,5712.29,9,0,business,0.0578,0.2714,Medium
34,27536.43,2.0,22986.35,743,12323.81,14,0,home_improvement,0.4475,0.8347,Medium
49,25769.49,2.7,8756.26,600,6615.7,2,0,business,0.2567,0.3398,High
32,67404.5,0.1,9736.03,666,2251.83,8,0,debt_consolidation,0.0334,0.1444,Low
56,12053.73,0.7,7501.16,757,3508.66,7,0,education,0.2911,0.6223,Medium
55,59332.0,4.2,25221.34,689,4594.06,10,0,education,0.0774,0.4251,Low
32,102155.83,1.2,8860.37,571,8009.38,0,0,debt_consolidation,0.0784,0.0867,Low
27,31690.03,0.8,8960.73,657,2764.96,2,0,debt_consolidation,0.0872,0.2828,Medium
49,29082.16,2.0,11606.63,715,5639.49,2,0,home_improvement,0.1939,0.3991,Low
31,65841.9,0.9,6796.66,533,5103.41,10,1,education,0.0775,0.1032,High
53,27299.62,0.3,17914.67,572,5602.71,11,0,home_improvement,0.2052,0.6562,Medium
26,73527.1,1.7,11180.65,536,8853.12,2,0,education,0.1204,0.1521,Medium
35,28434.12,0.9,25813.89,688,3442.99,1,0,education,0.1211,0.9078,Medium
52,118681.79,8.0,22267.05,775,2320.62,4,0,debt_consolidation,0.0196,0.1876,Low
31,68265.02,0.3,35539.58,488,4279.39,13,0,home_improvement,0.0627,0.5206,High
43,49962.2,6.9,5212.92,667,1403.07,13,0,other,0.0281,0.1043,Low
46,115309.77,2.4,6208.49,599,7455.39,12,0,debt_consolidation,0.0647,0.0538,Low
54,82106.45,5.6,13384.31,787,7252.84,2,0,medical,0.0883,0.163,Low
54,58941.95,0.3,14334.54,667,5755.57,11,0,debt_consolidation,0.0976,0.2432,Low
49,19310.23,12.7,11231.56,718,1744.6,2,0,business,0.0903,0.5816,Low
24,34518.58,7.3,35757.63,761,2290.92,10,1,other,0.0664,1.0359,Low
37,84347.87,0.8,10504.44,664,18124.63,0,0,business,0.2149,0.1245,Medium
55,25589.49,1.2,17686.18,506,4002.76,5,0,debt_consolidation,0.1564,0.6911,High
33,33427.64,5.2,16349.71,640,8868.82,13,0,debt_consolidation,0.2653,0.4891,Medium
61,29405.91,12.7,9289.34,667,40117.61,9,0,debt_consolidation,1.3642,0.3159,High
59,59944.74,3.0,17659.33,556,3871.79,13,0,home_improvement,0.0646,0.2946,Medium
35,79364.46,3.3,13329.43,499,7317.02,8,0,business,0.0922,0.168,High
49,79403.64,1.4,28089.82,539,4617.66,5,0,medical,0.0582,0.3538,High
49,32003.17,2.4,26848.24,756,8308.0,12,1,business,0.2596,0.8389,High
31,59535.57,1.7,2944.12,557,7446.58,5,1,other,0.1251,0.0495,Medium
52,31258.88,2.2,5309.24,850,7454.98,3,0,education,0.2385,0.1698,Medium
22,44122.53,0.1,12244.38,765,16230.29,0,0,business,0.3678,0.2775,Medium
34,63581.9,0.2,22423.78,723,2749.95,1,0,debt_consolidation,0.0432,0.3527,Low
40,83340.31,5.7,14384.26,526,5744.94,1,0,education,0.0689,0.1726,Medium
42,16735.73,5.7,17132.84,763,4717.78,9,0,home_improvement,0.2819,1.0237,Medium
31,51498.98,2.0,71218.4,610,2143.93,12,0,home_improvement,0.0416,1.3829,Medium
47,99076.41,10.8,9193.63,503,5652.78,0,1,debt_consolidation,0.0571,0.0928,High
23,55056.2,1.5,17418.4,671,12312.98,1,0,debt_consolidation,0.2236,0.3164,Low
37,51088.09,2.5,14744.76,686,1538.45,14,0,home_improvement,0.0301,0.2886,Low
64,36993.46,6.6,22367.89,586,11090.89,4,0,debt_consolidation,0.2998,0.6046,Medium
48,97770.33,6.8,23627.03,602,6857.82,3,0,home_improvement,0.0701,0.2417,Medium
49,37858.39,9.9,18639.36,636,10282.17,7,0,medical,0.2716,0.4923,Low
41,46626.55,0.1,30967.08,634,5056.06,2,0,home_improvement,0.1084,0.6641,Low
36,38750.29,1.0,29850.66,710,54129.28,3,0,business,1.3968,0.7703,High
57,51745.76,5.1,17128.18,628,6906.68,7,0,medical,0.1335,0.331,Low
40,99990.05,2.1,12541.23,782,5857.96,0,1,debt_consolidation,0.0586,0.1254,Low
26,31161.75,0.2,15897.65,675,5296.67,11,0,other,0.17,0.5101,Low
39,51858.63,4.4,4932.72,517,2668.84,6,0,business,0.0515,0.0951,Low
25,59607.24,2.5,9744.96,742,3954.84,5,0,education,0.0663,0.1635,Low
23,32657.63,2.3,7484.33,583,3476.1,4,0,medical,0.1064,0.2292,High
21,47595.43,1.5,22789.77,741,7961.52,0,0,education,0.1673,0.4788,Low
58,123706.87,0.0,30037.56,677,10753.07,14,0,debt_consolidation,0.0869,0.2428,Medium
35,20246.87,1.0,19863.95,585,11957.46,1,1,debt_consolidation,0.5906,0.981,Medium
54,39711.64,3.2,12362.42,617,3657.9,4,0,debt_consolidation,0.0921,0.3113,Medium
55,55563.39,1.6,8571.76,687,1678.76,13,0,debt_consolidation,0.0302,0.1543,Medium
45,40620.52,10.4,22605.29,672,9016.41,8,1,medical,0.222,0.5565,High
44,207549.21,0.8,25014.22,726,2519.14,6,0,business,0.0121,0.1205,Medium
32,64495.15,10.4,12615.38,685,12860.19,13,0,debt_consolidation,0.1994,0.1956,Low
38,29080.28,2.6,13847.87,650,7595.46,6,0,home_improvement,0.2612,0.4762,Medium
35,15239.11,1.6,10825.27,658,8007.16,13,0,debt_consolidation,0.5254,0.7103,Medium
64,58112.61,1.8,17149.54,635,2938.69,0,0,medical,0.0506,0.2951,Low
36,33596.95,2.0,10580.38,692,3833.54,12,0,business,0.1141,0.3149,Medium
47,93381.57,3.5,12741.72,684,3379.44,7,1,debt_consolidation,0.0362,0.1364,Medium
28,42726.18,2.2,6617.81,671,11924.58,3,0,medical,0.2791,0.1549,Medium
45,36894.74,5.2,15636.13,834,2304.69,14,0,medical,0.0625,0.4238,Low
37,36584.37,2.8,38208.18,680,10478.72,11,0,education,0.2864,1.0444,Medium
49,80278.3,5.6,16455.14,748,10153.77,1,1,home_improvement,0.1265,0.205,High
28,60342.47,4.6,24970.27,598,4374.79,6,0,education,0.0725,0.4138,Low
35,117945.55,1.4,21123.41,651,20556.89,5,0,home_improvement,0.1743,0.1791,Medium
47,44022.07,8.4,12415.16,479,7579.77,8,0,home_improvement,0.1722,0.282,High
27,75443.53,8.0,13250.34,657,926.15,11,0,home_improvement,0.0123,0.1756,Low
23,76091.21,22.5,9617.78,601,6588.45,8,0,other,0.0866,0.1264,Low
49,68658.95,1.0,24033.59,593,2227.19,3,0,home_improvement,0.0324,0.35,Low
64,37989.73,9.4,17693.27,667,3593.74,4,0,home_improvement,0.0946,0.4657,Low
44,62112.59,10.3,24386.46,618,11661.96,13,1,medical,0.1878,0.3926,High
23,46694.37,5.1,14246.18,527,2621.65,12,0,debt_consolidation,0.0561,0.3051,Low
40,46084.96,3.5,4566.0,634,10877.02,11,0,debt_consolidation,0.236,0.0991,Medium
35,32764.3,15.8,8666.19,850,4906.19,4,0,education,0.1497,0.2645,Low
45,16980.67,18.0,24362.32,684,4139.14,13,0,education,0.2437,1.4346,Medium
50,91508.6,5.1,11873.82,672,1825.54,7,0,business,0.0199,0.1298,Low
34,60826.4,2.2,25278.07,560,2111.92,0,1,education,0.0347,0.4156,Medium
27,25044.28,8.5,31144.96,551,10381.9,5,1,debt_consolidation,0.4145,1.2435,Medium
37,70182.57,0.5,23340.01,575,3270.96,4,0,business,0.0466,0.3326,Low
64,92417.14,1.7,22812.96,672,3863.39,1,0,debt_consolidation,0.0418,0.2468,Medium
40,72318.39,21.2,2662.74,552,4718.0,3,0,other,0.0652,0.0368,Medium
56,31388.0,8.4,11611.5,764,7154.23,6,1,business,0.2279,0.3699,High
29,33996.2,14.0,13311.58,557,20658.34,1,0,debt_consolidation,0.6076,0.3915,Medium
58,37274.4,4.5,22854.08,715,8142.15,5,0,education,0.2184,0.6131,Medium
42,75398.48,2.6,14302.61,671,43013.79,4,1,business,0.5705,0.1897,Medium
22,62285.25,19.5,5447.37,770,8151.1,11,0,other,0.1309,0.0875,Low
44,197826.53,1.9,5522.26,562,1920.2,11,0,debt_consolidation,0.0097,0.0279,Low
28,21580.76,7.1,9986.92,850,5447.72,0,0,debt_consolidation,0.2524,0.4627,Low
31,47748.4,4.1,67030.16,665,33119.99,0,0,debt_consolidation,0.6936,1.4038,High
33,18697.07,1.3,15807.96,746,21137.92,7,0,home_improvement,1.1305,0.8454,High
37,66060.35,0.1,18164.36,681,12906.53,12,1,debt_consolidation,0.1954,0.275,Medium
28,83570.62,2.4,5516.73,565,1343.1,14,0,education,0.0161,0.066,Low
41,100816.07,4.0,25903.33,589,16113.67,8,0,debt_consolidation,0.1598,0.2569,High
38,53866.34,1.0,11042.93,652,3261.77,6,0,debt_consolidation,0.0606,0.205,Medium
50,18832.61,2.7,32950.79,588,6181.68,8,0,home_improvement,0.3282,1.7496,High
38,47806.92,4.8,6338.13,662,4970.19,1,0,business,0.104,0.1326,Medium
51,60985.72,6.3,12628.17,721,3974.3,9,0,debt_consolidation,0.0652,0.2071,Medium
58,29656.21,0.3,9829.51,753,4799.51,9,0,business,0.1618,0.3314,Medium
52,42937.92,5.5,19556.12,784,3712.32,12,0,home_improvement,0.0865,0.4554,Low
31,25886.46,0.3,24051.85,646,1025.57,7,0,education,0.0396,0.9291,Medium
45,36085.55,0.1,9156.23,616,1829.67,14,1,education,0.0507,0.2537,High
53,77360.63,0.8,21655.52,511,8158.48,13,0,education,0.1055,0.2799,High
58,68877.27,5.3,31297.16,461,14275.96,5,0,other,0.2073,0.4544,Medium
61,24401.26,0.3,24066.68,642,5561.46,6,0,medical,0.2279,0.9862,Low
28,34458.38,0.1,9468.86,750,8856.66,6,0,medical,0.257,0.2748,Medium
31,50440.31,0.6,10359.1,660,3998.76,14,0,home_improvement,0.0793,0.2054,Medium
42,54899.64,15.0,11759.02,683,4000.87,5,0,home_improvement,0.0729,0.2142,Medium
44,35191.23,11.9,23578.31,568,3162.92,3,0,debt_consolidation,0.0899,0.67,Medium
61,62207.37,0.5,17282.24,614,1529.46,2,1,home_improvement,0.0246,0.2778,Medium
37,48163.6,1.8,6280.36,744,7371.72,12,0,home_improvement,0.1531,0.1304,Low
32,13516.75,14.7,13232.29,685,4125.78,11,0,debt_consolidation,0.3052,0.9789,Medium
52,36833.57,0.5,35645.93,613,11875.87,8,1,debt_consolidation,0.3224,0.9677,High
35,36311.4,0.5,24137.23,704,7789.89,4,1,home_improvement,0.2145,0.6647,High
36,68812.24,0.4,9316.2,660,7594.38,11,0,other,0.1104,0.1354,Medium
42,69426.9,18.7,5315.78,737,4943.22,12,0,education,0.0712,0.0766,Low
48,21246.52,6.8,9903.17,689,1720.59,0,0,other,0.081,0.4661,Low
40,61037.02,1.2,13332.66,624,2092.18,0,0,business,0.0343,0.2184,Low
53,47241.03,0.2,10437.98,632,3688.41,7,1,other,0.0781,0.2209,Medium
30,52219.55,16.8,7412.96,540,10790.05,4,0,debt_consolidation,0.2066,0.142,Low
60,36065.3,2.8,18987.66,520,8629.06,13,1,business,0.2393,0.5265,High
52,47528.51,4.6,3184.36,615,38081.47,4,0,debt_consolidation,0.8012,0.067,Medium
53,87130.6,1.6,26181.79,758,1965.53,10,1,debt_consolidation,0.0226,0.3005,Medium
22,51849.1,7.1,21014.38,684,10042.99,1,0,other,0.1937,0.4053,Low
53,47991.86,1.1,17260.61,627,2226.47,7,0,business,0.0464,0.3596,Low
53,38576.49,7.7,19100.51,703,10649.1,11,0,debt_consolidation,0.276,0.4951,High
61,82961.17,1.3,11266.59,739,5824.34,5,0,home_improvement,0.0702,0.1358,Low
33,25838.12,0.5,13144.13,601,1424.09,0,0,medical,0.0551,0.5087,Low
50,32827.28,3.3,32270.06,602,4506.48,8,0,debt_consolidation,0.1373,0.983,Medium
53,25106.81,8.4,12194.37,850,15045.14,11,0,debt_consolidation,0.5992,0.4857,Low
33,54194.93,2.4,16823.39,579,4983.07,5,0,medical,0.0919,0.3104,High
46,88421.8,0.1,18327.56,606,6682.42,12,0,education,0.0756,0.2073,Medium
42,41589.47,4.0,14231.62,621,9152.32,2,0,debt_consolidation,0.2201,0.3422,Medium
59,28718.51,5.7,11749.44,570,3389.88,5,0,debt_consolidation,0.118,0.4091,High
22,111104.14,6.7,4684.55,496,17121.13,3,0,debt_consolidation,0.1541,0.0422,Medium
58,61429.26,2.6,21795.18,657,6531.64,12,0,debt_consolidation,0.1063,0.3548,Low
59,56317.58,0.5,25506.64,600,13456.67,8,0,other,0.2389,0.4529,Low
46,44573.94,4.4,13955.12,686,6608.42,12,0,education,0.1483,0.3131,Low
35,68494.39,2.0,28169.33,583,5242.61,7,0,business,0.0765,0.4113,Medium
54,55878.1,14.7,16780.03,751,2950.71,1,0,home_improvement,0.0528,0.3003,Low
62,38536.68,3.5,4119.68,646,9376.26,2,0,business,0.2433,0.1069,High
64,41902.41,3.2,7095.78,583,3561.67,14,1,debt_consolidation,0.085,0.1693,Low
60,29438.44,1.8,9962.61,595,3571.65,7,0,debt_consolidation,0.1213,0.3384,Low
31,27659.3,2.1,9264.79,630,839.07,1,0,home_improvement,0.0303,0.3349,Low
23,42263.28,3.6,13968.38,760,2388.21,9,0,medical,0.0565,0.3305,Low
26,87300.15,1.8,7702.05,603,2780.74,7,0,education,0.0319,0.0882,Medium
29,29229.05,11.1,37126.35,521,4621.52,7,0,education,0.1581,1.2701,High
26,74472.49,2.9,3671.52,789,7853.81,4,0,debt_consolidation,0.1055,0.0493,Low
29,32877.13,1.7,12726.76,506,3073.53,14,0,other,0.0935,0.3871,Medium
59,20064.32,0.8,8521.35,838,3078.26,4,0,debt_consolidation,0.1534,0.4247,Low
51,64427.76,5.6,6112.93,503,15209.94,7,0,business,0.2361,0.0949,High
52,110678.41,0.1,19030.72,619,10201.19,13,0,home_improvement,0.0922,0.1719,Medium
61,31956.55,3.0,7281.65,615,3990.2,6,0,business,0.1249,0.2279,Medium
32,22360.8,4.0,13687.23,720,3316.54,13,0,other,0.1483,0.6121,Low
28,61540.91,2.1,7549.93,706,2046.09,14,0,debt_consolidation,0.0332,0.1227,Medium
28,30896.95,6.9,4261.26,806,6892.37,11,1,debt_consolidation,0.2231,0.1379,Medium
48,64107.93,5.6,11688.0,528,16229.4,13,0,home_improvement,0.2532,0.1823,High
40,87180.83,17.8,16049.68,512,3384.1,7,1,business,0.0388,0.1841,High
27,57832.65,3.6,9332.28,734,5433.56,0,0,debt_consolidation,0.094,0.1614,Low
31,73488.5,3.9,29431.96,832,6777.04,10,0,debt_consolidation,0.0922,0.4005,Low
40,73740.4,1.4,15954.22,748,2889.05,6,0,education,0.0392,0.2164,Low
36,80416.4,2.4,20633.26,709,2039.33,6,1,education,0.0254,0.2566,Low
24,50141.55,0.1,9006.69,745,1801.12,1,0,education,0.0359,0.1796,Low
26,72369.35,5.8,9146.67,542,13022.61,12,1,home_improvement,0.1799,0.1264,High
42,53220.6,1.9,10900.24,631,3868.06,8,0,business,0.0727,0.2048,Low
46,59614.86,3.9,10808.88,653,12070.68,11,0,business,0.2025,0.1813,Low
23,225450.45,1.5,10124.28,642,5676.54,14,0,education,0.0252,0.0449,Low
61,55315.05,4.9,6865.65,692,22903.77,12,0,debt_consolidation,0.4141,0.1241,Low
62,23181.74,3.0,21468.15,648,1746.47,11,0,business,0.0753,0.926,Medium
34,44413.13,3.3,5540.13,614,10907.41,13,0,other,0.2456,0.1247,Low
31,41971.12,14.3,19448.35,558,3812.69,14,0,debt_consolidation,0.0908,0.4634,Low
38,42941.89,6.1,21978.75,638,1466.59,5,0,debt_consolidation,0.0342,0.5118,High
32,78961.94,1.5,11246.77,546,3171.9,7,0,debt_consolidation,0.0402,0.1424,Low
43,86275.05,3.5,61154.61,642,551.93,13,0,education,0.0064,0.7088,Low
32,46498.83,3.1,13433.32,676,1175.46,12,0,medical,0.0253,0.2889,Low
33,24442.11,7.9,11208.25,597,8330.75,14,0,debt_consolidation,0.3408,0.4585,Medium
45,51510.85,9.0,11521.09,710,4629.13,5,0,debt_consolidation,0.0899,0.2237,Low
39,37358.12,1.7,25631.41,732,7755.84,6,0,education,0.2076,0.6861,High
56,54458.94,8.6,11393.77,610,6445.9,2,0,education,0.1184,0.2092,Low
28,46143.85,1.0,19555.93,619,4816.61,1,0,debt_consolidation,0.1044,0.4238,Low
49,90055.26,7.2,5936.05,709,10597.24,3,0,debt_consolidation,0.1177,0.0659,Low
52,56241.15,1.4,14587.87,569,1598.17,3,0,education,0.0284,0.2594,Medium
64,37417.89,1.8,24150.53,561,10632.98,11,0,home_improvement,0.2842,0.6454,High
38,24519.74,9.6,13036.66,622,4203.59,12,0,business,0.1714,0.5317,High
26,47857.97,2.7,8486.38,649,5156.92,11,0,medical,0.1078,0.1773,Medium
38,47943.63,23.3,11259.63,606,15310.33,12,0,debt_consolidation,0.3193,0.2348,Medium
39,42992.01,0.8,5683.85,696,1574.47,14,0,debt_consolidation,0.0366,0.1322,Low
42,72233.69,3.1,23095.55,541,7903.58,4,0,business,0.1094,0.3197,High
57,24553.53,6.6,27784.42,686,2134.03,14,0,education,0.0869,1.1315,Low
52,33480.82,0.0,12380.52,607,15261.79,6,0,home_improvement,0.4558,0.3698,Low
61,50335.14,0.8,33117.68,777,21181.43,13,0,debt_consolidation,0.4208,0.6579,Low
23,37058.24,0.1,20839.98,723,8607.77,2,0,debt_consolidation,0.2323,0.5623,Low
48,41013.04,24.7,13507.68,660,10942.33,5,0,debt_consolidation,0.2668,0.3293,Medium
30,47566.04,7.1,29941.54,647,929.91,12,0,debt_consolidation,0.0195,0.6295,Medium
55,69077.37,2.3,20489.53,609,2923.84,7,0,home_improvement,0.0423,0.2966,Low
49,46616.66,0.8,27262.01,437,4919.68,13,0,business,0.1055,0.5848,High
35,18309.18,0.5,30799.69,659,6457.58,7,0,debt_consolidation,0.3527,1.6821,Medium
53,36264.75,3.8,11574.11,741,3387.87,8,1,debt_consolidation,0.0934,0.3191,Low
27,62811.42,18.6,20199.77,575,3365.33,11,0,medical,0.0536,0.3216,High
32,71778.25,5.6,4191.2,584,2676.23,1,0,debt_consolidation,0.0373,0.0584,Medium
50,73786.34,2.3,6653.54,658,5053.11,3,0,debt_consolidation,0.0685,0.0902,Low
41,85015.5,3.5,18083.67,549,2393.96,0,0,home_improvement,0.0282,0.2127,Medium
51,52011.42,34.1,16612.94,592,1037.72,6,0,debt_consolidation,0.02,0.3194,Low
44,55914.69,3.7,7555.79,615,515.95,5,0,education,0.0092,0.1351,Low
40,29526.57,16.6,10645.85,660,7370.35,12,0,debt_consolidation,0.2496,0.3605,Low
57,16526.37,0.1,16545.61,815,5330.97,13,1,home_improvement,0.3226,1.0011,High
24,24129.94,6.4,13325.0,646,4865.05,2,0,business,0.2016,0.5522,Medium
48,34512.65,4.9,11648.58,681,10681.1,4,0,debt_consolidation,0.3095,0.3375,Low
64,24838.44,5.8,5732.29,644,1394.62,2,1,education,0.0561,0.2308,Medium
40,42342.07,4.2,16486.31,674,4396.0,9,0,debt_consolidation,0.1038,0.3894,High
44,38908.03,0.2,11923.46,662,15379.37,11,1,business,0.3953,0.3064,High
52,78347.83,0.8,49201.37,727,3602.54,6,0,medical,0.046,0.628,Low
61,30195.0,12.8,31038.27,785,4161.3,7,0,debt_consolidation,0.1378,1.0279,Low
56,52590.51,1.3,14482.22,638,10756.82,12,1,business,0.2045,0.2754,Medium
54,39740.1,24.8,4169.43,621,4014.62,10,0,medical,0.101,0.1049,Low
56,29634.98,5.7,57230.59,840,1154.55,10,0,debt_consolidation,0.039,1.9311,Medium
22,34069.04,2.9,21809.23,786,4373.71,7,0,debt_consolidation,0.1284,0.6401,Low
35,17577.42,12.6,9601.35,678,2878.4,8,0,debt_consolidation,0.1637,0.5462,Medium
54,71265.91,7.9,22732.72,751,1826.31,8,0,debt_consolidation,0.0256,0.319,Low
56,98827.44,2.8,21531.05,780,14563.62,3,0,education,0.1474,0.2179,Low
26,42884.55,0.4,9014.56,633,5800.45,10,0,home_improvement,0.1353,0.2102,Medium
59,49738.33,10.1,7643.37,728,10688.13,9,0,home_improvement,0.2149,0.1537,Low
62,42280.07,7.2,20850.19,664,1423.8,10,0,debt_consolidation,0.0337,0.4931,Low
32,32531.18,7.8,25471.26,667,3792.92,10,0,medical,0.1166,0.783,High
23,69734.57,6.8,16198.77,715,10198.05,4,0,home_improvement,0.1462,0.2323,Low
38,57499.65,1.6,15578.27,791,7174.58,12,0,education,0.1248,0.2709,Low
60,11429.27,9.8,30102.82,695,13280.14,8,0,debt_consolidation,1.1618,2.6336,High
41,29222.51,0.0,12209.74,726,3414.06,4,0,education,0.1168,0.4178,Medium
35,17561.59,1.4,2360.83,725,5386.16,2,0,business,0.3067,0.1344,Medium
53,106692.61,0.2,18409.35,758,5746.75,12,0,debt_consolidation,0.0539,0.1725,Medium
55,44985.06,0.6,26679.42,699,6161.74,8,0,education,0.137,0.5931,Medium
46,55290.19,3.8,17767.98,672,5331.81,7,0,home_improvement,0.0964,0.3214,Medium
28,41083.11,0.2,6202.03,626,3495.07,11,0,business,0.0851,0.151,High
56,85080.09,1.0,9091.92,706,9238.21,7,0,education,0.1086,0.1069,Low
50,75384.17,1.3,12287.86,623,8315.26,5,1,debt_consolidation,0.1103,0.163,High
43,44013.88,5.3,6041.83,661,5960.42,1,0,education,0.1354,0.1373,Medium
62,115727.84,3.2,9453.3,571,2787.35,13,0,home_improvement,0.0241,0.0817,Medium
64,53780.12,3.1,30849.78,823,3929.31,5,0,other,0.0731,0.5736,Low
34,23622.09,7.3,7356.51,566,1435.86,2,0,medical,0.0608,0.3114,High
34,51534.63,3.1,11179.21,699,3382.79,1,0,education,0.0656,0.2169,Low
22,63495.25,2.1,20536.98,591,5018.61,13,1,education,0.079,0.3234,High
57,45861.79,16.4,5085.83,544,10558.44,5,0,medical,0.2302,0.1109,Medium
25,39905.06,0.0,30139.29,692,2935.54,7,0,education,0.0736,0.7553,High
58,118442.24,1.8,9222.3,774,3398.97,6,0,other,0.0287,0.0779,Low
61,27094.03,4.7,7102.21,592,10328.77,3,0,medical,0.3812,0.2621,Medium
34,12309.7,7.6,30719.21,701,13260.28,7,0,home_improvement,1.0771,2.4953,High
59,110142.14,8.5,22540.26,798,4128.12,7,0,education,0.0375,0.2046,Low
45,26555.08,0.2,7223.39,838,8242.89,6,1,medical,0.3104,0.272,Low
40,42475.85,6.2,10625.46,632,2515.25,10,0,medical,0.0592,0.2501,Low
22,40590.28,6.4,15837.77,651,5673.89,1,0,business,0.1398,0.3902,Medium
59,90750.95,1.2,10979.82,665,4782.28,3,0,business,0.0527,0.121,Low
26,100451.29,0.6,28871.84,713,2085.62,2,0,debt_consolidation,0.0208,0.2874,Low
37,25688.85,6.9,22426.14,641,6297.49,6,1,home_improvement,0.2451,0.873,Medium
45,96611.67,1.4,2205.1,708,3403.16,11,0,business,0.0352,0.0228,Low
48,95722.16,0.0,8137.41,651,19798.33,13,0,business,0.2068,0.085,Low
22,49497.5,1.3,9661.56,595,3022.15,2,0,education,0.0611,0.1952,Low
55,78141.09,0.2,10074.31,691,1274.81,6,0,medical,0.0163,0.1289,Low
57,82159.27,1.4,17459.22,610,5184.63,10,0,business,0.0631,0.2125,Medium
25,43208.22,2.0,26393.46,576,8669.63,7,1,business,0.2006,0.6108,High
21,45307.0,1.6,9096.74,656,3923.82,13,0,home_improvement,0.0866,0.2008,Low
60,65819.01,12.6,6794.55,590,7015.29,3,0,debt_consolidation,0.1066,0.1032,Low
32,21714.54,1.3,10999.71,627,9204.56,6,0,home_improvement,0.4239,0.5065,Medium
56,41072.61,3.2,3644.37,733,3727.77,8,0,business,0.0908,0.0887,Low
43,26898.36,15.8,20294.82,608,39410.34,6,0,home_improvement,1.4651,0.7545,High
51,99886.43,10.6,12392.88,559,4026.07,1,1,business,0.0403,0.1241,Medium
31,40831.48,1.8,10416.9,702,22203.51,8,0,business,0.5438,0.2551,High
30,56285.2,2.0,15233.48,743,10609.03,4,0,debt_consolidation,0.1885,0.2706,Low
23,43949.39,4.5,7703.16,620,18791.49,9,0,debt_consolidation,0.4276,0.1753,High
34,42542.46,12.5,10828.25,763,9079.62,10,0,debt_consolidation,0.2134,0.2545,Low
36,54474.24,0.1,8892.66,701,7069.72,5,0,business,0.1298,0.1632,Low
30,34019.13,2.5,4288.3,771,2673.52,1,1,home_improvement,0.0786,0.1261,Low
49,44389.53,9.5,13306.09,579,3493.6,9,0,business,0.0787,0.2998,Medium
30,44226.46,2.6,60513.78,511,2327.85,12,0,business,0.0526,1.3682,High
32,39671.66,6.4,13585.58,697,6617.26,14,0,debt_consolidation,0.1668,0.3424,Medium
50,59607.01,5.9,8400.95,654,12263.39,13,0,business,0.2057,0.1409,Medium
61,39202.74,1.1,13823.3,673,5861.71,6,0,other,0.1495,0.3526,Low
21,109705.8,3.0,6926.53,689,8286.19,8,0,other,0.0755,0.0631,Medium
25,67136.43,4.2,9338.82,779,13212.39,10,0,home_improvement,0.1968,0.1391,Low
40,24967.87,6.3,10347.06,602,3131.0,1,0,debt_consolidation,0.1254,0.4144,Low
28,64565.72,8.6,9576.94,790,8795.34,8,0,other,0.1362,0.1483,Low
63,34726.56,7.1,11200.04,614,13932.19,4,0,education,0.4012,0.3225,High
32,52462.04,0.1,20221.02,693,10328.52,0,0,debt_consolidation,0.1969,0.3854,Low
21,34009.74,5.6,10467.11,685,16411.19,4,0,home_improvement,0.4825,0.3078,Medium
40,16363.33,3.4,11185.15,591,13911.48,13,0,home_improvement,0.8501,0.6835,High
48,48490.99,4.3,4228.33,690,2397.2,1,0,home_improvement,0.0494,0.0872,Low
63,23927.7,2.3,6041.19,574,3652.18,7,0,business,0.1526,0.2525,Medium
57,60467.28,6.3,14028.78,497,7442.17,2,1,education,0.1231,0.232,High
57,53497.62,5.6,26504.31,731,5376.48,8,0,medical,0.1005,0.4954,Low
32,36245.04,4.3,11932.44,735,855.02,14,0,debt_consolidation,0.0236,0.3292,Low
57,122121.11,9.9,12780.84,537,728.98,4,0,home_improvement,0.006,0.1047,Low
64,26379.86,0.5,5702.76,631,992.87,2,0,education,0.0376,0.2162,Medium
48,35876.26,1.8,8165.11,563,10628.49,14,0,education,0.2962,0.2276,Low
35,27991.45,3.4,15412.93,702,6667.76,9,1,medical,0.2382,0.5506,Medium
26,136033.71,15.9,27491.86,740,3966.22,0,0,education,0.0292,0.2021,Low
64,96386.56,0.4,15072.67,581,3085.51,3,0,debt_consolidation,0.032,0.1564,Low
40,24075.24,2.1,12348.24,476,9510.02,6,0,education,0.395,0.5129,High
34,32442.01,13.0,15600.39,690,8380.17,2,0,debt_consolidation,0.2583,0.4809,Low
22,32996.96,11.4,7284.33,699,1442.94,8,0,business,0.0437,0.2208,Low
29,37221.3,10.0,7639.76,581,2310.73,14,0,education,0.0621,0.2052,Low
57,29103.38,1.8,11630.87,610,3673.34,4,0,medical,0.1262,0.3996,Medium
40,36211.23,9.4,6679.87,588,3258.51,11,1,business,0.09,0.1845,Medium
46,81018.77,3.5,20334.12,651,3861.07,10,0,business,0.0477,0.251,High
49,129761.86,4.8,23468.39,717,3007.53,13,0,debt_consolidation,0.0232,0.1809,Low
21,22647.41,1.4,11345.9,683,2588.83,13,0,debt_consolidation,0.1143,0.501,Medium
55,29127.75,6.1,21023.67,694,6662.7,11,0,debt_consolidation,0.2287,0.7217,Low
26,54544.91,2.0,32611.69,548,6343.87,10,0,debt_consolidation,0.1163,0.5979,Medium
57,22244.44,2.1,17014.27,605,999.63,5,0,home_improvement,0.0449,0.7648,High
25,55255.1,5.1,22883.2,745,2895.69,6,0,home_improvement,0.0524,0.4141,Low
53,64218.81,1.4,12764.07,554,1081.75,9,1,home_improvement,0.0168,0.1988,Medium
34,69586.53,1.3,22929.3,583,16931.61,13,0,medical,0.2433,0.3295,Medium
32,63327.33,2.3,12394.18,701,4846.02,12,0,debt_consolidation,0.0765,0.1957,Low
62,37510.48,7.5,8794.34,504,3622.14,4,1,debt_consolidation,0.0966,0.2344,Medium
40,44764.25,1.3,20253.07,570,6907.65,1,1,home_improvement,0.1543,0.4524,Medium
44,27179.99,7.7,15242.85,713,11773.04,2,0,debt_consolidation,0.4331,0.5608,Low
63,61831.57,5.9,21330.1,528,1076.31,10,0,debt_consolidation,0.0174,0.345,Low
54,109281.25,5.7,8564.39,589,2514.94,12,1,other,0.023,0.0784,High
45,61765.51,3.2,16163.28,698,4909.9,8,0,home_improvement,0.0795,0.2617,Low
49,34630.83,6.8,23513.95,561,1900.46,13,0,debt_consolidation,0.0549,0.679,High
59,80611.45,0.1,10221.89,718,2862.29,14,1,debt_consolidation,0.0355,0.1268,Medium
51,159983.08,1.8,21603.64,672,1172.84,2,0,education,0.0073,0.135,Low
63,55357.91,5.7,34327.09,629,2364.56,1,0,home_improvement,0.0427,0.6201,Low
43,64681.88,21.8,9382.74,498,2552.87,7,0,debt_consolidation,0.0395,0.1451,Low
64,68792.54,0.0,15668.25,652,18007.92,12,1,education,0.2618,0.2278,Medium
58,21977.43,3.6,38282.96,525,8137.25,7,0,education,0.3702,1.7418,Medium
40,39912.26,12.9,5645.89,512,1653.73,6,0,home_improvement,0.0414,0.1415,Medium
43,37913.66,10.0,17031.27,682,3176.44,1,0,other,0.0838,0.4492,Low
36,74416.53,0.1,20245.85,672,6328.46,1,0,home_improvement,0.085,0.2721,Low
62,70205.69,3.8,13525.83,489,2622.42,2,0,home_improvement,0.0374,0.1927,Medium
28,46149.05,0.0,51142.44,628,2873.76,13,0,education,0.0623,1.1082,Low
41,36792.93,7.8,17935.01,688,18118.13,9,0,medical,0.4924,0.4874,Medium
21,21093.12,1.8,29938.44,671,1838.89,12,0,debt_consolidation,0.0872,1.4193,Medium
28,48644.49,7.3,22030.42,666,25963.59,0,1,education,0.5337,0.4529,High
49,30415.75,14.5,32750.97,629,1816.46,12,0,business,0.0597,1.0767,Medium
52,28588.2,18.7,14849.44,736,907.57,11,0,debt_consolidation,0.0317,0.5194,Low
58,77896.35,11.2,6105.19,663,18058.42,4,0,debt_consolidation,0.2318,0.0784,High
25,73936.35,1.1,18542.37,741,6237.94,11,0,debt_consolidation,0.0844,0.2508,Low
42,38395.78,1.1,4858.18,654,4339.52,2,0,medical,0.113,0.1265,High
54,22370.04,4.9,10935.08,559,6695.74,3,0,other,0.2993,0.4888,High
21,32438.27,3.9,10098.93,664,1549.53,8,0,medical,0.0478,0.3113,Low
46,80549.48,0.0,10585.62,542,3148.42,6,1,home_improvement,0.0391,0.1314,Medium
63,61936.15,2.5,28524.68,684,10541.89,6,0,medical,0.1702,0.4605,Medium
30,38719.46,11.9,13157.26,802,2837.44,2,0,debt_consolidation,0.0733,0.3398,Low
50,50482.23,11.4,45865.3,655,2797.62,6,0,education,0.0554,0.9085,Low
38,17371.55,1.1,12850.73,642,12337.79,14,0,debt_consolidation,0.7102,0.7397,Medium
37,16726.3,2.4,3705.08,722,4708.27,8,0,debt_consolidation,0.2815,0.2215,High
46,131737.06,4.1,9364.47,671,6517.02,14,1,debt_consolidation,0.0495,0.0711,Low
28,63149.68,9.6,22256.09,841,1574.75,11,0,other,0.0249,0.3524,Low
60,49061.56,3.8,5951.38,647,4921.07,10,0,education,0.1003,0.1213,Low
32,40195.97,17.2,10790.48,675,14924.19,11,0,business,0.3713,0.2684,Medium
47,20314.35,8.0,21803.53,733,1160.39,9,0,other,0.0571,1.0733,Low
28,80547.88,15.3,11055.96,533,2249.36,8,0,home_improvement,0.0279,0.1373,Low
45,27765.67,6.6,9577.01,707,12989.83,9,0,debt_consolidation,0.4678,0.3449,Low
24,69709.46,10.5,28354.81,615,6682.89,0,0,business,0.0959,0.4068,Low
53,52365.35,8.9,11659.27,626,2569.91,8,0,medical,0.0491,0.2226,Low
21,47760.43,1.5,7148.43,711,4569.64,2,0,debt_consolidation,0.0957,0.1497,Low
39,25560.84,1.3,22030.22,594,3861.05,5,0,home_improvement,0.151,0.8618,High
51,25731.6,10.0,26425.26,631,815.38,1,0,education,0.0317,1.0269,Medium
36,59573.56,0.4,14888.55,638,5160.87,3,0,medical,0.0866,0.2499,Medium
34,51001.4,2.6,9435.63,643,1412.16,2,0,home_improvement,0.0277,0.185,Medium
25,50190.63,8.6,7844.82,595,6112.25,5,1,debt_consolidation,0.1218,0.1563,Low
61,56557.94,8.4,9583.87,695,1374.42,0,0,education,0.0243,0.1694,Low
46,18613.24,0.7,6270.85,555,9797.34,3,0,home_improvement,0.5263,0.3369,Medium
48,81435.94,3.3,9941.44,500,4535.65,0,0,other,0.0557,0.1221,Medium
22,41029.64,3.3,18575.01,626,1888.64,0,0,debt_consolidation,0.046,0.4527,Low
26,87976.28,2.0,20785.31,693,1913.08,3,0,home_improvement,0.0217,0.2363,Low
29,17958.84,12.5,13578.79,695,2811.14,4,0,education,0.1565,0.7561,Medium
53,65154.26,5.3,16805.55,675,4530.35,11,0,debt_consolidation,0.0695,0.2579,Low
61,64847.24,19.6,11601.85,623,3842.15,6,0,debt_consolidation,0.0592,0.1789,Low
45,23316.9,0.3,8618.92,682,6032.99,7,0,education,0.2587,0.3696,High
33,35609.65,2.5,10878.53,639,5673.04,2,0,debt_consolidation,0.1593,0.3055,Medium
29,28861.01,9.0,26227.94,645,10275.85,11,0,debt_consolidation,0.356,0.9087,High
33,75478.74,2.7,3408.95,448,26585.35,2,0,debt_consolidation,0.3522,0.0452,High
51,57207.73,1.5,6716.12,614,4046.63,9,0,medical,0.0707,0.1174,High
61,109035.02,30.6,10057.07,493,4261.17,3,0,medical,0.0391,0.0922,Low
31,54256.44,10.3,6858.79,819,6660.51,5,0,debt_consolidation,0.1228,0.1264,Low
24,70694.43,4.0,17376.62,719,2618.02,1,0,debt_consolidation,0.037,0.2458,Low
54,88080.41,4.1,5323.88,746,1615.88,11,0,medical,0.0183,0.0604,Low
58,64680.39,0.0,27502.04,609,2573.35,5,1,other,0.0398,0.4252,High
24,40453.5,19.8,43207.65,644,4816.89,10,0,home_improvement,0.1191,1.0681,High
58,36858.91,8.2,15510.58,546,5918.77,13,1,medical,0.1606,0.4208,High
39,47104.95,0.2,9215.64,558,24372.85,5,0,medical,0.5174,0.1956,High
26,73005.63,1.0,23297.41,629,1336.55,1,0,home_improvement,0.0183,0.3191,Medium
54,33421.29,8.6,11274.17,606,6048.85,4,0,business,0.181,0.3373,Medium
38,67919.38,0.5,8000.52,686,3759.72,11,0,business,0.0554,0.1178,Medium
33,57602.21,14.2,13788.77,682,12029.26,10,0,education,0.2088,0.2394,Low
61,26195.61,40.0,5186.97,618,1839.59,10,0,home_improvement,0.0702,0.198,Low
43,66288.23,10.9,8569.94,716,8739.71,6,1,business,0.1318,0.1293,Medium
39,52625.73,6.7,8438.4,558,3101.23,8,0,debt_consolidation,0.0589,0.1603,Medium
31,37225.08,3.3,12622.62,550,10169.5,2,0,debt_consolidation,0.2732,0.3391,Medium
21,52245.77,0.4,5147.33,690,4586.16,6,0,education,0.0878,0.0985,Low
44,37955.68,6.6,7662.0,693,9372.15,2,1,home_improvement,0.2469,0.2019,Medium
27,55483.23,2.5,9817.43,718,6376.21,11,0,debt_consolidation,0.1149,0.1769,Medium
45,45072.15,4.2,17755.27,535,2141.41,1,0,debt_consolidation,0.0475,0.3939,Low
41,22811.91,1.7,13380.32,583,931.79,13,0,education,0.0408,0.5865,High
35,45751.61,1.4,35629.0,674,16296.37,14,0,business,0.3562,0.7787,High
21,39287.36,2.0,7763.33,676,3838.27,3,0,education,0.0977,0.1976,Low
32,67359.09,8.4,22696.01,802,13415.61,11,0,home_improvement,0.1992,0.3369,Low
27,76106.14,2.8,22685.9,568,4599.84,7,0,debt_consolidation,0.0604,0.2981,High
35,38005.99,1.9,14886.92,821,10720.91,4,0,debt_consolidation,0.2821,0.3917,Medium
41,33034.32,2.8,14544.81,691,2240.4,7,0,debt_consolidation,0.0678,0.4403,Medium
39,21161.17,0.2,15652.62,743,5588.06,5,0,home_improvement,0.2641,0.7397,High
49,32629.81,11.1,7604.11,699,59094.11,12,0,home_improvement,1.811,0.233,Medium
45,41704.55,4.0,23772.66,591,2232.42,11,0,debt_consolidation,0.0535,0.57,High
53,25093.61,0.6,13973.53,605,8001.39,12,0,debt_consolidation,0.3188,0.5568,Medium
52,76616.54,1.7,6493.12,650,4734.87,0,0,other,0.0618,0.0847,Medium
55,55886.66,20.5,27301.65,528,6781.02,2,0,other,0.1213,0.4885,Medium
64,46156.43,4.5,12516.7,520,5158.68,7,0,home_improvement,0.1118,0.2712,High
58,48613.88,1.7,13791.35,601,1164.48,13,0,debt_consolidation,0.024,0.2837,High
46,57126.45,2.8,2962.24,706,7142.41,14,0,debt_consolidation,0.125,0.0519,Low
31,67275.24,1.5,12714.74,597,6604.38,14,1,debt_consolidation,0.0982,0.189,High
55,73460.55,0.2,28609.0,644,17865.59,3,0,debt_consolidation,0.2432,0.3894,Low
28,42000.4,9.2,9168.21,638,1843.73,1,0,debt_consolidation,0.0439,0.2183,Low
34,45662.49,1.7,6168.6,731,6162.08,7,0,home_improvement,0.1349,0.1351,Low
30,53449.1,9.1,17563.19,684,1927.67,4,0,education,0.0361,0.3286,Medium
22,44739.83,3.3,4695.28,718,11137.68,14,0,debt_consolidation,0.2489,0.1049,Low
29,75823.13,1.0,19161.27,743,8771.46,0,0,home_improvement,0.1157,0.2527,Low
23,90550.34,8.1,11823.57,571,4001.82,7,0,debt_consolidation,0.0442,0.1306,Low
41,58223.05,2.4,14030.02,483,1697.15,12,0,business,0.0291,0.241,Low
46,31129.28,6.2,55204.32,617,4921.57,8,0,home_improvement,0.1581,1.7733,High
28,63208.91,9.1,15525.84,741,7519.3,7,0,education,0.119,0.2456,Low
22,59388.12,16.5,5984.8,705,11717.92,13,1,medical,0.1973,0.1008,Medium
26,29851.16,0.4,14312.78,620,1716.38,0,0,debt_consolidation,0.0575,0.4795,Low
48,59355.49,0.0,20864.9,803,2189.26,5,0,home_improvement,0.0369,0.3515,Low
49,37343.15,4.0,3978.18,712,2102.42,5,0,home_improvement,0.0563,0.1065,Low
46,71185.68,1.5,13257.65,602,4086.58,6,0,other,0.0574,0.1862,Low
45,62952.47,3.2,4728.27,743,3019.53,0,0,other,0.048,0.0751,Low
32,54802.62,0.4,13559.46,523,9707.07,7,0,other,0.1771,0.2474,High
25,49974.76,3.5,33749.66,676,7597.19,3,0,home_improvement,0.152,0.6753,Medium
54,16870.37,0.7,10294.45,608,9094.97,10,0,other,0.5391,0.6102,High
57,26711.85,9.1,14005.83,645,13160.9,3,0,debt_consolidation,0.4927,0.5243,Medium
35,45917.4,7.1,15801.58,698,1481.55,10,0,other,0.0323,0.3441,Low
64,104787.71,0.4,16408.53,724,4520.42,9,0,debt_consolidation,0.0431,0.1566,Medium
56,65012.87,9.1,14601.27,659,5361.98,14,0,other,0.0825,0.2246,Low
35,121421.49,2.0,4003.76,632,2481.64,12,0,home_improvement,0.0204,0.033,Low
63,51097.64,2.2,14924.54,512,4711.84,3,0,business,0.0922,0.2921,High
43,48270.44,1.0,9129.87,525,6882.76,12,0,other,0.1426,0.1891,Medium
26,99963.72,9.0,6738.19,444,3200.6,5,0,other,0.032,0.0674,Medium
64,45269.68,2.6,15056.4,663,5076.6,12,0,debt_consolidation,0.1121,0.3326,Low
63,29934.44,0.3,14523.27,724,3708.27,5,1,business,0.1239,0.4852,Medium
41,57433.16,16.9,4615.09,459,7982.42,5,0,education,0.139,0.0804,Medium
43,85927.31,1.5,10513.19,734,10270.37,1,0,education,0.1195,0.1223,Medium
63,32436.07,13.8,29883.65,761,7464.21,4,0,debt_consolidation,0.2301,0.9213,Medium
36,65809.65,1.8,6279.94,665,15965.14,10,0,debt_consolidation,0.2426,0.0954,High
35,46787.99,8.9,14769.41,773,625.4,11,0,home_improvement,0.0134,0.3157,Low
45,61431.31,5.5,6481.48,647,3523.18,1,0,medical,0.0574,0.1055,Medium
56,57340.76,9.9,35748.39,549,1994.79,5,0,other,0.0348,0.6234,Low
31,39848.81,18.7,20308.73,624,17002.49,6,0,home_improvement,0.4267,0.5096,Low
35,46485.98,10.3,8122.36,778,1791.5,5,0,other,0.0385,0.1747,Low
24,41084.5,2.6,15188.28,601,15278.96,2,0,education,0.3719,0.3697,Medium
41,52019.51,8.4,5870.68,684,3811.8,13,0,debt_consolidation,0.0733,0.1129,Medium
33,32110.92,6.2,4502.89,693,2752.13,10,0,home_improvement,0.0857,0.1402,Low
42,36187.08,0.3,12620.49,744,6223.88,13,0,education,0.172,0.3487,Low
39,39855.66,13.3,8479.65,501,23399.57,13,0,home_improvement,0.5871,0.2128,High
54,59626.27,3.1,15047.84,761,2415.65,9,0,education,0.0405,0.2524,Low
34,24154.67,0.7,4887.06,574,6012.0,9,1,education,0.2489,0.2023,High
24,46464.1,2.8,9568.57,771,6539.98,4,0,other,0.1408,0.2059,Low
47,34402.88,4.6,33469.23,621,2201.17,8,0,other,0.064,0.9728,Medium
49,39906.48,4.3,31521.73,621,2925.13,13,0,home_improvement,0.0733,0.7899,Medium
48,35239.24,4.3,36453.14,712,3161.04,10,0,medical,0.0897,1.0344,High
55,54029.53,1.5,51834.9,754,5341.88,5,0,home_improvement,0.0989,0.9594,Medium
28,45317.26,5.0,10483.9,612,1548.85,2,0,business,0.0342,0.2313,Low
36,69968.83,11.9,2520.58,627,5043.46,14,0,debt_consolidation,0.0721,0.036,Medium
62,59926.0,2.5,25909.52,601,1940.62,8,0,education,0.0324,0.4324,Medium
56,22730.82,5.0,6836.66,604,4171.81,10,0,other,0.1835,0.3008,Medium
50,30333.27,1.4,45970.03,690,1951.61,13,0,business,0.0643,1.5154,High
38,44956.31,0.2,14040.57,643,14130.42,11,0,other,0.3143,0.3123,Medium
22,47979.66,4.4,35646.25,751,6074.95,12,0,medical,0.1266,0.7429,High
33,31701.19,0.2,12178.03,595,2591.18,4,0,debt_consolidation,0.0817,0.3841,High
24,94088.13,6.4,8886.39,710,18924.06,11,0,debt_consolidation,0.2011,0.0944,Medium
46,75534.43,5.5,20670.45,707,1443.93,0,0,home_improvement,0.0191,0.2737,High
45,21539.2,2.3,17917.75,627,4806.76,9,0,debt_consolidation,0.2232,0.8318,Medium
50,58262.46,2.6,6719.8,630,6948.66,2,0,home_improvement,0.1193,0.1153,Low
31,47911.06,12.5,13085.09,689,3845.68,2,0,business,0.0803,0.2731,Medium
27,91302.87,0.1,9456.92,595,4362.76,1,0,home_improvement,0.0478,0.1036,High
51,22360.65,4.1,15101.33,621,2807.74,1,0,debt_consolidation,0.1256,0.6753,High
64,137300.52,12.8,13084.14,546,2453.2,8,0,debt_consolidation,0.0179,0.0953,Low
30,32161.56,12.3,14499.56,577,9820.83,13,0,home_improvement,0.3053,0.4508,Medium
59,59234.74,4.4,13484.57,567,5285.19,2,0,education,0.0892,0.2276,Medium
33,36200.26,2.4,10812.46,575,6291.91,9,0,business,0.1738,0.2987,Low
51,40616.13,0.5,16577.23,509,8277.64,10,0,debt_consolidation,0.2038,0.4081,High
27,21063.37,1.0,8475.46,518,2975.67,13,1,debt_consolidation,0.1413,0.4024,High
62,89182.79,5.7,35920.65,719,2799.81,3,0,home_improvement,0.0314,0.4028,Low
62,42837.81,0.1,13232.68,639,2719.11,14,1,home_improvement,0.0635,0.3089,Medium
56,44319.1,10.7,22144.33,750,5098.18,5,0,home_improvement,0.115,0.4996,Low
40,155786.37,4.4,9693.86,734,23173.32,9,0,home_improvement,0.1487,0.0622,Low
24,79199.19,0.2,10356.5,613,5068.33,8,0,medical,0.064,0.1308,Low
27,35095.19,1.4,23232.76,576,430.27,0,1,medical,0.0123,0.662,Medium
21,36129.76,4.5,21075.19,662,6128.65,13,1,other,0.1696,0.5833,High
64,55820.73,0.2,12411.41,614,6598.66,2,0,business,0.1182,0.2223,Medium
62,72067.97,7.6,4578.3,701,10814.73,2,0,debt_consolidation,0.1501,0.0635,Low
33,117738.46,12.6,9755.34,491,13742.26,5,0,education,0.1167,0.0829,Medium
42,21937.45,16.2,12669.6,677,48770.1,8,0,education,2.223,0.5775,High
41,70509.99,6.6,8871.23,777,4676.6,10,1,home_improvement,0.0663,0.1258,Medium
42,76407.39,9.7,6227.24,618,5949.12,8,0,medical,0.0779,0.0815,Low
48,33032.48,4.7,22301.44,699,6430.84,4,0,education,0.1947,0.6751,Medium
29,40940.29,3.1,11988.17,552,3727.52,8,0,other,0.091,0.2928,Medium
46,21694.94,6.2,39550.51,602,4072.22,13,0,home_improvement,0.1877,1.8229,High
29,38160.38,1.3,12081.54,580,2760.09,14,0,other,0.0723,0.3166,High
35,55052.75,0.6,14860.57,773,3555.09,5,1,home_improvement,0.0646,0.2699,Low
30,108777.38,7.2,9383.66,807,4444.63,4,0,medical,0.0409,0.0863,Low
44,113912.14,15.9,33078.13,611,7256.62,7,0,home_improvement,0.0637,0.2904,Low
62,29300.22,4.3,11143.2,754,6881.14,14,0,other,0.2348,0.3803,Medium
28,101613.29,3.3,11828.28,697,2000.8,14,0,debt_consolidation,0.0197,0.1164,Low
44,18496.33,3.8,7545.02,619,1675.32,11,0,home_improvement,0.0906,0.4079,High
36,36590.17,3.3,16776.95,777,3333.08,13,1,debt_consolidation,0.0911,0.4585,High
46,42154.43,2.9,10960.81,604,17342.08,11,1,home_improvement,0.4114,0.26,High
47,55597.57,14.7,7468.33,598,6760.86,6,0,home_improvement,0.1216,0.1343,Low
57,51702.18,3.3,12976.26,568,5531.25,6,0,other,0.107,0.251,Medium
24,58856.01,0.4,20634.07,721,8856.7,3,0,education,0.1505,0.3506,Medium
44,44735.44,7.3,35914.17,574,1835.97,9,0,debt_consolidation,0.041,0.8028,Medium
39,79204.97,2.5,15390.35,638,8802.66,0,0,medical,0.1111,0.1943,Medium
56,69280.43,6.2,9601.28,622,3071.46,12,0,debt_consolidation,0.0443,0.1386,Low
59,42413.35,4.3,17571.21,608,1357.37,14,1,education,0.032,0.4143,Medium
30,74697.12,6.2,12280.28,632,4235.92,12,0,debt_consolidation,0.0567,0.1644,Medium
45,137890.84,0.3,13818.77,617,11473.43,4,0,other,0.0832,0.1002,Medium
38,35009.36,0.2,13342.97,777,5725.73,13,0,other,0.1635,0.3811,Low
39,113285.7,2.4,17620.63,685,4470.3,8,0,home_improvement,0.0395,0.1555,Low
56,36616.8,5.9,19093.34,657,2672.13,13,0,debt_consolidation,0.073,0.5214,High
30,99226.76,1.3,12969.35,617,4322.78,7,0,business,0.0436,0.1307,Low
53,37310.57,2.8,110280.28,550,27608.35,3,0,debt_consolidation,0.7399,2.9557,High
25,71885.6,19.8,23182.41,600,9143.01,9,0,debt_consolidation,0.1272,0.3225,Low
55,53627.46,1.2,3836.99,648,5027.63,8,0,other,0.0937,0.0715,Low
64,20077.82,9.4,10849.65,645,2299.8,5,0,business,0.1145,0.5404,Medium
54,127743.06,8.7,13205.18,662,991.28,6,0,other,0.0078,0.1034,High
53,31328.2,11.1,19255.03,767,1826.33,9,0,debt_consolidation,0.0583,0.6146,Low
41,25983.07,12.3,40152.95,614,3741.97,9,1,home_improvement,0.144,1.5453,High
37,35606.4,3.5,8676.34,763,2235.64,9,0,other,0.0628,0.2437,Low
42,173793.59,5.7,26650.38,634,1478.26,7,0,home_improvement,0.0085,0.1533,Low
57,26190.27,4.8,15095.74,666,4325.06,0,0,debt_consolidation,0.1651,0.5764,Low
35,53590.21,1.8,16276.47,642,1566.24,3,0,home_improvement,0.0292,0.3037,Medium
55,27956.89,1.6,27353.1,756,6709.19,5,0,home_improvement,0.24,0.9784,Low
48,30459.28,2.1,4923.49,583,9587.01,3,0,education,0.3147,0.1616,Medium
27,22032.83,1.2,18414.74,714,18544.05,2,0,home_improvement,0.8416,0.8357,Medium
52,57387.63,7.1,36007.48,789,2081.85,12,0,debt_consolidation,0.0363,0.6274,Low
31,45224.31,16.7,7081.47,642,2957.11,4,0,business,0.0654,0.1566,Low
30,27842.44,10.1,13378.4,418,2093.6,3,0,medical,0.0752,0.4805,Medium
29,75856.73,1.2,20070.5,560,10525.13,4,0,other,0.1387,0.2646,Low
34,79966.28,0.3,4129.7,615,2387.92,11,0,home_improvement,0.0299,0.0516,Low
33,60090.64,7.1,16343.46,682,3336.75,14,0,debt_consolidation,0.0555,0.272,Low
45,88021.38,2.5,11424.81,755,4861.94,1,0,business,0.0552,0.1298,Low
22,41171.22,8.7,30979.59,642,2150.48,13,0,home_improvement,0.0522,0.7524,Medium
55,57594.79,7.6,8572.51,615,13480.39,14,0,other,0.2341,0.1488,Low
27,41250.77,4.9,13026.89,703,1829.05,2,0,medical,0.0443,0.3158,Low
41,23071.04,1.5,8242.48,637,5517.42,12,0,medical,0.2391,0.3572,Low
38,54700.23,0.5,12438.84,652,2213.64,7,0,education,0.0405,0.2274,Low
23,53068.51,1.5,8685.16,611,3264.18,14,1,debt_consolidation,0.0615,0.1637,Medium
62,48286.29,3.6,10600.62,781,4993.11,7,0,business,0.1034,0.2195,Low
59,59097.13,19.4,6715.56,665,2301.5,9,0,medical,0.0389,0.1136,Low
61,99305.0,0.3,8798.92,744,291.02,12,0,education,0.0029,0.0886,Low
31,44257.94,1.1,8514.94,680,11855.68,7,0,medical,0.2679,0.1924,Medium
59,30376.23,4.9,10145.77,740,1061.78,2,0,home_improvement,0.035,0.334,Low
44,43309.38,1.8,12457.24,718,3264.65,0,0,debt_consolidation,0.0754,0.2876,Medium
39,45778.96,9.8,2338.09,717,5003.72,10,0,debt_consolidation,0.1093,0.0511,High
24,80161.15,0.8,14555.8,687,4798.26,1,0,debt_consolidation,0.0599,0.1816,Low
46,51706.13,16.5,28098.63,528,5421.62,2,0,debt_consolidation,0.1049,0.5434,Medium
58,27609.23,12.2,21001.6,525,4066.46,1,1,home_improvement,0.1473,0.7606,High
62,73330.28,10.9,7941.56,568,5451.19,2,0,other,0.0743,0.1083,Low
52,67681.21,1.0,24677.48,744,6633.24,6,0,debt_consolidation,0.098,0.3646,Low
59,51717.49,2.0,8223.41,702,14536.95,4,0,other,0.2811,0.159,High
56,78757.06,8.2,15926.25,624,3104.5,13,0,other,0.0394,0.2022,Medium
60,85631.07,8.2,3134.0,767,13458.93,10,1,debt_consolidation,0.1572,0.0366,Low
57,40590.11,6.1,19258.4,731,3923.61,10,0,medical,0.0967,0.4744,Medium
53,31254.52,3.0,13400.06,692,7806.31,11,0,other,0.2498,0.4287,Low
56,48730.57,1.9,14518.66,707,5953.05,10,0,debt_consolidation,0.1222,0.2979,Low
23,64106.81,16.5,13500.01,698,2250.62,4,0,home_improvement,0.0351,0.2106,Low
29,46505.34,0.7,40983.72,552,1485.47,1,0,medical,0.0319,0.8813,Medium
28,29905.22,0.2,22567.53,654,6879.88,8,0,debt_consolidation,0.23,0.7546,Medium
53,53174.59,0.0,20528.56,694,1954.78,8,1,business,0.0368,0.3861,High
26,17734.19,7.5,18641.94,648,2230.01,0,1,debt_consolidation,0.1257,1.0511,Medium
61,41679.7,0.3,44510.0,593,3733.27,14,0,education,0.0896,1.0679,Medium
59,75025.47,3.9,11485.15,513,11632.32,7,0,business,0.155,0.1531,Low
24,77089.25,2.3,5807.04,585,14398.47,7,0,business,0.1868,0.0753,Medium
33,7480.92,0.8,37428.34,724,1618.3,8,0,other,0.2163,5.0025,High
22,44520.63,6.7,10045.64,695,541.19,13,0,education,0.0122,0.2256,Low
25,66147.2,0.3,17986.66,523,4298.78,1,0,debt_consolidation,0.065,0.2719,High
64,27226.85,1.9,18266.01,710,2842.32,5,0,debt_consolidation,0.1044,0.6709,Medium
47,40701.6,4.1,8600.95,545,18259.81,1,0,debt_consolidation,0.4486,0.2113,High
52,89667.03,2.6,5720.4,635,8783.98,0,0,debt_consolidation,0.098,0.0638,Medium
41,38480.94,1.5,25325.17,715,2522.2,6,0,home_improvement,0.0655,0.6581,Medium
28,109023.73,13.0,28597.2,624,1663.15,2,0,home_improvement,0.0153,0.2623,Low
58,33840.28,13.4,19535.48,539,7108.63,7,1,education,0.2101,0.5773,High
28,99204.64,2.7,17005.45,441,2952.87,2,0,home_improvement,0.0298,0.1714,High
23,49850.4,2.5,5773.07,574,2491.08,13,1,medical,0.05,0.1158,Medium
64,31597.6,1.8,10948.03,615,6239.25,11,0,home_improvement,0.1975,0.3465,Low
23,99370.15,9.7,27672.64,682,2105.14,1,0,other,0.0212,0.2785,Low
42,26816.23,4.2,8365.49,602,5931.48,7,1,home_improvement,0.2212,0.3119,Medium
26,32925.87,0.5,14467.78,609,6845.89,7,0,medical,0.2079,0.4394,Medium
22,62627.5,9.6,17618.35,609,1668.66,11,0,debt_consolidation,0.0266,0.2813,Low
43,51042.23,3.8,18192.88,593,6797.02,12,0,debt_consolidation,0.1332,0.3564,Medium
64,56217.42,2.7,7224.65,798,4812.59,9,0,business,0.0856,0.1285,Low
22,40775.67,2.1,12448.68,670,970.27,0,0,business,0.0238,0.3053,Low
58,26911.35,0.5,22192.46,574,5849.34,0,1,other,0.2173,0.8246,High
37,35378.94,15.7,40758.6,481,2824.93,11,0,debt_consolidation,0.0798,1.152,High
55,94864.01,6.8,11737.03,660,3683.99,9,0,debt_consolidation,0.0388,0.1237,Low
54,25122.26,0.7,17097.68,766,8116.98,2,1,home_improvement,0.3231,0.6806,High
43,111550.62,3.6,6662.15,691,3553.99,9,0,business,0.0319,0.0597,Low
50,57407.46,4.1,11549.69,850,17924.14,3,0,business,0.3122,0.2012,Low
28,36373.56,0.9,9897.26,604,658.92,7,0,debt_consolidation,0.0181,0.2721,High
42,18015.24,2.8,42734.31,692,5495.92,11,0,debt_consolidation,0.3051,2.372,High
64,19238.28,5.2,20741.2,530,2548.28,13,0,medical,0.1325,1.0781,High
56,41029.97,1.7,14130.14,509,2860.05,7,0,home_improvement,0.0697,0.3444,Low
25,38618.16,2.0,4263.17,635,2134.81,7,0,other,0.0553,0.1104,Low
33,51993.52,0.7,16075.39,743,8053.04,13,0,education,0.1549,0.3092,Low
49,115794.48,2.7,16172.74,785,1705.55,6,0,debt_consolidation,0.0147,0.1397,Low
51,64138.3,4.4,11659.85,654,17475.9,0,0,debt_consolidation,0.2725,0.1818,Medium
36,45965.92,0.6,13739.32,578,9059.98,0,0,medical,0.1971,0.2989,High
62,90077.18,4.8,39375.48,474,2821.81,4,0,debt_consolidation,0.0313,0.4371,High
50,52856.02,2.5,23605.98,602,3433.48,14,0,debt_consolidation,0.065,0.4466,Low
36,109081.93,5.7,7854.02,646,9691.97,14,0,medical,0.0888,0.072,Medium
32,35029.89,1.9,43106.16,603,5704.97,11,0,other,0.1629,1.2305,High
37,27614.73,4.2,8295.33,506,13865.19,14,0,education,0.5021,0.3004,High
36,18030.75,4.7,35229.06,649,4156.75,4,0,debt_consolidation,0.2305,1.9537,High
32,46504.04,5.9,8651.99,621,10717.38,4,0,debt_consolidation,0.2305,0.186,Medium
28,26441.21,7.1,12199.73,686,8533.12,14,0,business,0.3227,0.4614,High
40,26254.65,0.7,3761.26,583,8520.53,0,0,debt_consolidation,0.3245,0.1433,Low
23,82220.48,16.8,18332.12,619,4374.19,2,0,business,0.0532,0.223,Low
36,20721.96,9.3,4114.4,650,7252.26,0,0,home_improvement,0.35,0.1985,Medium
50,51625.92,4.1,15129.42,678,3412.56,1,0,debt_consolidation,0.0661,0.2931,Low
43,47022.6,11.1,10293.17,610,2711.14,10,0,other,0.0577,0.2189,High
48,51331.79,2.4,10362.61,586,5638.95,13,0,debt_consolidation,0.1099,0.2019,Low
60,97934.21,0.2,16922.42,560,8427.12,11,0,home_improvement,0.086,0.1728,Medium
25,32440.22,6.5,21845.57,654,5031.61,10,0,medical,0.1551,0.6734,High
40,97975.65,14.4,29297.8,617,1652.8,7,0,other,0.0169,0.299,Low
60,20330.91,0.9,6622.2,783,3883.3,3,0,debt_consolidation,0.191,0.3257,Low
64,67871.43,5.2,11084.46,632,6063.74,3,0,other,0.0893,0.1633,Medium
21,102558.3,8.4,12982.76,658,17284.45,4,0,home_improvement,0.1685,0.1266,Low
50,6457.35,11.8,19182.88,721,9952.02,1,0,debt_consolidation,1.541,2.9702,Medium
41,48160.94,1.6,18949.15,731,11891.22,8,0,medical,0.2469,0.3934,Low
40,46241.58,0.7,8047.97,612,771.6,14,0,business,0.0167,0.174,High
26,50813.85,1.4,27477.32,798,20757.23,12,0,debt_consolidation,0.4085,0.5407,Medium
42,115356.08,4.3,17086.95,818,7224.88,12,1,business,0.0626,0.1481,Low
38,33462.63,12.5,39080.76,620,1939.83,9,0,medical,0.058,1.1679,High
28,27112.38,4.4,16159.28,648,1821.33,8,0,business,0.0672,0.596,Medium
59,50999.0,12.6,4017.63,672,2888.74,12,1,home_improvement,0.0566,0.0788,Medium
52,86004.66,7.3,8151.56,585,2489.49,2,0,debt_consolidation,0.0289,0.0948,Low
53,64816.63,4.6,12129.46,642,6127.7,0,0,education,0.0945,0.1871,Low
36,49869.31,0.1,8050.32,568,2881.87,1,0,home_improvement,0.0578,0.1614,High
32,43712.29,2.0,7873.96,642,6085.63,10,0,medical,0.1392,0.1801,Low
58,17971.36,0.3,41882.92,634,4333.61,10,0,education,0.2411,2.3304,High
54,65705.06,1.9,6313.26,677,11003.73,7,0,education,0.1675,0.0961,Medium
34,69749.83,0.3,9724.51,689,4574.11,7,0,education,0.0656,0.1394,Low
56,34677.04,0.9,13900.95,643,1317.62,12,0,business,0.038,0.4009,Medium
53,38856.87,2.6,6068.03,751,2050.27,1,0,education,0.0528,0.1562,Low
43,29024.21,3.6,12114.4,572,7721.89,9,0,medical,0.266,0.4174,High
22,75664.3,1.2,3234.67,616,16123.3,4,0,home_improvement,0.2131,0.0427,High
61,40825.69,6.6,9598.43,591,6890.78,13,0,debt_consolidation,0.1688,0.2351,Medium
41,45494.54,4.5,6828.44,769,25911.34,8,0,home_improvement,0.5695,0.1501,High
22,67146.5,5.9,11113.78,633,1003.97,11,0,business,0.015,0.1655,Medium
47,57727.39,6.6,12920.06,634,5549.09,12,0,debt_consolidation,0.0961,0.2238,Medium
29,64967.38,6.5,30008.0,753,1438.17,10,0,debt_consolidation,0.0221,0.4619,Low
21,53499.02,13.8,9263.71,526,8158.8,3,0,debt_consolidation,0.1525,0.1732,High
31,54098.36,1.4,48161.64,566,13941.68,0,0,business,0.2577,0.8902,High
23,53842.53,1.6,15174.2,638,1552.48,13,0,education,0.0288,0.2818,Low
43,61479.43,0.5,7587.86,603,11461.15,14,0,medical,0.1864,0.1234,High
46,62991.4,4.5,14488.22,719,22028.77,0,0,business,0.3497,0.23,Low
24,26572.87,2.5,28037.97,535,2446.4,5,0,debt_consolidation,0.0921,1.0551,High
38,36366.48,3.4,7039.96,696,19610.5,14,0,business,0.5392,0.1936,High
26,44281.44,0.9,42844.36,570,2514.55,14,0,home_improvement,0.0568,0.9675,High
55,61445.7,5.2,18385.13,671,5745.86,6,0,medical,0.0935,0.2992,Low
42,108957.34,4.8,6724.97,720,39146.41,14,0,home_improvement,0.3593,0.0617,Low
63,32643.09,1.5,9766.13,800,3319.25,8,0,education,0.1017,0.2992,Low
35,76063.66,3.1,10410.78,530,3894.11,11,1,debt_consolidation,0.0512,0.1369,High
42,36883.76,11.2,25977.19,658,4733.93,12,0,other,0.1283,0.7043,Low
57,97271.22,7.4,6583.84,726,3547.99,5,1,debt_consolidation,0.0365,0.0677,Medium
62,127538.3,1.3,33646.92,656,21408.6,9,0,debt_consolidation,0.1679,0.2638,Low
32,20455.22,10.6,26501.66,680,5576.02,4,0,debt_consolidation,0.2726,1.2955,High
62,41640.7,0.3,36265.56,594,21880.02,4,0,debt_consolidation,0.5254,0.8709,High
58,15136.7,2.7,13839.56,624,10963.68,11,0,debt_consolidation,0.7243,0.9142,High
38,21058.97,0.4,28027.22,588,1964.65,2,0,debt_consolidation,0.0933,1.3308,Medium
55,21725.4,12.9,11563.05,699,10315.27,14,1,business,0.4748,0.5322,High
50,66972.21,0.2,24661.25,798,4460.14,3,0,home_improvement,0.0666,0.3682,Low
44,60991.62,0.8,14080.18,663,5200.09,10,0,education,0.0853,0.2309,Low
62,73175.96,12.3,39365.33,655,22355.18,11,0,education,0.3055,0.5379,Medium
50,66433.6,4.4,15693.47,479,3328.17,2,0,business,0.0501,0.2362,Medium
34,62475.67,7.9,8048.26,644,4721.86,9,0,business,0.0756,0.1288,Low
26,51840.58,0.1,33114.89,695,18525.98,13,0,education,0.3574,0.6388,High
23,45915.58,2.7,15140.16,518,4384.69,9,0,debt_consolidation,0.0955,0.3297,Medium
36,81617.49,20.8,9681.92,663,6328.11,8,0,home_improvement,0.0775,0.1186,Low
27,49322.66,4.3,9410.35,649,3842.45,6,0,business,0.0779,0.1908,Low
34,63741.4,9.5,7831.89,489,3931.93,0,0,business,0.0617,0.1229,High
29,15288.52,16.6,5656.38,683,2954.41,10,0,business,0.1932,0.37,Medium
35,27240.65,5.8,10369.92,616,1725.67,4,1,home_improvement,0.0633,0.3807,Medium
41,80026.42,2.0,15106.88,660,2945.17,14,1,debt_consolidation,0.0368,0.1888,High
55,35093.9,1.8,10628.3,676,6456.59,0,0,home_improvement,0.184,0.3028,Low
22,24399.58,0.4,1382.13,589,2269.59,3,1,debt_consolidation,0.093,0.0566,High
47,67551.54,2.8,5312.17,678,4059.49,9,0,home_improvement,0.0601,0.0786,Low
22,49053.52,12.3,23483.36,609,11204.6,0,0,other,0.2284,0.4787,High
55,39995.83,3.3,12473.12,661,5213.92,8,1,debt_consolidation,0.1304,0.3119,High
38,104250.87,12.1,4800.27,598,29231.89,8,0,debt_consolidation,0.2804,0.046,Low
34,95675.45,8.5,10793.12,736,8141.9,3,0,business,0.0851,0.1128,Low
40,44626.42,20.7,14396.9,705,1110.41,11,1,education,0.0249,0.3226,Low
38,70346.45,14.8,23699.55,623,2236.06,0,0,home_improvement,0.0318,0.3369,Medium
30,16004.87,6.1,8850.03,706,713.7,12,0,other,0.0446,0.5529,Low
45,84683.79,10.2,19546.77,617,4146.3,13,0,home_improvement,0.049,0.2308,Low
22,28472.86,6.9,13183.0,667,14897.91,5,0,debt_consolidation,0.5232,0.463,Low
45,23716.57,6.1,10695.64,582,5913.55,13,0,home_improvement,0.2493,0.451,Low
53,20077.75,6.3,22557.39,727,2742.92,14,0,business,0.1366,1.1234,Medium
56,19316.68,6.4,7578.34,640,18323.01,4,0,home_improvement,0.9485,0.3923,High
51,84133.72,2.4,23585.93,596,2466.98,14,1,other,0.0293,0.2803,Low
34,67209.67,2.8,6735.56,668,8633.97,3,0,home_improvement,0.1285,0.1002,Medium
21,33425.36,1.7,9454.14,511,2712.73,14,1,education,0.0812,0.2828,High
36,75165.64,0.8,10607.99,569,6975.4,11,1,business,0.0928,0.1411,Low
23,36406.74,3.1,12500.13,626,3382.23,14,0,education,0.0929,0.3433,Medium
55,57631.51,11.5,2903.79,660,1956.67,1,0,debt_consolidation,0.034,0.0504,Low
61,38516.63,5.3,14233.08,659,1363.51,12,0,other,0.0354,0.3695,Low
26,46166.9,0.3,4463.61,607,7304.99,5,0,business,0.1582,0.0967,High
45,31129.2,8.3,14773.35,697,9870.65,6,0,home_improvement,0.3171,0.4746,Medium
33,33526.49,13.7,15750.02,552,7731.56,0,0,debt_consolidation,0.2306,0.4698,Low
54,64347.16,8.8,24004.25,629,5045.46,2,1,education,0.0784,0.373,Low
28,69730.25,6.5,5995.78,735,1334.34,6,0,debt_consolidation,0.0191,0.086,Low
41,39852.4,0.8,15330.46,696,5338.89,9,0,home_improvement,0.134,0.3847,Medium
54,22861.96,2.1,12982.82,752,5484.27,5,0,business,0.2399,0.5679,Medium
24,168657.2,4.2,9502.92,830,24639.13,1,0,medical,0.1461,0.0563,Low
45,49928.55,0.4,7009.97,601,3404.53,7,0,medical,0.0682,0.1404,Low
35,57300.83,0.6,14023.71,677,3594.88,5,0,education,0.0627,0.2447,Low
24,26090.72,13.6,29796.67,585,5934.92,0,0,debt_consolidation,0.2275,1.142,High
32,90004.66,6.1,11563.85,562,4637.44,6,0,debt_consolidation,0.0515,0.1285,Low
52,97143.8,1.6,28346.19,685,4558.87,8,0,business,0.0469,0.2918,Low
52,20868.22,2.0,26570.9,652,1935.56,11,0,medical,0.0927,1.2732,High
48,46574.44,2.4,3701.37,618,6857.89,12,0,home_improvement,0.1472,0.0795,Low
33,44791.85,0.4,7978.15,696,4314.98,7,0,education,0.0963,0.1781,Medium
51,161817.33,6.7,9611.78,621,1730.02,6,0,medical,0.0107,0.0594,Low
34,100892.1,1.0,29563.26,530,3080.15,7,1,debt_consolidation,0.0305,0.293,High
40,23732.74,8.2,13200.85,704,1872.22,14,0,other,0.0789,0.5562,Medium
38,34063.23,9.3,28980.97,595,4625.33,7,1,debt_consolidation,0.1358,0.8508,High
49,31366.73,5.1,12309.89,710,15402.35,3,0,business,0.491,0.3924,Medium
26,59032.19,7.3,29472.85,679,2717.83,4,0,education,0.046,0.4993,Low
52,107592.31,0.9,17525.29,440,4588.63,14,0,business,0.0426,0.1629,High
49,51771.08,4.3,12613.97,626,4983.8,4,0,business,0.0963,0.2436,Medium
63,62980.67,5.6,27033.48,574,14683.09,7,0,debt_consolidation,0.2331,0.4292,Medium
22,35166.37,5.4,9869.84,724,4879.13,14,0,debt_consolidation,0.1387,0.2807,Low
43,62812.15,0.6,44911.0,605,1884.57,10,0,debt_consolidation,0.03,0.715,Medium
39,38717.27,2.1,5558.36,718,37556.27,9,0,business,0.97,0.1436,High
51,21582.11,2.0,10318.38,655,11199.53,10,0,other,0.5189,0.4781,High
25,60805.49,4.2,14192.55,604,729.05,8,0,education,0.012,0.2334,Medium
39,48779.91,7.2,8560.5,690,6134.89,10,0,education,0.1258,0.1755,Low
54,28322.2,4.2,16926.2,721,11572.55,7,0,business,0.4086,0.5976,Medium
30,111601.82,7.0,12427.24,555,5089.43,10,0,business,0.0456,0.1114,Low
45,33415.43,0.5,16283.9,528,6653.47,1,0,education,0.1991,0.4873,Medium
22,66472.97,10.5,7836.4,644,4778.77,6,0,debt_consolidation,0.0719,0.1179,Medium
31,40893.48,3.8,7261.35,618,3404.68,2,0,education,0.0833,0.1776,Low
51,106063.01,0.2,13132.39,688,1791.5,1,0,debt_consolidation,0.0169,0.1238,Low
35,43530.02,5.2,20690.99,713,3532.34,1,0,debt_consolidation,0.0811,0.4753,Medium
29,21219.71,3.6,40379.09,517,752.42,9,1,home_improvement,0.0355,1.9028,High
43,73497.09,1.2,4463.26,620,20533.26,1,0,debt_consolidation,0.2794,0.0607,High
39,105849.33,7.2,11870.02,525,5010.09,2,0,business,0.0473,0.1121,Medium
29,39584.56,13.6,17426.06,541,1745.28,11,1,business,0.0441,0.4402,High
55,68833.26,1.9,16633.18,516,5054.62,3,0,medical,0.0734,0.2416,Low
41,52298.13,3.4,6421.92,620,13545.6,5,0,business,0.259,0.1228,Low
29,40483.19,0.7,8637.53,523,8516.35,0,0,other,0.2104,0.2134,High
48,74636.15,13.3,13249.45,597,2130.92,9,0,education,0.0286,0.1775,Low
27,32859.03,1.9,66838.89,581,3675.88,7,0,education,0.1119,2.034,High
36,49823.78,1.1,23526.04,623,9833.51,7,1,other,0.1974,0.4722,Medium
36,55752.55,3.3,16485.85,650,2750.65,3,0,debt_consolidation,0.0493,0.2957,Low
53,54750.66,0.2,2654.54,644,6637.4,0,0,business,0.1212,0.0485,Medium
24,33266.18,1.5,6060.43,552,3149.19,14,0,medical,0.0947,0.1822,Medium
24,137283.39,0.4,6391.17,647,4605.03,10,0,other,0.0335,0.0466,Low
59,92145.37,0.7,16561.05,616,12252.57,5,0,home_improvement,0.133,0.1797,Medium
60,80435.13,0.6,12311.33,687,2958.61,6,0,home_improvement,0.0368,0.1531,Low
37,100368.78,10.3,9125.99,597,1291.45,0,0,debt_consolidation,0.0129,0.0909,Low
57,50735.48,13.3,16328.51,697,30053.12,7,0,other,0.5923,0.3218,Medium
59,40715.12,3.2,5396.86,572,3833.42,3,1,other,0.0941,0.1325,Low
49,28438.02,5.0,8193.62,576,6423.3,13,0,medical,0.2259,0.2881,Low
56,34485.15,6.0,12841.88,641,26561.56,0,0,debt_consolidation,0.7702,0.3724,High
58,29524.87,2.5,41008.31,512,7647.69,8,0,home_improvement,0.259,1.3889,High
59,37644.69,2.3,22865.55,580,4604.24,13,0,other,0.1223,0.6074,High
57,56288.07,5.6,17302.78,742,5062.94,13,0,business,0.0899,0.3074,Low
55,77420.93,2.4,10504.51,703,23156.39,7,0,business,0.2991,0.1357,Medium
27,76357.13,4.3,13214.9,619,10087.79,8,0,home_improvement,0.1321,0.1731,Low
47,27289.2,3.6,27712.59,838,3359.77,3,1,business,0.1231,1.0155,Medium
48,69186.75,3.7,39952.46,637,10238.83,7,0,debt_consolidation,0.148,0.5774,Medium
42,86849.21,8.8,11568.3,662,3114.55,13,1,other,0.0359,0.1332,Low
34,43169.19,6.1,17507.19,766,6125.93,7,0,other,0.1419,0.4055,Low
27,89221.29,16.2,23120.14,676,8613.52,9,0,medical,0.0965,0.2591,Low
57,75955.29,7.8,17073.42,625,2781.66,14,0,debt_consolidation,0.0366,0.2248,Low
42,26048.22,0.8,6089.85,706,3398.79,10,0,medical,0.1305,0.2338,Low
25,146659.39,6.7,8544.24,699,3214.8,1,0,education,0.0219,0.0583,Low
22,34275.16,5.5,20834.78,592,1866.98,12,0,debt_consolidation,0.0545,0.6079,High
47,79119.13,5.2,9527.21,633,5188.84,9,0,medical,0.0656,0.1204,Low
41,77700.04,3.3,39189.37,661,4654.17,7,0,debt_consolidation,0.0599,0.5044,Medium
58,26582.12,0.3,11108.23,662,6193.72,14,0,education,0.233,0.4179,High
35,53609.94,15.1,6001.0,581,6736.01,5,0,other,0.1256,0.1119,Low
41,77223.43,9.6,24853.8,674,3259.83,2,0,home_improvement,0.0422,0.3218,Medium
30,26441.59,3.3,10764.51,621,9572.62,7,1,business,0.362,0.4071,High
43,51524.26,0.9,11288.13,688,5429.0,14,0,debt_consolidation,0.1054,0.2191,Low
59,80526.09,8.7,22488.22,721,1526.24,0,1,home_improvement,0.019,0.2793,Low
25,83168.2,2.8,7374.18,585,6446.17,1,0,debt_consolidation,0.0775,0.0887,Medium
21,40193.62,2.5,14034.53,621,2904.75,6,1,education,0.0723,0.3492,High
33,106105.02,5.5,6458.7,665,571.35,11,0,education,0.0054,0.0609,Low
41,94160.97,7.1,13982.47,709,20866.78,13,0,business,0.2216,0.1485,Medium
46,55304.74,0.3,4997.88,604,1081.55,7,1,education,0.0196,0.0904,Medium
41,35260.7,7.3,8066.67,653,2326.38,12,0,education,0.066,0.2288,Medium
38,27366.48,6.6,22902.03,779,3965.47,8,0,other,0.1449,0.8368,Medium
57,59205.68,4.4,29095.75,716,5513.67,0,0,home_improvement,0.0931,0.4914,Low
52,101951.89,2.1,7856.65,630,5704.72,8,0,business,0.056,0.0771,Medium
56,45543.52,0.9,7805.75,799,3708.58,1,0,home_improvement,0.0814,0.1714,Low
37,31903.12,0.5,14205.99,688,1332.08,7,0,home_improvement,0.0418,0.4453,Medium
55,74047.49,0.0,8225.31,789,6985.12,11,1,medical,0.0943,0.1111,Medium
31,53490.33,1.2,23449.34,740,2106.84,6,0,other,0.0394,0.4384,Medium
41,63446.51,2.6,5801.68,850,7626.1,5,0,home_improvement,0.1202,0.0914,Low
46,37697.94,1.4,9170.68,768,7873.71,5,0,home_improvement,0.2089,0.2433,Low
24,40744.43,1.8,39631.69,614,5127.58,2,0,home_improvement,0.1258,0.9727,Medium
54,37609.13,2.5,16762.76,715,2095.54,4,0,medical,0.0557,0.4457,Medium
38,62917.81,1.8,18970.8,578,3383.27,11,0,other,0.0538,0.3015,Medium
60,41369.62,6.4,11918.99,723,21108.3,1,0,other,0.5102,0.2881,Medium
55,65920.99,3.4,5556.43,786,4368.89,4,0,debt_consolidation,0.0663,0.0843,Low
61,35929.51,0.1,33837.7,584,1407.8,14,1,debt_consolidation,0.0392,0.9418,High
49,62865.37,1.3,15019.2,709,8473.2,11,0,medical,0.1348,0.2389,Low
49,69695.47,6.2,23610.93,701,2794.91,10,0,business,0.0401,0.3388,Low
58,57859.42,1.8,11335.49,704,12656.61,2,0,home_improvement,0.2187,0.1959,Low
62,77537.87,12.6,13155.87,555,745.23,8,0,home_improvement,0.0096,0.1697,Low
41,38533.06,6.2,10509.32,612,6197.59,0,0,medical,0.1608,0.2727,Medium
62,69308.38,1.7,15115.88,676,24049.91,2,0,medical,0.347,0.2181,Low
33,55087.2,3.6,10072.62,621,9091.05,0,0,medical,0.165,0.1828,Low
61,32700.09,5.5,7963.59,573,8509.36,8,0,medical,0.2602,0.2435,Medium
37,18891.81,1.1,11862.08,727,2582.2,10,0,debt_consolidation,0.1367,0.6279,Low
29,21024.0,1.4,18337.28,599,2164.06,4,0,education,0.1029,0.8722,Medium
61,16249.53,3.5,26854.68,647,3336.86,13,0,business,0.2053,1.6525,High
21,60661.51,12.9,5952.22,829,7677.71,6,0,debt_consolidation,0.1266,0.0981,Low
22,41673.28,2.1,22743.06,732,4036.37,2,0,business,0.0969,0.5457,Medium
49,51205.7,2.6,8787.13,654,1369.33,14,0,education,0.0267,0.1716,Low
53,44792.64,1.1,7298.12,682,8498.17,8,0,business,0.1897,0.1629,Medium
30,65567.47,4.5,7542.61,673,5145.26,14,0,home_improvement,0.0785,0.115,Medium
60,66533.19,6.7,63724.52,534,6712.94,12,0,debt_consolidation,0.1009,0.9578,High
41,50083.68,2.9,20881.62,677,3647.39,0,0,debt_consolidation,0.0728,0.4169,Medium
48,51622.36,6.9,6694.91,742,5186.51,9,0,debt_consolidation,0.1005,0.1297,Medium
31,52663.73,1.8,9590.61,644,7729.03,0,0,home_improvement,0.1468,0.1821,Medium
54,98311.03,6.1,5917.34,710,3455.36,3,0,debt_consolidation,0.0351,0.0602,Low
28,17992.33,1.5,6036.63,692,2352.2,11,0,home_improvement,0.1307,0.3355,High
42,35057.31,7.6,5901.97,702,1629.58,13,0,business,0.0465,0.1683,Low
28,75556.1,8.9,7148.38,566,4703.11,13,0,home_improvement,0.0622,0.0946,Low
35,85301.84,8.0,21152.45,683,5719.76,5,0,home_improvement,0.0671,0.248,Low
37,60693.99,1.2,25321.63,788,9679.93,13,0,education,0.1595,0.4172,Low
43,44709.29,5.9,7684.84,648,8828.81,13,0,debt_consolidation,0.1975,0.1719,Medium
44,124340.6,3.9,10425.52,629,4842.65,8,0,other,0.0389,0.0838,Low
39,53578.65,21.4,22096.24,716,5745.43,8,0,home_improvement,0.1072,0.4124,Low
25,49781.22,2.2,13656.35,724,19526.58,1,0,business,0.3922,0.2743,Low
52,95405.61,7.4,16464.6,748,8217.68,4,0,debt_consolidation,0.0861,0.1726,Low
64,62179.18,2.3,9789.95,641,6031.14,4,0,debt_consolidation,0.097,0.1574,High
21,78426.34,2.5,33474.88,693,2235.06,1,0,education,0.0285,0.4268,Medium
43,83157.04,0.6,37437.06,805,3341.25,10,0,other,0.0402,0.4502,Low
57,40691.08,1.4,20614.06,585,1405.32,8,0,other,0.0345,0.5066,Medium
28,118642.01,0.9,9319.19,539,6157.22,8,0,other,0.0519,0.0785,Low
33,14313.24,0.9,6062.07,713,2686.7,11,0,business,0.1877,0.4235,Low
28,18218.11,0.0,38069.79,684,2133.69,3,0,home_improvement,0.1171,2.0896,Medium
43,34887.81,7.9,16253.81,617,6442.72,2,0,education,0.1847,0.4659,Low
63,39668.78,3.2,14345.96,598,11448.05,4,0,business,0.2886,0.3616,Medium
21,58765.62,8.2,20479.74,644,2865.69,4,0,medical,0.0488,0.3485,Medium
44,34727.17,4.7,13580.38,731,3741.93,6,1,education,0.1077,0.391,Low
55,48729.55,8.9,11395.25,726,3837.99,7,0,home_improvement,0.0788,0.2338,Low
44,44241.95,3.5,50499.49,668,15188.66,13,1,debt_consolidation,0.3433,1.1414,Medium
37,133550.18,0.5,27144.38,612,1931.95,13,0,debt_consolidation,0.0145,0.2033,Medium
25,32777.98,4.8,36197.06,449,646.04,4,0,medical,0.0197,1.1043,High
40,21130.6,5.7,34504.57,686,6788.52,7,0,home_improvement,0.3212,1.6328,High
41,85776.48,4.9,4066.3,704,607.58,0,0,medical,0.0071,0.0474,Low
60,34304.15,8.1,22009.79,639,2154.08,11,0,education,0.0628,0.6416,Low
51,46824.8,6.6,18023.66,837,23440.09,13,0,home_improvement,0.5006,0.3849,Low
56,35486.67,2.8,9235.44,591,4621.46,13,0,home_improvement,0.1302,0.2602,Medium
31,70868.98,8.5,78012.85,768,6529.61,8,0,education,0.0921,1.1008,Low
35,24658.15,5.9,14647.1,711,9944.0,2,1,medical,0.4033,0.594,Medium
39,12093.27,0.6,9803.4,635,1496.12,6,0,debt_consolidation,0.1237,0.8106,Low
27,93700.44,3.9,12303.6,522,6066.06,1,0,other,0.0647,0.1313,Medium
48,55477.64,6.5,19376.26,761,1168.58,1,1,home_improvement,0.0211,0.3493,Medium
63,83811.22,4.0,17469.29,654,2642.32,4,0,debt_consolidation,0.0315,0.2084,Low
25,92143.83,14.9,9741.83,794,4609.67,6,0,home_improvement,0.05,0.1057,Low
25,31000.76,0.5,22119.4,655,2300.43,11,0,education,0.0742,0.7135,Medium
50,50530.51,6.4,13631.27,766,4438.19,10,0,business,0.0878,0.2698,Low
52,63113.77,8.7,11490.41,536,9569.33,8,0,debt_consolidation,0.1516,0.1821,Low
28,46437.1,6.1,11791.67,542,2515.15,2,0,home_improvement,0.0542,0.2539,Low
30,41937.03,2.4,6638.67,618,7456.29,10,0,debt_consolidation,0.1778,0.1583,Low
58,44054.13,2.4,7481.15,477,2185.07,2,0,debt_consolidation,0.0496,0.1698,Medium
52,84269.18,4.4,7102.1,675,12367.54,14,0,debt_consolidation,0.1468,0.0843,Low
48,43066.21,2.5,3197.34,589,8640.45,3,0,home_improvement,0.2006,0.0742,Medium
37,66178.75,10.7,16402.51,710,8438.83,10,0,education,0.1275,0.2478,Medium
51,58305.19,0.6,7254.06,495,9755.69,7,0,debt_consolidation,0.1673,0.1244,Medium
28,30269.88,5.1,10428.46,742,26206.31,1,1,home_improvement,0.8657,0.3445,Medium
60,57010.16,0.7,11146.55,657,5927.66,12,0,home_improvement,0.104,0.1955,Medium
45,22712.36,3.9,7391.88,723,2381.19,5,0,home_improvement,0.1048,0.3254,Medium
29,59917.06,6.3,10731.14,636,8005.44,13,0,debt_consolidation,0.1336,0.1791,Low
22,76539.22,0.9,14015.2,517,5689.13,7,0,medical,0.0743,0.1831,High
35,85880.07,6.1,8802.28,756,5852.12,10,0,home_improvement,0.0681,0.1025,Low
23,30444.33,0.8,7709.51,710,6318.88,8,0,medical,0.2075,0.2532,Low
56,37493.5,4.8,9265.51,727,1276.74,1,0,debt_consolidation,0.0341,0.2471,Medium
24,56502.07,3.5,23646.43,660,2348.13,6,0,education,0.0416,0.4185,Low
34,38639.78,1.8,9502.93,797,1586.61,2,0,debt_consolidation,0.0411,0.2459,Low
61,18686.59,0.6,14775.31,850,30799.38,11,0,home_improvement,1.6481,0.7906,Medium
61,37389.75,6.7,9893.15,760,23396.81,2,0,education,0.6257,0.2646,Low
45,56393.03,2.4,12532.7,537,33789.61,4,0,business,0.5992,0.2222,Medium
30,83597.1,0.5,22215.48,670,19860.14,13,0,debt_consolidation,0.2376,0.2657,Low
41,114074.18,7.4,7795.81,597,4559.77,9,0,medical,0.04,0.0683,Low
56,52181.01,1.3,50860.98,542,1981.25,7,0,home_improvement,0.038,0.9747,High
32,65071.84,6.7,16552.55,640,5252.51,4,0,education,0.0807,0.2544,Low
47,79252.32,4.2,15098.69,742,21905.81,12,0,medical,0.2764,0.1905,Low
60,17583.57,1.1,7120.06,615,6248.83,14,0,home_improvement,0.3554,0.4049,Low
22,29448.31,0.4,19735.34,604,5248.97,14,0,home_improvement,0.1782,0.6701,Medium
33,51600.21,4.5,36251.2,626,5544.27,7,0,business,0.1074,0.7025,Low
52,106720.91,0.1,8490.53,817,5234.55,3,0,debt_consolidation,0.049,0.0796,Low
51,67163.17,0.3,7314.62,692,4761.79,13,0,education,0.0709,0.1089,Medium
36,57806.11,6.1,13741.89,593,3685.51,10,0,education,0.0638,0.2377,High
52,43736.75,3.9,7287.22,790,14495.53,6,0,debt_consolidation,0.3314,0.1666,Low
52,60681.68,2.0,10191.01,661,2285.57,4,0,debt_consolidation,0.0377,0.1679,Low
54,36380.19,3.9,22069.13,583,5603.47,9,0,education,0.154,0.6066,Medium
31,33192.7,4.5,38609.15,611,3512.55,14,0,home_improvement,0.1058,1.1631,Medium
30,34666.58,4.2,22660.21,585,1997.03,14,0,business,0.0576,0.6536,High
35,95821.35,5.1,7973.11,640,3081.48,2,1,business,0.0322,0.0832,High
37,32204.9,14.1,11319.18,645,2383.65,4,0,debt_consolidation,0.074,0.3515,Low
60,40159.39,2.5,10834.58,666,1859.84,13,0,education,0.0463,0.2698,Low
38,62038.2,1.8,14186.38,607,6325.47,8,0,home_improvement,0.102,0.2287,Low
29,31568.26,0.2,22707.13,699,15611.2,14,0,debt_consolidation,0.4945,0.7193,High
45,54889.75,0.8,8262.49,778,2272.4,13,0,debt_consolidation,0.0414,0.1505,Low
60,54879.88,0.6,49652.7,603,3291.52,6,0,other,0.06,0.9047,Medium
34,35874.17,2.0,7155.17,754,3972.4,13,0,home_improvement,0.1107,0.1994,Low
45,43071.2,4.7,8116.33,666,5946.67,7,0,business,0.1381,0.1884,Low
42,30583.38,0.2,8265.15,638,6143.79,8,0,business,0.2009,0.2702,High
50,97868.79,6.5,58459.33,709,8164.24,0,0,education,0.0834,0.5973,Medium
40,55759.16,2.5,35612.15,690,1915.47,14,0,home_improvement,0.0344,0.6387,High
41,29018.2,16.6,8192.03,702,1340.32,14,0,home_improvement,0.0462,0.2823,Medium
64,52216.77,4.2,10133.02,595,2358.44,6,0,education,0.0452,0.1941,Low
52,53412.34,7.4,12617.07,570,2841.52,12,0,education,0.0532,0.2362,Low
41,15968.61,9.9,10006.55,481,3381.33,11,0,business,0.2117,0.6266,High
55,95819.55,11.0,22938.54,683,2064.7,12,1,home_improvement,0.0215,0.2394,Low
52,29887.51,3.7,17928.54,578,4818.56,9,0,other,0.1612,0.5998,Medium
50,139400.64,2.5,15086.02,604,6456.99,7,0,debt_consolidation,0.0463,0.1082,Low
59,72958.45,4.1,21849.93,642,9508.13,7,1,debt_consolidation,0.1303,0.2995,High
32,27905.67,2.6,17384.92,552,2561.11,13,0,debt_consolidation,0.0918,0.623,Low
61,41893.03,1.4,20004.99,766,5214.7,13,0,debt_consolidation,0.1245,0.4775,Low
38,77754.3,2.0,14822.24,628,10808.64,8,1,other,0.139,0.1906,High
41,43526.43,1.3,37536.23,694,1253.05,5,0,debt_consolidation,0.0288,0.8624,Medium
33,88355.05,1.6,14457.71,721,2951.8,14,0,medical,0.0334,0.1636,Low
41,40617.96,0.5,12221.04,507,1699.28,6,0,home_improvement,0.0418,0.3009,Low
28,47130.11,2.8,21560.37,622,6198.64,7,0,business,0.1315,0.4575,High
60,78832.06,1.3,18785.57,718,21059.52,12,0,education,0.2671,0.2383,Medium
27,66283.45,3.0,13196.9,571,2854.7,8,0,debt_consolidation,0.0431,0.1991,Medium
43,30865.25,7.9,4999.25,676,14120.17,1,0,business,0.4575,0.162,Medium
64,60902.28,3.0,31128.29,579,10986.04,3,0,debt_consolidation,0.1804,0.5111,Medium
52,53301.73,15.5,28154.0,683,5187.57,3,0,debt_consolidation,0.0973,0.5282,Low
31,31074.2,0.8,8021.59,607,3574.06,3,0,business,0.115,0.2581,Medium
42,24459.2,9.5,17145.38,657,3238.55,0,0,debt_consolidation,0.1324,0.701,Low
42,18663.19,1.4,9763.63,753,19101.6,12,0,debt_consolidation,1.0234,0.5231,High
63,42310.39,13.6,18342.96,707,2718.86,10,1,debt_consolidation,0.0643,0.4335,Medium
45,47714.79,1.3,26090.77,593,7007.81,1,0,medical,0.1469,0.5468,Medium
42,63088.2,6.9,12354.65,693,2619.15,8,0,business,0.0415,0.1958,Medium
48,73883.09,0.3,20474.66,682,1357.77,7,0,debt_consolidation,0.0184,0.2771,High
49,39857.69,5.0,5735.81,745,2522.57,9,0,business,0.0633,0.1439,Medium
33,47026.4,1.2,7972.6,658,16678.25,0,0,debt_consolidation,0.3546,0.1695,High
38,33544.86,5.5,22939.04,655,13533.35,7,0,home_improvement,0.4034,0.6838,High
22,51206.37,5.1,9105.34,714,3322.76,11,0,education,0.0649,0.1778,Low
49,79559.01,12.9,8134.2,715,43602.49,9,0,debt_consolidation,0.548,0.1022,Low
41,51563.61,4.9,8646.74,850,15296.27,2,0,education,0.2966,0.1677,Low
35,87698.73,2.6,6995.35,774,2822.42,3,0,business,0.0322,0.0798,Low
47,78896.4,1.1,24411.4,652,3983.02,7,0,debt_consolidation,0.0505,0.3094,Medium
51,101605.09,5.4,25517.05,643,3987.16,11,0,business,0.0392,0.2511,High
35,52292.92,0.6,8464.79,591,2870.61,7,0,debt_consolidation,0.0549,0.1619,Medium
43,37563.38,8.8,6875.67,531,7749.72,14,0,home_improvement,0.2063,0.183,Low
44,66877.43,1.4,12628.39,660,6350.56,10,0,home_improvement,0.095,0.1888,Low
64,40682.3,3.7,6620.67,480,7508.53,2,0,home_improvement,0.1846,0.1627,Medium
33,65836.25,4.5,20404.05,808,7662.9,3,0,business,0.1164,0.3099,Low
42,35192.85,2.3,13441.92,586,6392.47,2,0,home_improvement,0.1816,0.3819,Low
63,32396.22,5.5,10745.32,754,2390.8,13,0,business,0.0738,0.3317,Medium
57,90059.24,1.4,24658.75,641,4331.68,7,0,debt_consolidation,0.0481,0.2738,Medium
53,29546.27,0.2,7585.3,697,4831.18,7,0,home_improvement,0.1635,0.2567,Low
23,81725.71,16.0,10342.74,549,4202.8,7,0,home_improvement,0.0514,0.1266,Low
39,65710.6,1.9,6515.01,697,8682.14,11,0,debt_consolidation,0.1321,0.0991,Low
43,51387.43,6.2,5840.22,662,4873.9,12,1,other,0.0948,0.1136,Medium
49,19028.2,3.5,7754.94,807,16139.17,14,1,other,0.8481,0.4075,High
50,103035.57,5.5,8218.65,549,4319.53,0,0,home_improvement,0.0419,0.0798,Low
59,30717.27,0.6,7776.19,545,16830.08,13,0,business,0.5479,0.2531,High
64,78950.54,3.7,12646.44,569,4257.56,4,0,home_improvement,0.0539,0.1602,Low
45,34701.2,2.5,12584.96,488,6057.27,0,0,business,0.1746,0.3627,Medium
57,33336.84,3.0,5265.67,583,6214.02,8,0,debt_consolidation,0.1864,0.1579,High
28,68480.76,16.9,21554.57,574,1554.55,12,0,business,0.0227,0.3147,Low
62,64166.24,0.7,5379.49,648,1532.2,14,0,debt_consolidation,0.0239,0.0838,Low
36,27651.94,7.0,4738.37,654,5926.36,6,0,business,0.2143,0.1714,Medium
28,100546.9,2.0,24875.42,532,1911.86,0,0,education,0.019,0.2474,Medium
21,44221.98,1.7,6893.55,747,7406.14,8,1,other,0.1675,0.1559,Medium
64,50739.72,1.6,16551.82,697,17052.74,5,0,debt_consolidation,0.3361,0.3262,Medium
25,42254.29,2.1,9411.7,725,2483.51,13,0,business,0.0588,0.2227,Low
23,28243.48,2.2,7309.66,747,3827.82,11,0,home_improvement,0.1355,0.2588,Medium
21,70799.85,1.6,6559.15,573,737.41,8,0,debt_consolidation,0.0104,0.0926,Low
24,56657.26,5.5,16784.78,605,979.03,6,0,debt_consolidation,0.0173,0.2962,Low
60,32776.19,0.2,7630.15,682,7744.11,6,0,medical,0.2363,0.2328,Medium
55,78595.26,2.0,25775.21,754,4997.67,10,0,education,0.0636,0.3279,Low
52,50383.47,1.6,5358.75,677,2564.96,6,0,other,0.0509,0.1064,Low
62,50929.04,7.0,31225.82,651,556.77,7,0,education,0.0109,0.6131,High
54,119164.4,0.8,3836.47,598,3425.24,0,0,debt_consolidation,0.0287,0.0322,Low
63,21938.54,14.1,15852.1,546,5443.61,14,0,debt_consolidation,0.2481,0.7225,Medium
45,21794.18,0.9,6599.36,744,13807.47,9,0,education,0.6335,0.3028,Medium
30,24391.68,2.3,5141.47,622,3772.32,3,0,education,0.1546,0.2108,Low
41,58795.27,1.1,12581.41,656,41969.28,11,0,medical,0.7138,0.214,High
59,40965.2,1.7,20040.87,788,3420.88,6,0,business,0.0835,0.4892,Low
47,42626.3,7.2,11880.02,623,1916.83,8,0,business,0.045,0.2787,Medium
47,30601.12,3.2,13011.79,658,18423.12,1,0,business,0.602,0.4252,Medium
22,112715.88,0.9,15096.48,615,15191.89,5,0,education,0.1348,0.1339,High
61,133320.19,0.2,19345.48,548,14669.6,1,0,home_improvement,0.11,0.1451,Medium
33,76837.82,1.3,35861.14,679,20570.98,3,0,business,0.2677,0.4667,High
29,23071.59,14.6,8545.98,495,8162.15,12,0,home_improvement,0.3538,0.3704,Medium
56,38428.38,9.3,17801.56,768,2846.0,6,0,other,0.0741,0.4632,Low
42,74141.49,2.9,9471.71,488,1069.82,1,0,home_improvement,0.0144,0.1278,Low
62,47910.28,3.3,12029.92,630,4422.44,8,0,debt_consolidation,0.0923,0.2511,Low
46,76965.32,11.5,20116.27,610,2261.62,14,0,medical,0.0294,0.2614,Low
32,91482.93,4.5,14892.25,742,4324.5,5,0,business,0.0473,0.1628,Low
37,127210.42,10.6,8539.28,595,880.56,10,0,debt_consolidation,0.0069,0.0671,Medium
34,35332.82,3.4,14225.55,525,1267.67,7,0,other,0.0359,0.4026,High
34,51054.17,1.1,16509.84,547,6881.69,12,0,debt_consolidation,0.1348,0.3234,Low
54,39325.1,6.5,19505.37,483,6405.63,8,0,debt_consolidation,0.1629,0.496,High
40,18026.69,3.7,26500.9,723,3368.9,8,0,debt_consolidation,0.1869,1.47,High
31,69619.07,5.5,39162.71,800,1396.96,13,0,education,0.0201,0.5625,Low
36,64972.6,0.9,13379.97,750,5586.45,12,0,debt_consolidation,0.086,0.2059,Medium
51,37293.97,5.2,6892.13,656,3343.64,14,0,other,0.0897,0.1848,Medium
26,22047.89,2.4,16155.17,680,3174.44,13,0,business,0.144,0.7327,Medium
39,40454.71,2.0,5986.22,625,12499.29,2,0,business,0.309,0.148,High
57,70654.94,5.6,41827.33,608,15229.56,12,0,other,0.2155,0.592,High
24,95670.61,4.5,9561.75,693,7201.29,11,0,home_improvement,0.0753,0.0999,Low
24,34327.8,5.2,24126.82,547,6621.03,8,0,education,0.1929,0.7028,Medium
40,85293.04,16.8,16144.15,696,14563.62,11,0,debt_consolidation,0.1707,0.1893,Low
30,66918.82,6.0,15469.6,649,4506.11,3,1,debt_consolidation,0.0673,0.2312,Medium
44,60271.65,5.1,5173.64,706,3034.7,7,0,education,0.0503,0.0858,Low
55,25673.74,4.8,8325.11,694,5016.13,11,0,other,0.1954,0.3243,Low
46,26237.69,2.5,10545.01,555,9597.67,10,1,education,0.3658,0.4019,High
57,32357.69,9.1,10673.83,713,6030.08,5,0,debt_consolidation,0.1864,0.3299,High
58,41639.57,2.4,14124.94,775,827.8,0,0,medical,0.0199,0.3392,Low
41,120616.7,6.0,8983.77,715,11623.03,11,0,business,0.0964,0.0745,Low
60,35202.85,1.7,17926.18,579,6916.45,7,0,debt_consolidation,0.1965,0.5092,Medium
59,72086.76,0.8,12609.86,722,6512.99,11,0,home_improvement,0.0903,0.1749,Medium
41,38856.02,0.7,19820.63,688,9761.68,3,0,education,0.2512,0.5101,Medium
30,62090.83,5.0,5480.43,502,4200.88,9,0,debt_consolidation,0.0677,0.0883,Medium
58,47501.16,2.0,21344.52,634,6111.31,0,0,medical,0.1287,0.4493,Medium
24,53557.52,1.6,35510.22,718,9617.94,3,0,business,0.1796,0.663,Low
40,58971.37,4.5,12140.63,646,7819.82,2,0,home_improvement,0.1326,0.2059,Low
37,43272.45,0.1,27563.44,695,2391.71,14,1,debt_consolidation,0.0553,0.637,Medium
27,59114.53,1.4,13139.09,605,4007.82,1,0,debt_consolidation,0.0678,0.2223,Low
24,90849.35,2.1,10393.48,675,3152.34,9,0,medical,0.0347,0.1144,Low
49,33622.22,6.2,15162.0,751,4275.76,7,0,debt_consolidation,0.1272,0.4509,Low
34,88692.7,3.9,34252.67,691,13708.11,13,0,business,0.1546,0.3862,Low
23,42933.11,9.7,32640.95,672,11257.24,12,1,debt_consolidation,0.2622,0.7603,High
44,40721.19,2.0,5331.12,659,9638.65,10,0,debt_consolidation,0.2367,0.1309,High
57,69548.5,1.8,7206.86,645,1755.78,12,0,debt_consolidation,0.0252,0.1036,High
36,41333.16,0.2,12679.49,593,3478.33,9,0,home_improvement,0.0842,0.3068,High
24,57502.55,15.2,8740.74,625,636.46,12,0,business,0.0111,0.152,Low
44,54878.34,3.5,16804.75,666,5127.4,5,1,home_improvement,0.0934,0.3062,Low
54,17296.45,3.5,12294.3,492,3917.64,12,0,medical,0.2265,0.7108,High
50,60402.91,12.8,10177.62,753,3814.11,7,0,debt_consolidation,0.0631,0.1685,Low
38,23847.85,1.7,43758.54,609,12616.3,7,0,business,0.529,1.8348,High
39,24774.23,2.0,21367.44,556,2931.15,4,0,medical,0.1183,0.8625,High
51,58878.54,5.3,20515.31,811,7086.88,11,0,business,0.1204,0.3484,Low
39,64106.11,7.7,8231.08,666,15871.62,1,0,home_improvement,0.2476,0.1284,Medium
39,89547.52,6.0,13064.94,737,5541.08,4,0,education,0.0619,0.1459,Low
42,28433.3,7.8,12305.28,597,11530.45,5,0,debt_consolidation,0.4055,0.4328,Low
44,33838.7,4.3,14133.42,741,8562.1,10,0,other,0.253,0.4177,Low
32,61832.41,9.9,10258.25,708,2982.54,7,0,home_improvement,0.0482,0.1659,Medium
50,90412.58,4.0,23237.55,625,6577.74,11,0,debt_consolidation,0.0728,0.257,Medium
58,53964.81,1.3,29693.18,514,19807.54,9,0,other,0.367,0.5502,Medium
51,31602.78,3.9,21147.24,734,4419.95,1,0,debt_consolidation,0.1399,0.6691,High
56,104110.54,6.2,12581.57,634,4001.78,6,0,education,0.0384,0.1208,Low
39,42994.04,5.3,10490.83,744,5334.04,8,0,home_improvement,0.1241,0.244,Low
56,43669.26,1.4,25577.62,622,80911.5,9,0,medical,1.8528,0.5857,High
50,23910.58,0.2,16224.57,644,3166.99,12,0,medical,0.1324,0.6785,High
53,70406.71,1.5,18655.24,679,3955.8,8,0,home_improvement,0.0562,0.265,Medium
38,75079.5,20.7,16051.29,808,4431.05,9,0,medical,0.059,0.2138,Low
48,34443.81,1.0,8554.61,586,3321.12,3,0,other,0.0964,0.2484,Medium
31,117665.78,3.1,34133.47,616,4814.62,9,0,other,0.0409,0.2901,Low
53,36549.98,5.1,58236.05,606,1517.69,5,0,business,0.0415,1.5933,High
37,67012.02,10.6,10308.8,600,2714.04,5,0,debt_consolidation,0.0405,0.1538,Low
26,54820.78,7.1,13048.15,645,2558.31,6,0,medical,0.0467,0.238,Low
24,17804.77,12.0,10632.06,739,1990.0,11,0,other,0.1118,0.5971,Low
40,64340.96,4.6,8975.66,620,9116.63,9,0,other,0.1417,0.1395,Medium
47,61516.6,10.0,19106.3,801,10235.41,6,0,medical,0.1664,0.3106,Low
35,20268.2,1.5,9438.49,755,8219.25,9,0,debt_consolidation,0.4055,0.4657,High
26,105099.9,2.8,7531.74,641,3946.03,12,0,business,0.0375,0.0717,Low
34,61641.72,9.3,17461.2,591,2775.82,1,0,other,0.045,0.2833,Medium
31,91098.86,2.0,7904.58,709,6125.22,4,0,home_improvement,0.0672,0.0868,Low
59,20784.16,10.2,9231.67,769,3470.17,14,0,medical,0.167,0.4441,Low
29,39926.03,2.3,8903.85,733,1733.76,0,0,debt_consolidation,0.0434,0.223,Low
46,88459.6,2.3,17632.73,595,18680.95,14,0,education,0.2112,0.1993,Low
36,22378.46,1.8,13967.62,638,1012.48,1,0,debt_consolidation,0.0452,0.6241,Low
25,40515.7,4.0,4353.32,534,14608.24,5,0,business,0.3605,0.1074,High
30,60069.1,0.7,15858.3,545,2245.89,4,0,home_improvement,0.0374,0.264,High
23,19009.8,0.2,8142.88,727,3341.87,7,0,debt_consolidation,0.1758,0.4283,Low
33,25318.87,11.4,33610.56,697,5659.96,11,1,home_improvement,0.2235,1.3274,High
63,97835.44,13.2,3857.88,782,15441.02,0,0,education,0.1578,0.0394,Low
50,50508.52,0.4,16740.6,556,3676.83,8,0,education,0.0728,0.3314,Low
26,88287.17,4.0,21310.1,759,3021.2,3,0,other,0.0342,0.2414,Low
37,53693.53,3.9,6476.59,755,27172.54,0,0,education,0.5061,0.1206,Medium
39,167367.66,2.3,11302.74,816,10016.15,11,0,other,0.0598,0.0675,Low
62,61044.97,4.2,14146.19,720,12834.95,10,0,debt_consolidation,0.2103,0.2317,Low
55,92493.11,3.1,12207.24,445,25568.52,14,0,debt_consolidation,0.2764,0.132,Medium
46,43345.44,3.4,17896.59,695,7064.92,4,1,debt_consolidation,0.163,0.4129,High
25,54467.79,7.0,14685.81,501,7637.57,9,0,business,0.1402,0.2696,High
49,67571.08,3.7,21414.79,475,5902.2,8,0,home_improvement,0.0873,0.3169,High
57,73416.44,2.0,16282.95,672,14280.52,6,0,debt_consolidation,0.1945,0.2218,Medium
40,48074.37,4.4,14265.01,714,3570.82,2,0,debt_consolidation,0.0743,0.2967,Low
41,49088.11,5.1,11318.58,513,2814.73,7,0,home_improvement,0.0573,0.2306,Medium
30,63004.4,5.4,15497.02,476,9796.33,11,0,education,0.1555,0.246,Medium
25,62983.72,4.8,38138.68,616,5056.73,1,0,business,0.0803,0.6055,Low
56,29362.42,5.5,12685.39,692,4842.09,3,0,education,0.1649,0.432,Medium
26,54856.75,1.9,6222.62,649,2490.75,11,0,home_improvement,0.0454,0.1134,Low
46,57548.71,3.0,25784.11,623,1218.93,6,0,education,0.0212,0.448,Low
24,30086.77,5.5,46416.04,553,1348.12,3,0,medical,0.0448,1.5427,High
59,77108.08,7.0,18892.54,623,10229.8,8,0,medical,0.1327,0.245,Low
59,60256.9,2.8,43432.51,730,1791.41,2,0,education,0.0297,0.7208,Low
55,157207.94,2.3,14556.37,665,10673.69,0,0,medical,0.0679,0.0926,Low
21,48387.33,6.3,78385.05,676,39064.43,9,0,debt_consolidation,0.8073,1.6199,High
44,86513.48,1.3,5535.44,792,12718.01,10,0,home_improvement,0.147,0.064,Low
56,64187.44,0.0,12205.01,809,6704.88,1,0,debt_consolidation,0.1045,0.1901,Low
26,128119.64,3.2,19138.89,801,6369.41,8,0,home_improvement,0.0497,0.1494,Low
61,30182.26,1.0,8443.65,850,1962.74,13,0,debt_consolidation,0.065,0.2797,Low
64,38266.99,2.4,27164.79,581,10145.23,12,0,debt_consolidation,0.2651,0.7099,Medium
51,30703.94,1.7,18549.27,555,33772.86,4,0,debt_consolidation,1.0999,0.6041,Medium
40,47147.73,7.5,11738.94,694,1622.32,14,0,debt_consolidation,0.0344,0.249,Low
44,27935.06,2.0,17289.58,629,6376.09,14,0,home_improvement,0.2282,0.6189,High
45,22855.75,5.1,15054.42,653,4360.72,10,0,debt_consolidation,0.1908,0.6586,Medium
56,16869.93,5.6,19728.64,486,8135.56,4,0,medical,0.4822,1.1694,High
41,16338.27,3.0,11616.94,676,4522.21,11,0,debt_consolidation,0.2768,0.711,Medium
50,68063.46,0.4,3546.12,617,19696.21,12,0,other,0.2894,0.0521,Medium
44,39037.61,6.0,22434.21,619,5982.9,4,0,business,0.1533,0.5747,Medium
64,26452.98,0.4,12847.61,638,10109.05,11,0,business,0.3821,0.4857,Low
62,35258.44,0.5,8337.6,522,11545.48,11,0,business,0.3274,0.2365,High
50,37648.51,1.1,10669.47,601,5483.99,9,0,home_improvement,0.1457,0.2834,Low
42,30263.57,1.6,11873.24,768,3280.64,0,1,medical,0.1084,0.3923,Medium
48,109400.99,9.4,5473.58,677,4493.75,2,0,other,0.0411,0.05,Medium
27,99549.91,5.6,7840.5,766,9587.57,11,0,debt_consolidation,0.0963,0.0788,Low
55,108471.74,2.4,12469.42,555,14600.93,2,0,home_improvement,0.1346,0.115,Medium
48,53615.75,19.2,12062.51,670,4186.41,1,0,business,0.0781,0.225,Low
34,56400.44,1.4,7630.12,564,11254.78,6,0,education,0.1995,0.1353,Medium
30,35372.61,4.7,6167.45,820,2658.99,4,1,home_improvement,0.0752,0.1744,Low
36,32095.29,9.4,8007.92,561,1227.53,0,0,education,0.0382,0.2495,High
36,49556.21,8.1,15963.1,732,5043.75,14,0,home_improvement,0.1018,0.3221,Medium
51,67926.26,0.5,9064.78,618,1651.74,14,0,debt_consolidation,0.0243,0.1334,Low
62,89132.93,6.0,22544.01,744,10585.39,0,0,home_improvement,0.1188,0.2529,Low
45,37309.58,1.5,26829.88,543,8924.53,3,0,education,0.2392,0.7191,Medium
33,26203.1,2.2,38036.92,609,21559.53,12,0,business,0.8228,1.4516,High
26,70755.99,3.4,19432.91,701,8543.98,7,0,business,0.1208,0.2746,Medium
64,19750.38,7.8,17213.44,644,16989.45,8,0,other,0.8602,0.8715,Medium
29,48069.09,0.9,30528.82,664,33141.04,14,0,home_improvement,0.6894,0.6351,Medium
56,51259.3,0.6,6432.17,617,2627.76,2,0,home_improvement,0.0513,0.1255,Medium
63,40562.78,0.8,19453.81,634,2445.14,12,0,home_improvement,0.0603,0.4796,Medium
40,22637.82,1.2,23612.73,630,5821.59,7,0,education,0.2572,1.043,Medium
38,40830.9,0.3,13277.0,590,2691.51,7,0,home_improvement,0.0659,0.3252,Medium
63,111443.3,13.0,21885.32,812,4256.52,6,0,business,0.0382,0.1964,Low
41,65897.83,1.9,10934.26,781,1167.07,13,0,home_improvement,0.0177,0.1659,Low
24,87628.13,1.0,13679.85,765,4826.85,14,0,business,0.0551,0.1561,Medium
53,26672.79,5.1,16645.7,708,3179.13,11,1,debt_consolidation,0.1192,0.624,High
47,55706.6,7.7,16351.85,731,4181.94,10,0,debt_consolidation,0.0751,0.2935,Low
27,51234.59,7.0,5803.54,596,8031.09,0,0,business,0.1567,0.1133,High
26,51733.08,6.3,9816.16,564,7170.68,10,0,debt_consolidation,0.1386,0.1897,High
35,64726.3,0.3,13703.44,753,6844.1,12,0,debt_consolidation,0.1057,0.2117,Low
38,52768.05,7.6,16903.59,690,3055.12,14,0,debt_consolidation,0.0579,0.3203,Medium
52,27045.35,3.5,20009.24,754,7235.22,10,0,home_improvement,0.2675,0.7398,Medium
31,66611.13,5.2,13556.91,687,4421.3,6,0,home_improvement,0.0664,0.2035,Low
40,74640.77,15.7,25973.37,593,3885.02,3,0,business,0.052,0.348,Low
44,94820.36,8.3,11209.26,559,8590.81,0,0,home_improvement,0.0906,0.1182,Medium
35,96937.96,8.7,22339.4,699,7552.65,10,0,debt_consolidation,0.0779,0.2304,Low
27,62206.61,1.0,12210.03,720,7259.2,7,0,other,0.1167,0.1963,Low
41,27683.21,3.2,7706.09,699,3467.49,2,0,business,0.1253,0.2784,Low
62,22818.07,14.9,64286.19,575,3138.19,9,1,debt_consolidation,0.1375,2.8172,High
46,43759.03,4.4,18025.07,673,2037.93,12,0,home_improvement,0.0466,0.4119,Medium
64,77632.04,0.5,4426.89,676,10003.27,3,0,business,0.1289,0.057,Low
34,75170.75,6.6,22973.99,600,8161.54,0,0,debt_consolidation,0.1086,0.3056,Low
57,56218.41,0.2,14745.99,762,8847.11,7,0,home_improvement,0.1574,0.2623,Low
41,48132.86,6.8,22476.35,643,1232.46,7,1,debt_consolidation,0.0256,0.467,High
38,126990.51,10.6,18493.28,776,5023.9,6,0,home_improvement,0.0396,0.1456,Low
25,65317.54,2.8,8449.3,686,1461.9,2,0,home_improvement,0.0224,0.1294,Low
23,46927.7,2.7,23203.58,643,1944.92,1,0,business,0.0414,0.4944,Medium
43,35499.7,1.8,8976.33,665,15561.71,12,0,debt_consolidation,0.4383,0.2528,High
46,29604.96,10.5,8230.51,488,2213.3,3,0,education,0.0748,0.278,Low
57,28182.82,4.0,10927.46,654,3266.48,1,0,other,0.1159,0.3877,Low
44,29606.62,4.3,7166.54,468,3444.59,12,1,home_improvement,0.1163,0.2421,High
39,56414.19,5.4,18045.77,613,2402.06,13,0,debt_consolidation,0.0426,0.3199,Low
45,48579.9,1.8,46694.26,687,2239.95,14,0,other,0.0461,0.9612,Medium
41,41649.42,2.8,6888.64,623,1197.84,0,0,home_improvement,0.0288,0.1654,High
32,70844.24,6.8,30482.66,776,1970.78,11,0,education,0.0278,0.4303,Low
61,121126.1,21.2,9327.86,656,5708.55,8,0,business,0.0471,0.077,Low
53,32478.27,0.2,9356.31,708,2861.16,14,0,medical,0.0881,0.2881,Low
24,34991.38,0.2,6735.18,646,2867.53,4,0,home_improvement,0.0819,0.1925,Low
62,16179.07,2.8,16412.17,685,648.54,2,0,education,0.0401,1.0143,High
27,48379.65,5.4,6037.7,632,2865.54,2,0,debt_consolidation,0.0592,0.1248,Low
42,45990.48,2.4,10052.68,706,27151.51,13,0,debt_consolidation,0.5904,0.2186,Medium
53,76603.28,39.6,25985.95,750,2682.38,10,1,education,0.035,0.3392,Low
37,46938.51,1.1,34138.7,666,9381.87,8,0,education,0.1999,0.7273,High
44,36532.05,0.0,7554.44,767,2610.76,0,0,debt_consolidation,0.0715,0.2068,Low
54,53978.6,1.1,11130.74,634,6695.8,0,0,business,0.124,0.2062,Low
48,64765.88,10.9,12269.31,760,17194.88,2,0,home_improvement,0.2655,0.1894,Low
63,21832.07,0.8,5525.25,719,4751.35,14,0,debt_consolidation,0.2176,0.2531,Low
61,81100.59,3.3,9467.9,638,3322.08,12,0,other,0.041,0.1167,High
59,94197.73,2.7,9129.85,712,5247.83,13,0,other,0.0557,0.0969,Low
42,64455.32,5.5,17911.92,710,2231.8,10,0,education,0.0346,0.2779,Low
37,30721.64,0.3,15477.99,727,5466.0,12,0,other,0.1779,0.5038,Low
54,41647.09,5.4,14390.41,486,4561.01,4,0,debt_consolidation,0.1095,0.3455,High
26,88560.15,2.2,11770.5,566,6221.79,12,0,medical,0.0703,0.1329,Low
26,30058.16,13.0,29343.87,631,896.53,11,0,business,0.0298,0.9762,Low
54,67125.67,9.4,13186.52,674,5095.08,0,0,debt_consolidation,0.0759,0.1964,Low
21,47792.02,2.6,24248.31,702,7808.63,4,0,business,0.1634,0.5074,Low
30,53108.73,24.7,19030.84,619,4754.13,12,0,other,0.0895,0.3583,Low
41,32277.13,0.3,14642.04,717,9995.29,4,0,debt_consolidation,0.3097,0.4536,Low
25,57834.0,7.8,22779.26,482,2254.09,5,0,home_improvement,0.039,0.3939,Low
22,55800.49,2.8,11104.94,541,2753.63,7,0,debt_consolidation,0.0493,0.199,Medium
42,23047.69,2.8,7810.71,610,7926.91,0,0,debt_consolidation,0.3439,0.3389,Medium
22,48912.0,0.9,13125.09,818,9659.57,11,0,debt_consolidation,0.1975,0.2683,Low
30,66632.56,3.6,32908.04,724,13991.85,8,0,business,0.21,0.4939,High
54,40431.25,0.4,15190.34,620,5772.03,10,1,debt_consolidation,0.1428,0.3757,High
36,14416.59,4.8,9870.74,785,1117.92,8,1,medical,0.0775,0.6846,High
59,46285.85,1.4,8212.04,573,12445.69,0,0,other,0.2689,0.1774,Low
42,102051.61,6.5,5360.96,592,6300.72,5,0,education,0.0617,0.0525,Low
32,41264.81,4.7,8168.0,673,5774.21,9,0,education,0.1399,0.1979,Low
44,100140.11,6.9,15998.41,660,16986.5,5,0,home_improvement,0.1696,0.1598,Low
60,32657.22,6.9,11585.54,683,8846.82,7,1,medical,0.2709,0.3548,Low
58,27433.35,1.1,15265.14,622,9861.46,7,0,medical,0.3595,0.5564,Low
30,48895.89,0.0,7729.22,706,972.23,1,0,debt_consolidation,0.0199,0.1581,Medium
55,32490.75,2.3,24735.11,661,3314.08,11,0,education,0.102,0.7613,High
52,57810.68,12.6,20983.35,748,10823.62,8,0,debt_consolidation,0.1872,0.363,Low
27,40689.06,4.3,9534.56,715,4690.69,9,0,debt_consolidation,0.1153,0.2343,Low
41,102432.42,6.5,5727.3,598,7304.74,0,0,medical,0.0713,0.0559,Low
40,39307.33,10.6,15523.87,556,5829.95,4,0,home_improvement,0.1483,0.3949,Medium
46,51270.38,11.8,4105.99,736,10889.38,9,0,home_improvement,0.2124,0.0801,Low
24,66050.04,3.8,6068.31,562,1769.53,1,0,debt_consolidation,0.0268,0.0919,Medium
42,79075.47,3.9,10486.58,735,1296.88,9,0,business,0.0164,0.1326,Medium
35,102726.08,9.5,7872.09,629,4130.74,0,0,debt_consolidation,0.0402,0.0766,Medium
60,43589.36,8.2,29055.09,700,6624.89,12,0,education,0.152,0.6665,Medium
41,40148.72,6.0,10963.55,601,3266.58,6,0,business,0.0814,0.2731,Medium
35,18826.89,4.6,17898.8,688,4714.33,8,0,medical,0.2504,0.9507,Medium
42,136060.61,4.8,3617.51,743,1635.65,1,0,home_improvement,0.012,0.0266,Low
48,58716.85,2.3,4579.35,615,1748.6,7,0,debt_consolidation,0.0298,0.078,Medium
34,71389.35,9.2,8905.73,579,2804.11,4,0,debt_consolidation,0.0393,0.1247,Medium
47,64722.52,4.8,15184.84,587,9805.01,5,0,home_improvement,0.1515,0.2346,Medium
61,50250.08,1.3,6233.84,462,6916.42,9,0,other,0.1376,0.1241,Medium
60,58406.14,1.4,16608.43,583,8712.51,13,0,medical,0.1492,0.2844,Medium
48,37055.38,9.9,30001.73,749,10139.38,11,0,other,0.2736,0.8096,Medium
46,42148.34,4.9,8323.35,514,33735.14,6,0,debt_consolidation,0.8004,0.1975,High
22,30482.17,2.5,13268.15,608,1458.35,12,0,business,0.0478,0.4353,Low
45,106790.26,1.0,11333.33,662,2466.45,3,0,debt_consolidation,0.0231,0.1061,Low
23,64908.93,4.7,10359.31,660,14306.84,2,0,other,0.2204,0.1596,Medium
28,131674.24,1.0,16171.65,584,4240.57,1,0,home_improvement,0.0322,0.1228,Medium
64,154537.43,3.2,13430.07,755,7223.84,14,0,medical,0.0467,0.0869,Low
53,24292.47,5.7,11974.27,711,1887.73,14,1,debt_consolidation,0.0777,0.4929,High
62,80226.9,4.2,14543.02,573,6257.59,10,0,debt_consolidation,0.078,0.1813,Medium
55,24860.07,12.8,22419.28,638,11356.28,0,0,debt_consolidation,0.4568,0.9018,High
26,53568.09,0.2,19192.14,603,4436.27,3,0,education,0.0828,0.3583,Low
59,57375.05,1.6,4661.09,689,6921.04,5,0,medical,0.1206,0.0812,Medium
43,25755.85,0.3,7851.64,768,6217.31,2,0,debt_consolidation,0.2414,0.3048,Low
45,33902.39,1.1,18970.14,690,9463.97,2,1,debt_consolidation,0.2791,0.5595,Medium
63,58698.87,0.7,62877.77,779,2422.37,9,0,debt_consolidation,0.0413,1.0712,Low
39,53538.18,6.6,9018.62,642,1324.41,7,0,debt_consolidation,0.0247,0.1684,High
25,29460.75,2.3,5436.94,521,6774.91,4,0,debt_consolidation,0.23,0.1845,Medium
31,34578.4,13.0,52417.45,592,9988.39,1,0,debt_consolidation,0.2889,1.5159,High
32,23255.1,0.1,28567.98,709,22582.2,9,0,debt_consolidation,0.971,1.2284,High
30,26863.89,5.3,27464.07,644,5352.6,8,0,education,0.1992,1.0223,High
28,40712.47,17.6,14272.73,659,2724.68,11,0,other,0.0669,0.3506,Low
44,80316.19,1.0,12958.6,615,4376.05,13,0,education,0.0545,0.1613,Medium
48,85572.27,2.9,12265.32,606,4787.8,14,0,debt_consolidation,0.0559,0.1433,Low
61,122604.42,6.1,21088.3,742,4095.36,0,0,debt_consolidation,0.0334,0.172,Low
56,60604.96,5.0,28320.86,799,6694.93,5,0,debt_consolidation,0.1105,0.4673,Low
57,53859.9,4.2,14733.23,612,27459.09,4,0,home_improvement,0.5098,0.2735,High
41,62791.39,2.0,21269.39,600,13773.65,2,1,debt_consolidation,0.2194,0.3387,Medium
28,62491.01,6.5,30798.53,719,1349.87,14,0,other,0.0216,0.4928,Low
29,21845.35,5.3,23458.94,775,4885.81,11,0,debt_consolidation,0.2236,1.0738,Medium
35,126050.35,0.9,18948.96,739,1349.53,0,1,education,0.0107,0.1503,Medium
60,18667.34,16.6,8663.92,806,2776.56,0,0,debt_consolidation,0.1487,0.4641,Low
38,87062.47,4.1,9042.1,743,2570.82,4,0,business,0.0295,0.1039,Low
62,50422.54,3.7,4747.46,716,4432.99,6,1,debt_consolidation,0.0879,0.0942,Low
40,28431.46,9.4,16838.62,752,4271.16,7,0,debt_consolidation,0.1502,0.5922,Low
26,63939.16,5.1,14298.44,687,4318.45,2,0,debt_consolidation,0.0675,0.2236,Low
32,46209.04,0.4,28671.94,661,19368.86,6,0,debt_consolidation,0.4191,0.6205,High
22,34847.3,3.5,17570.84,698,11335.96,7,0,debt_consolidation,0.3253,0.5042,Medium
27,24569.5,7.6,11000.15,694,4140.78,2,0,home_improvement,0.1685,0.4477,Medium
36,23558.61,6.0,9988.07,598,6622.67,11,0,home_improvement,0.2811,0.4239,High
23,36117.92,17.7,16436.76,694,17685.89,11,0,debt_consolidation,0.4897,0.4551,Low
23,40396.8,0.1,15544.19,665,1613.21,9,0,debt_consolidation,0.0399,0.3848,Low
47,26761.75,1.5,39888.09,692,4607.66,14,0,education,0.1722,1.4904,High
63,49973.1,4.0,12516.43,655,6506.76,7,1,debt_consolidation,0.1302,0.2505,Medium
60,28736.75,4.8,17889.05,685,2571.05,4,0,other,0.0895,0.6225,Medium
58,58695.03,1.6,35627.09,677,1458.46,11,0,home_improvement,0.0248,0.607,High
53,90734.2,8.8,12236.32,563,3172.02,4,1,debt_consolidation,0.035,0.1349,High
48,56652.26,0.9,10956.06,595,4018.82,7,0,medical,0.0709,0.1934,Low
21,46773.99,0.0,6000.85,534,10852.33,5,0,home_improvement,0.232,0.1283,High
28,37517.08,15.2,10762.06,765,1176.34,5,1,business,0.0314,0.2868,Medium
57,101017.53,2.5,16759.47,650,6858.04,11,0,home_improvement,0.0679,0.1659,Low
52,44499.9,15.8,30469.91,677,3580.49,13,0,business,0.0805,0.6847,Medium
63,170265.1,1.6,5857.23,650,6827.51,12,0,debt_consolidation,0.0401,0.0344,Low
57,27132.35,0.3,7796.87,570,18408.69,5,0,home_improvement,0.6785,0.2874,Medium
24,56667.36,7.4,4313.08,637,2443.71,9,1,debt_consolidation,0.0431,0.0761,Low
50,99345.78,9.0,39403.19,651,12150.7,0,1,education,0.1223,0.3966,High
26,34715.16,3.4,14715.82,510,7110.8,0,0,education,0.2048,0.4239,Low
39,43561.88,0.4,10300.95,691,3556.01,2,1,other,0.0816,0.2365,Medium
52,67041.91,5.3,4546.04,678,7770.79,1,0,other,0.1159,0.0678,Low
29,59512.71,1.0,13344.09,623,9126.78,8,0,debt_consolidation,0.1534,0.2242,Medium
32,64851.12,9.5,10484.06,767,2595.13,1,0,home_improvement,0.04,0.1617,Low
31,87564.35,1.6,4555.35,682,1816.38,3,0,education,0.0207,0.052,Low
36,41217.7,9.4,11241.02,722,1923.88,10,1,education,0.0467,0.2727,Medium
21,100560.31,2.8,27864.8,682,3447.06,13,0,home_improvement,0.0343,0.2771,Low
41,20743.59,4.5,11427.82,683,2823.51,13,0,debt_consolidation,0.1361,0.5509,High
50,84012.32,7.8,27062.87,477,7762.92,6,0,home_improvement,0.0924,0.3221,Low
33,86994.73,0.2,33997.94,608,7609.23,9,0,other,0.0875,0.3908,High
54,33281.76,8.6,11372.57,642,5804.8,14,0,home_improvement,0.1744,0.3417,Low
24,23734.43,0.7,12662.2,562,10541.54,11,1,debt_consolidation,0.4441,0.5335,High
48,43648.16,2.2,18049.59,630,4764.06,6,0,home_improvement,0.1091,0.4135,Medium
58,59988.1,3.2,24676.06,724,6884.84,11,0,home_improvement,0.1148,0.4113,Medium
51,41458.59,11.3,31365.43,651,7259.26,10,0,education,0.1751,0.7565,Medium
47,63005.11,0.1,33227.31,545,3550.32,5,0,debt_consolidation,0.0563,0.5274,Medium
25,129168.35,4.1,8603.02,689,2036.45,13,0,business,0.0158,0.0666,Low
45,24776.33,5.1,31977.85,496,1840.82,4,0,debt_consolidation,0.0743,1.2906,High
23,18452.36,1.9,18192.13,697,13818.25,13,1,business,0.7488,0.9858,High
53,47351.38,1.7,9768.1,608,2179.14,5,0,business,0.046,0.2063,High
24,34888.61,3.4,6724.33,802,11007.83,2,0,medical,0.3155,0.1927,Low
45,38555.06,1.0,8274.51,534,16160.53,6,0,home_improvement,0.4191,0.2146,Low
40,92360.68,3.2,16624.33,647,2829.56,5,0,debt_consolidation,0.0306,0.18,Medium
54,46151.83,7.2,9948.45,561,6032.14,13,0,business,0.1307,0.2156,Medium
46,48315.24,9.3,16605.4,620,3740.76,3,1,business,0.0774,0.3437,Medium
25,39403.16,2.4,6793.84,824,3513.26,1,0,debt_consolidation,0.0892,0.1724,Low
55,48078.93,4.8,8499.18,618,20265.77,0,0,business,0.4215,0.1768,Low
48,56064.09,0.0,12658.19,554,9880.02,8,0,education,0.1762,0.2258,Medium
49,197263.19,4.0,12049.1,700,4414.84,7,0,medical,0.0224,0.0611,Low
29,56377.69,18.5,6209.31,621,9431.51,14,0,debt_consolidation,0.1673,0.1101,Low
58,87671.1,1.9,9159.72,621,15884.88,3,0,home_improvement,0.1812,0.1045,Low
26,53809.2,4.5,4692.02,623,3586.66,9,0,debt_consolidation,0.0667,0.0872,Low
39,17784.9,7.2,13902.01,623,9713.92,10,1,debt_consolidation,0.5462,0.7816,High
64,36918.35,4.7,33411.7,743,2348.56,0,0,other,0.0636,0.905,Low
31,56356.64,2.7,8436.59,525,2856.11,3,0,other,0.0507,0.1497,Medium
22,70383.02,0.8,7539.91,655,6271.0,4,0,debt_consolidation,0.0891,0.1071,Medium
64,54454.15,3.1,24090.47,671,4964.67,0,0,business,0.0912,0.4424,Medium
64,77666.22,1.7,6618.11,662,4609.71,14,0,debt_consolidation,0.0594,0.0852,Medium
29,23623.74,6.0,24423.95,561,9084.12,8,0,education,0.3845,1.0338,High
41,50231.43,2.9,6495.29,568,4392.97,13,0,business,0.0875,0.1293,Medium
44,95223.45,9.5,10793.6,624,10950.95,6,0,business,0.115,0.1133,Low
54,30158.44,1.1,11560.17,570,8397.85,11,0,business,0.2784,0.3833,High
42,85844.75,2.7,20386.79,675,5257.03,12,0,business,0.0612,0.2375,Medium
23,83654.77,4.1,41084.61,744,4077.72,6,0,home_improvement,0.0487,0.4911,Low
32,26409.73,0.7,10852.5,655,4940.04,14,0,education,0.187,0.4109,Medium
48,58042.99,4.4,13211.85,625,2015.47,14,0,education,0.0347,0.2276,Low
50,53072.12,1.7,4789.43,479,3959.25,11,0,home_improvement,0.0746,0.0902,Medium
46,44883.19,1.3,13036.46,674,2040.55,0,0,education,0.0455,0.2904,Low
41,22846.55,0.8,26712.08,587,6999.49,11,1,home_improvement,0.3064,1.1691,High
48,42979.14,2.2,55144.87,624,1646.27,8,0,business,0.0383,1.283,High
46,45335.79,13.2,10768.58,591,1467.75,9,0,debt_consolidation,0.0324,0.2375,Medium
53,20970.03,0.2,20539.1,633,4666.31,7,0,home_improvement,0.2225,0.9794,High
41,25525.27,9.6,26755.71,667,8132.41,13,0,debt_consolidation,0.3186,1.0482,High
55,30837.98,2.5,5636.37,682,4716.88,5,0,other,0.153,0.1828,High
54,29023.44,4.1,31293.14,734,12715.06,13,0,business,0.4381,1.0782,High
61,57707.08,3.6,8232.19,634,5444.53,3,0,education,0.0943,0.1427,Medium
38,77323.66,13.0,15658.21,632,30867.42,5,0,business,0.3992,0.2025,Low
31,41970.76,7.4,6262.08,749,5839.17,10,0,debt_consolidation,0.1391,0.1492,Low
43,71908.14,20.9,10722.53,720,35219.44,3,0,education,0.4898,0.1491,Medium
42,78924.28,7.9,4851.84,753,4976.52,1,0,education,0.0631,0.0615,High
37,46974.19,1.8,15676.42,725,8654.06,8,1,home_improvement,0.1842,0.3337,High
25,60115.43,16.5,33553.38,845,5582.7,14,0,business,0.0929,0.5581,Low
64,43841.12,20.5,13625.62,710,6654.24,9,0,debt_consolidation,0.1518,0.3108,High
31,27961.54,0.7,5623.95,565,2928.83,1,0,debt_consolidation,0.1047,0.2011,High
50,33746.1,11.6,10904.78,710,7556.57,6,0,debt_consolidation,0.2239,0.3231,Low
35,57703.56,5.5,15186.63,680,1807.04,11,0,debt_consolidation,0.0313,0.2632,Low
47,46135.37,12.8,12241.69,620,4586.58,2,0,home_improvement,0.0994,0.2653,Low
55,70868.87,12.4,20075.39,612,3165.18,10,0,debt_consolidation,0.0447,0.2833,Low
53,19082.11,11.1,44773.02,636,3584.42,3,0,debt_consolidation,0.1878,2.3462,High
40,21519.49,10.8,12896.22,479,10833.51,2,0,other,0.5034,0.5993,Medium
36,22831.3,0.6,12355.43,446,6748.09,13,0,debt_consolidation,0.2956,0.5411,High
54,53280.55,0.8,8667.17,656,1088.66,14,0,business,0.0204,0.1627,Low
22,24610.99,0.6,24787.0,610,9965.05,2,0,business,0.4049,1.0071,High
55,57530.16,0.5,42041.18,606,4958.51,5,0,home_improvement,0.0862,0.7308,High
60,71432.27,2.2,11921.49,622,9938.61,10,0,debt_consolidation,0.1391,0.1669,Medium
48,104623.65,5.8,15564.99,527,5466.49,12,0,home_improvement,0.0522,0.1488,Medium
59,99007.79,2.2,14729.11,709,1742.17,5,1,other,0.0176,0.1488,Medium
26,34623.58,6.4,8425.81,626,15256.5,1,0,debt_consolidation,0.4406,0.2433,Medium
29,21272.72,8.6,20734.91,653,9389.53,14,0,debt_consolidation,0.4414,0.9747,High
40,35740.11,5.5,13038.91,725,5341.26,13,0,education,0.1494,0.3648,High
21,79890.95,3.1,15309.51,622,1996.81,13,0,debt_consolidation,0.025,0.1916,Low
28,40342.27,1.8,23849.09,721,6811.39,13,0,medical,0.1688,0.5912,Medium
43,48428.3,0.7,10981.54,679,6202.51,0,0,debt_consolidation,0.1281,0.2268,Low
23,37101.76,3.4,14133.04,721,2118.98,5,0,medical,0.0571,0.3809,Low
24,108077.23,6.4,8645.1,727,4638.54,12,0,other,0.0429,0.08,Low
45,29518.42,4.0,6939.5,691,1108.95,0,0,business,0.0376,0.2351,Low
58,50684.87,6.4,14368.58,643,1120.68,11,0,medical,0.0221,0.2835,Low
35,85316.17,2.0,15132.89,690,2002.95,5,0,medical,0.0235,0.1774,Low
41,123102.76,0.3,23245.62,566,5145.18,13,0,home_improvement,0.0418,0.1888,Medium
55,34634.27,7.4,8450.84,680,2456.75,14,0,education,0.0709,0.244,Low
34,79253.19,1.2,7115.9,714,11394.94,12,0,business,0.1438,0.0898,Low
56,35734.34,4.8,38814.34,574,2677.91,9,0,home_improvement,0.0749,1.0862,Medium
32,97594.84,8.2,14453.8,753,3630.9,5,0,education,0.0372,0.1481,Low
37,116393.68,0.7,5847.37,645,11783.45,0,0,home_improvement,0.1012,0.0502,Low
59,31420.08,4.6,12922.78,681,3418.22,4,0,debt_consolidation,0.1088,0.4113,Medium
29,67963.89,5.8,9008.12,554,4974.7,3,0,debt_consolidation,0.0732,0.1325,Medium
55,85531.78,6.9,16563.2,472,10788.74,5,1,debt_consolidation,0.1261,0.1936,High
33,42313.7,0.8,10400.24,747,23008.21,7,0,debt_consolidation,0.5437,0.2458,High
35,64463.68,8.7,28061.39,639,10041.04,0,0,debt_consolidation,0.1558,0.4353,Medium
38,66171.73,0.5,6124.23,729,7048.39,1,0,education,0.1065,0.0925,Low
53,133896.86,3.7,28767.1,636,27696.27,1,1,debt_consolidation,0.2068,0.2148,Medium
26,18297.12,2.9,20865.76,580,1739.33,8,0,debt_consolidation,0.0951,1.1403,Medium
47,47669.32,1.3,16215.07,789,25951.52,5,0,home_improvement,0.5444,0.3402,Medium
43,26235.62,1.8,24851.58,644,5899.12,9,0,home_improvement,0.2248,0.9472,Medium
47,49360.17,0.9,27702.85,659,6927.74,8,0,education,0.1403,0.5612,Medium
54,33142.48,2.8,13370.49,636,2014.92,14,0,debt_consolidation,0.0608,0.4034,Low
58,43154.47,0.2,35517.68,536,1807.45,3,0,other,0.0419,0.823,Medium
34,31663.7,11.0,19354.96,693,3317.91,13,0,medical,0.1048,0.6112,High
56,52980.74,0.9,9617.83,684,4733.59,13,0,home_improvement,0.0893,0.1815,Medium
28,83863.61,10.9,5955.04,722,4851.76,8,0,debt_consolidation,0.0579,0.071,Low
55,40685.73,10.0,25448.3,585,5986.0,8,0,debt_consolidation,0.1471,0.6255,Medium
39,100238.85,3.0,13355.17,524,3131.8,0,0,debt_consolidation,0.0312,0.1332,High
50,82617.63,3.4,4560.06,696,7063.03,8,0,debt_consolidation,0.0855,0.0552,Low
34,135541.68,1.8,16318.99,755,1406.06,4,0,education,0.0104,0.1204,Low
40,60215.1,28.8,11443.39,521,15605.56,14,1,other,0.2592,0.19,Medium
45,47532.93,5.6,8935.74,538,3088.57,14,0,education,0.065,0.188,Medium
60,22189.65,15.2,24476.61,606,5608.61,9,0,education,0.2527,1.103,High
44,33161.88,2.7,8327.92,531,3692.97,9,0,other,0.1114,0.2511,High
34,44180.93,10.7,10177.89,619,4818.62,10,0,debt_consolidation,0.1091,0.2304,Medium
46,46875.32,3.0,11737.51,680,6177.47,6,0,debt_consolidation,0.1318,0.2504,Medium
58,158634.99,10.1,24589.94,708,89910.82,4,0,medical,0.5668,0.155,Low
43,44201.39,0.7,6603.2,693,1174.76,1,0,business,0.0266,0.1494,Medium
42,20248.24,5.1,9139.57,638,2376.81,4,0,debt_consolidation,0.1174,0.4514,Medium
39,68342.37,5.7,17242.12,752,1822.63,0,0,debt_consolidation,0.0267,0.2523,Low
23,66386.51,5.3,17990.88,497,6262.61,0,0,business,0.0943,0.271,Medium
62,38969.52,3.0,6797.61,566,6700.19,1,0,business,0.1719,0.1744,Medium
39,142035.92,5.8,10547.24,653,14982.21,3,0,education,0.1055,0.0743,Low
29,18990.41,1.4,12451.64,589,5117.21,9,0,business,0.2694,0.6556,Medium
48,91558.06,4.5,15879.5,639,13756.82,11,0,education,0.1503,0.1734,Medium
40,42380.84,4.0,11779.99,689,12014.79,8,0,education,0.2835,0.2779,Low
27,30478.94,1.9,33632.87,606,4448.13,5,0,debt_consolidation,0.1459,1.1034,Low
34,162787.21,7.5,12592.7,606,2833.93,10,0,education,0.0174,0.0774,Low
29,70851.99,0.4,33041.01,629,4397.6,8,0,debt_consolidation,0.0621,0.4663,Low
39,42225.55,0.9,10107.53,720,2890.15,4,0,business,0.0684,0.2394,Medium
34,41798.6,3.2,5112.9,701,5219.99,8,0,debt_consolidation,0.1249,0.1223,Low
58,56258.33,11.1,60266.67,714,2607.05,0,0,education,0.0463,1.0712,Medium
56,38910.45,4.3,12681.42,662,6473.18,12,0,home_improvement,0.1664,0.3259,Low
60,93882.97,9.2,16676.83,664,1333.18,14,0,other,0.0142,0.1776,Low
37,51217.81,3.6,5596.56,743,6657.69,0,0,debt_consolidation,0.13,0.1093,Low
50,81534.56,7.7,15633.36,581,8545.72,5,1,home_improvement,0.1048,0.1917,High
29,54391.5,2.0,21871.53,745,7782.8,1,0,home_improvement,0.1431,0.4021,Low
53,75729.08,8.4,6718.55,664,612.6,6,0,debt_consolidation,0.0081,0.0887,Low
45,96062.56,2.6,12264.21,654,5854.73,8,0,debt_consolidation,0.0609,0.1277,High
34,113602.97,4.1,12883.15,609,6884.52,14,0,debt_consolidation,0.0606,0.1134,High
31,62659.67,1.0,6194.15,747,48660.85,6,0,debt_consolidation,0.7766,0.0989,High
55,31784.26,12.7,35410.11,717,5605.98,13,0,debt_consolidation,0.1764,1.114,Medium
61,44968.11,6.0,2682.18,542,1512.92,12,0,medical,0.0336,0.0596,High
34,48384.32,9.8,3702.79,676,1270.79,8,0,education,0.0263,0.0765,Low
50,36805.24,1.2,14239.7,592,4093.11,12,0,debt_consolidation,0.1112,0.3869,Medium
61,33857.74,0.4,7354.47,629,2475.36,14,0,other,0.0731,0.2172,Low
24,53490.02,2.1,20055.59,529,9472.12,3,1,medical,0.1771,0.3749,High
24,29981.81,3.6,10857.57,663,18346.37,12,0,debt_consolidation,0.6119,0.3621,High
48,27208.91,8.1,16968.09,667,713.56,6,0,debt_consolidation,0.0262,0.6236,Low
28,21010.59,2.5,5882.72,672,3777.96,10,0,education,0.1798,0.28,Medium
22,62328.14,1.6,10524.78,618,13778.65,9,0,business,0.2211,0.1689,Low
61,58140.86,2.3,10244.4,628,9628.05,0,0,home_improvement,0.1656,0.1762,Low
42,41675.23,6.1,54525.41,499,2526.28,14,0,debt_consolidation,0.0606,1.3083,High
61,80588.85,2.0,10180.52,727,6650.59,9,0,debt_consolidation,0.0825,0.1263,Low
36,29750.32,19.4,3382.47,508,12870.16,5,0,business,0.4326,0.1137,Medium
49,59304.3,1.0,25865.67,682,5044.06,8,0,education,0.0851,0.4361,Medium
50,50366.51,7.0,11539.06,632,8306.81,5,0,debt_consolidation,0.1649,0.2291,Medium
32,33848.83,4.4,15704.11,696,13579.44,13,0,home_improvement,0.4012,0.4639,Medium
55,38320.06,1.3,10859.53,662,4614.09,11,1,medical,0.1204,0.2834,Medium
31,36873.63,7.0,6212.09,571,5289.08,6,0,debt_consolidation,0.1434,0.1685,Medium
41,55624.39,3.0,29265.76,695,11176.11,9,0,medical,0.2009,0.5261,Low
41,65954.11,5.7,7429.62,647,8718.52,14,0,debt_consolidation,0.1322,0.1126,Medium
25,39608.66,5.4,5489.5,632,14600.96,0,0,medical,0.3686,0.1386,Medium
40,34335.93,0.6,17715.46,668,10392.88,3,0,business,0.3027,0.5159,Medium
57,52502.24,9.2,14668.06,742,20035.11,10,0,education,0.3816,0.2794,Low
23,21463.83,5.7,25377.7,621,3098.78,6,0,home_improvement,0.1444,1.1823,Medium
64,49870.19,7.6,15808.11,680,6430.07,5,1,debt_consolidation,0.1289,0.317,Medium
53,107032.49,3.0,12770.61,667,4397.46,8,0,debt_consolidation,0.0411,0.1193,Low
29,34475.99,1.1,23030.86,616,1302.92,3,0,debt_consolidation,0.0378,0.668,High
29,44872.14,2.0,4970.61,603,2241.91,13,0,debt_consolidation,0.05,0.1108,High
24,81820.32,11.6,11979.87,569,11934.78,10,0,medical,0.1459,0.1464,Medium
55,71491.7,13.9,7571.0,690,8385.36,10,0,home_improvement,0.1173,0.1059,Low
37,50560.18,3.3,15550.29,602,10729.26,2,0,debt_consolidation,0.2122,0.3076,Low
54,47607.03,1.8,21794.67,549,4229.62,0,0,business,0.0888,0.4578,Low
44,26429.11,6.6,15793.12,645,5674.09,11,0,debt_consolidation,0.2147,0.5975,High
52,62666.13,7.3,20440.35,728,7016.51,7,0,debt_consolidation,0.112,0.3262,High
21,25042.07,8.4,28095.86,743,3937.78,0,0,business,0.1572,1.1219,Medium
28,17455.46,0.2,18070.85,422,6800.46,4,0,home_improvement,0.3896,1.0352,High
43,81149.75,0.0,20843.1,660,919.16,13,1,debt_consolidation,0.0113,0.2568,Medium
60,59485.81,2.2,41140.89,692,5186.38,1,0,debt_consolidation,0.0872,0.6916,Medium
32,76104.89,0.8,65110.39,688,3409.94,11,0,business,0.0448,0.8555,Medium
32,33919.49,8.2,12159.58,643,7473.06,13,0,medical,0.2203,0.3585,High
35,61894.21,3.8,7600.55,778,19425.23,5,0,education,0.3138,0.1228,Low
61,39358.45,8.7,2842.54,751,7804.93,7,0,debt_consolidation,0.1983,0.0722,Low
39,41621.77,1.0,42398.08,643,8235.74,3,0,education,0.1979,1.0186,Low
46,79767.95,4.9,9499.77,617,28400.16,0,0,debt_consolidation,0.356,0.1191,Low
49,45483.48,4.3,17634.16,677,3817.93,12,0,education,0.0839,0.3877,Medium
42,34606.86,2.1,19851.36,688,2482.07,11,0,education,0.0717,0.5736,Medium
60,24766.34,3.6,21661.01,654,1670.17,6,0,debt_consolidation,0.0674,0.8746,Low
41,58708.79,4.4,11492.84,661,16557.9,4,0,debt_consolidation,0.282,0.1958,Low
58,83261.21,11.0,21520.53,772,12368.23,1,0,business,0.1485,0.2585,Low
40,33138.0,0.3,18495.36,775,1582.13,11,1,business,0.0477,0.5581,High
49,69181.55,8.7,8894.52,712,12095.34,5,0,debt_consolidation,0.1748,0.1286,Low
24,30595.58,19.6,35448.99,724,7428.83,5,0,home_improvement,0.2428,1.1586,Medium
27,71299.97,6.6,20052.52,718,1641.49,4,0,home_improvement,0.023,0.2812,Low
48,49834.22,6.7,6184.05,634,7011.18,12,0,education,0.1407,0.1241,Low
48,56045.44,1.2,10689.81,686,5781.64,12,0,debt_consolidation,0.1032,0.1907,Low
24,34589.13,3.7,10546.81,671,4964.54,12,0,debt_consolidation,0.1435,0.3049,Medium
42,58616.73,6.1,9489.59,748,1656.66,5,0,debt_consolidation,0.0283,0.1619,Low
32,36357.52,4.6,19278.86,673,43224.5,8,0,home_improvement,1.1888,0.5302,High
23,39861.38,2.4,28989.43,719,1951.68,14,0,debt_consolidation,0.049,0.7272,Medium
42,22952.59,14.1,6928.78,640,2341.33,11,0,debt_consolidation,0.102,0.3019,Medium
64,33320.36,3.6,10782.97,705,1743.87,14,0,home_improvement,0.0523,0.3236,Medium
22,37693.85,17.5,26575.49,672,14503.36,8,1,education,0.3848,0.705,Medium
44,57319.99,4.1,8070.61,590,2028.99,6,0,debt_consolidation,0.0354,0.1408,Low
54,66027.58,7.9,8706.13,708,3681.75,12,0,business,0.0558,0.1319,Low
47,36171.76,6.8,3458.38,733,7170.99,2,0,home_improvement,0.1982,0.0956,Low
61,45151.45,5.4,21189.26,518,905.26,11,0,business,0.02,0.4693,Medium
21,113913.27,0.1,15083.39,511,2358.76,8,0,business,0.0207,0.1324,Low
28,52341.99,0.4,10932.85,669,2688.1,12,0,debt_consolidation,0.0514,0.2089,Low
43,37479.66,4.4,5098.28,682,11810.78,12,0,business,0.3151,0.136,High
58,21166.51,12.1,10876.31,577,4315.77,11,0,other,0.2039,0.5138,Medium
26,31985.53,4.6,4214.71,673,3473.61,9,0,home_improvement,0.1086,0.1318,Medium
42,31368.68,1.3,12025.54,642,11576.55,6,1,other,0.369,0.3833,High
45,131786.29,1.9,42295.67,487,3334.01,14,0,other,0.0253,0.3209,Low
38,32073.05,4.9,15028.78,664,14112.58,3,0,business,0.44,0.4686,Medium
37,50287.99,4.5,27986.04,572,42125.72,0,0,business,0.8377,0.5565,High
32,59005.08,15.6,29238.1,696,13631.03,9,0,education,0.231,0.4955,Low
26,85243.1,3.8,9731.12,610,25349.41,11,0,education,0.2974,0.1142,Low
46,49217.87,2.2,19362.27,678,8170.71,5,1,business,0.166,0.3934,Medium
47,37981.05,3.7,2595.17,744,6177.14,11,0,debt_consolidation,0.1626,0.0683,Low
28,36744.06,7.7,15815.35,617,4862.93,11,0,education,0.1323,0.4304,Medium
39,58582.42,3.9,25473.46,640,11528.85,5,0,medical,0.1968,0.4348,Low
62,34815.93,2.0,18278.12,750,1782.77,5,0,debt_consolidation,0.0512,0.525,Low
21,28223.48,2.1,10772.75,695,11846.62,10,0,debt_consolidation,0.4197,0.3817,Medium
49,37977.45,7.1,28379.38,644,3611.4,13,0,medical,0.0951,0.7472,Medium
55,25279.72,0.3,26433.68,768,8370.21,14,0,business,0.3311,1.0456,Medium
60,123662.12,1.6,12970.86,633,5764.11,3,0,debt_consolidation,0.0466,0.1049,Medium
34,66057.2,0.8,32678.4,632,8775.02,8,0,business,0.1328,0.4947,High
55,110240.75,14.5,18230.24,578,9425.01,4,0,business,0.0855,0.1654,Medium
40,62487.26,0.5,5085.31,695,6270.37,0,0,debt_consolidation,0.1003,0.0814,Low
33,105061.01,7.1,16189.68,567,5983.59,3,0,debt_consolidation,0.057,0.1541,Low
58,58908.01,5.0,8689.7,758,3421.28,9,0,business,0.0581,0.1475,Low
28,70480.45,5.0,18000.87,605,5158.35,10,0,home_improvement,0.0732,0.2554,Low
63,16867.44,7.2,1506.89,687,2659.97,2,0,debt_consolidation,0.1577,0.0893,Low
40,31033.89,2.6,34769.05,653,1973.89,13,0,business,0.0636,1.1203,Medium
53,49934.32,2.6,26109.87,691,1362.1,10,0,debt_consolidation,0.0273,0.5229,Medium
46,50543.71,1.7,34684.16,682,9117.6,7,0,debt_consolidation,0.1804,0.6862,High
59,47183.97,4.6,13278.05,657,2164.59,5,1,debt_consolidation,0.0459,0.2814,Low
41,61481.87,13.3,26734.33,621,7842.79,9,0,education,0.1276,0.4348,Low
62,62761.77,12.9,15167.96,671,5293.69,9,0,other,0.0843,0.2417,Low
63,75550.6,6.1,7404.1,750,1886.37,6,1,debt_consolidation,0.025,0.098,High
61,68493.68,11.8,8210.76,626,1327.86,9,0,home_improvement,0.0194,0.1199,Low
29,89504.46,16.6,10860.44,560,6623.63,1,0,debt_consolidation,0.074,0.1213,High
44,89869.76,7.9,28284.06,702,2007.8,0,0,business,0.0223,0.3147,Low
57,53494.4,2.6,27717.49,671,6077.45,12,0,home_improvement,0.1136,0.5181,Low
61,138804.87,3.3,9062.57,758,7601.1,1,0,business,0.0548,0.0653,Low
37,96728.68,13.4,20549.08,694,2067.35,5,0,medical,0.0214,0.2124,Low
44,32745.62,5.5,13490.54,750,1636.1,12,0,business,0.05,0.412,Low
41,59653.12,8.6,7580.37,789,4231.28,11,1,business,0.0709,0.1271,Low
59,19510.17,0.6,6574.98,627,3849.17,4,0,debt_consolidation,0.1973,0.337,Medium
61,21224.28,1.1,11630.08,642,2760.7,7,0,home_improvement,0.1301,0.5479,High
59,38187.09,2.1,23388.22,738,964.91,3,0,business,0.0253,0.6124,Low
33,31643.17,1.0,9855.94,656,11018.64,2,0,education,0.3482,0.3115,Medium
31,38304.72,11.8,21463.16,618,4560.08,3,0,debt_consolidation,0.119,0.5603,Low
39,57771.27,1.2,16092.12,629,7771.64,14,0,education,0.1345,0.2785,High
31,90458.38,4.1,5000.3,600,4673.81,8,0,debt_consolidation,0.0517,0.0553,Low
33,88069.01,0.4,44567.64,489,9994.85,11,0,education,0.1135,0.506,High
21,60270.43,0.8,27363.39,702,4004.44,7,0,debt_consolidation,0.0664,0.454,Low
60,28465.28,1.4,5738.2,592,3775.77,10,0,business,0.1326,0.2016,Medium
64,37097.54,20.3,16976.08,534,2472.04,14,0,debt_consolidation,0.0666,0.4576,Medium
39,67412.9,8.0,32388.54,720,6061.61,7,0,other,0.0899,0.4804,Low
32,32433.33,5.6,17090.9,535,3652.39,10,1,education,0.1126,0.5269,High
28,26017.94,12.4,10417.19,740,3260.48,5,0,debt_consolidation,0.1253,0.4004,Low
28,62702.62,15.6,12410.29,703,1260.91,12,0,medical,0.0201,0.1979,Low
32,47849.63,3.0,11491.02,686,3510.76,14,0,other,0.0734,0.2401,High
53,44114.35,2.0,12272.1,556,6778.42,4,0,business,0.1537,0.2782,Medium
46,85382.89,1.9,26229.51,504,4415.04,13,0,home_improvement,0.0517,0.3072,Medium
59,84491.32,0.2,17740.26,592,7723.67,10,1,debt_consolidation,0.0914,0.21,Medium
48,119438.75,1.6,7959.85,447,2145.73,7,0,business,0.018,0.0666,Medium
25,35393.88,2.2,11345.83,463,3119.66,11,0,debt_consolidation,0.0881,0.3206,High
28,60770.93,0.2,10530.85,718,6683.87,13,0,medical,0.11,0.1733,Medium
45,49488.93,10.7,15892.33,811,4813.7,3,0,debt_consolidation,0.0973,0.3211,Low
47,58055.69,9.4,6835.12,660,446.09,9,0,debt_consolidation,0.0077,0.1177,Medium
43,27800.5,1.4,5409.48,653,3127.8,14,0,other,0.1125,0.1946,Low
50,24312.92,8.1,7656.14,602,2049.08,5,0,home_improvement,0.0843,0.3149,High
43,48044.93,8.0,5238.83,722,4317.49,8,0,education,0.0899,0.109,Low
40,32168.52,2.0,5343.01,526,414.76,11,0,debt_consolidation,0.0129,0.1661,Medium
38,78362.74,6.0,27851.65,665,5781.29,13,0,debt_consolidation,0.0738,0.3554,Medium
38,23147.95,1.7,12367.63,797,8355.7,13,0,home_improvement,0.361,0.5343,Low
22,24122.48,0.4,16699.48,663,3001.16,2,0,medical,0.1244,0.6923,Medium
24,39801.85,3.5,13856.08,627,3940.69,8,1,business,0.099,0.3481,High
50,22719.13,2.9,14329.59,773,2771.01,12,0,business,0.122,0.6307,Low
53,113323.47,0.7,15980.34,803,17452.86,10,0,home_improvement,0.154,0.141,Low
56,44736.33,3.4,19007.17,770,14191.3,7,0,debt_consolidation,0.3172,0.4249,Low
38,36264.68,14.9,16673.3,643,12327.86,2,1,education,0.3399,0.4598,Medium
57,61943.75,6.6,71184.29,718,22422.2,6,0,debt_consolidation,0.362,1.1492,Medium
39,76261.56,6.7,7221.63,772,13977.5,4,0,other,0.1833,0.0947,Low
48,54365.2,7.1,7072.72,611,3218.48,6,1,education,0.0592,0.1301,Low
60,47379.94,6.8,9621.45,580,5362.98,3,0,home_improvement,0.1132,0.2031,Low
40,29979.33,0.1,6040.25,684,7641.35,14,0,medical,0.2549,0.2015,Medium
53,67201.76,12.9,11238.2,569,6349.28,12,0,home_improvement,0.0945,0.1672,Medium
32,99543.65,8.9,7525.68,554,1535.86,2,0,home_improvement,0.0154,0.0756,Medium
35,43920.66,1.6,14028.91,605,8419.81,6,0,home_improvement,0.1917,0.3194,High
61,32067.79,4.0,13961.4,582,7459.72,11,0,home_improvement,0.2326,0.4354,Medium
59,53677.43,4.8,6105.96,572,7831.24,13,0,medical,0.1459,0.1138,Medium
22,49085.79,0.7,21159.81,662,6376.53,5,1,debt_consolidation,0.1299,0.4311,High
49,26684.12,1.5,8256.07,673,4870.86,4,0,business,0.1825,0.3094,Medium
61,38126.15,0.1,7610.3,540,8165.85,3,0,debt_consolidation,0.2142,0.1996,High
30,119879.56,10.0,17389.28,681,970.55,5,1,other,0.0081,0.1451,High
22,24989.79,0.1,13360.02,665,7398.26,14,0,debt_consolidation,0.296,0.5346,High
31,34706.76,1.9,13370.16,569,11179.16,0,0,medical,0.3221,0.3852,High
33,30504.92,0.4,7364.09,652,19247.35,14,0,debt_consolidation,0.6309,0.2414,Medium
30,31883.7,7.6,6851.09,672,7655.35,11,1,home_improvement,0.2401,0.2149,High
34,39232.54,13.0,21558.66,679,2362.37,7,0,debt_consolidation,0.0602,0.5495,Low
38,61340.22,4.1,12781.47,721,3266.46,13,0,education,0.0533,0.2084,Low
29,94304.22,0.8,15328.76,715,7264.02,5,0,education,0.077,0.1625,Medium
59,54266.41,4.1,14640.63,654,6945.12,13,0,debt_consolidation,0.128,0.2698,Medium
48,34815.19,7.4,20062.36,579,2132.71,10,0,medical,0.0613,0.5762,Medium
23,105868.98,6.3,12907.01,612,5532.26,4,0,medical,0.0523,0.1219,Low
40,17425.99,6.8,11624.1,667,4243.99,7,0,debt_consolidation,0.2435,0.667,Medium
26,68647.44,1.6,20543.12,753,3910.45,3,0,debt_consolidation,0.057,0.2993,Low
47,29337.47,0.4,51062.24,466,5270.56,14,1,debt_consolidation,0.1796,1.7405,High
22,47788.41,0.8,6340.82,658,5145.43,1,0,debt_consolidation,0.1077,0.1327,Low
49,64961.49,15.6,9612.47,638,17203.93,4,0,other,0.2648,0.148,Medium
58,21967.34,4.8,15927.18,672,1010.82,6,0,debt_consolidation,0.046,0.725,High
23,52618.7,6.5,3620.67,540,4758.46,4,0,other,0.0904,0.0688,Medium
36,54679.19,11.5,26009.64,723,4925.12,6,0,home_improvement,0.0901,0.4757,High
50,101841.08,9.6,21524.75,648,1137.17,1,0,education,0.0112,0.2114,Low
60,190531.85,1.2,13602.81,629,8630.37,11,0,business,0.0453,0.0714,Low
22,22550.56,0.3,17673.51,682,9690.06,0,0,debt_consolidation,0.4297,0.7837,Medium
37,99566.08,13.0,32995.08,676,1387.18,2,0,medical,0.0139,0.3314,Low
61,48101.08,20.0,15891.12,652,9268.4,0,0,debt_consolidation,0.1927,0.3304,Low
32,32719.1,4.2,6253.62,606,2481.93,2,0,debt_consolidation,0.0759,0.1911,Medium
55,58954.82,11.0,23771.89,633,6575.11,2,0,home_improvement,0.1115,0.4032,Medium
63,25561.8,1.3,23292.32,652,5860.96,7,0,home_improvement,0.2293,0.9112,Low
21,26336.04,0.6,15137.73,796,5959.59,4,0,education,0.2263,0.5748,Low
35,20587.12,3.5,64153.57,659,893.51,2,0,debt_consolidation,0.0434,3.116,High
46,64411.31,8.3,12545.08,703,1283.26,4,0,education,0.0199,0.1948,Low
57,57728.48,5.3,4552.69,719,5850.78,7,0,business,0.1013,0.0789,Low
41,32624.15,5.1,15609.94,652,7510.01,9,0,home_improvement,0.2302,0.4785,Low
51,105008.95,0.1,14589.68,760,2348.33,14,0,home_improvement,0.0224,0.1389,Low
45,35190.17,1.9,50819.67,515,14739.82,10,0,debt_consolidation,0.4188,1.4441,High
43,93106.08,14.0,16548.4,675,2949.03,9,0,home_improvement,0.0317,0.1777,Medium
44,52106.26,0.7,11558.88,739,3729.47,0,0,business,0.0716,0.2218,Low
58,34954.97,6.5,6290.72,691,4316.66,6,0,business,0.1235,0.18,Low
48,46282.04,7.1,39525.19,507,5962.0,12,0,debt_consolidation,0.1288,0.854,High
41,26189.89,6.6,3398.75,673,4535.14,4,0,education,0.1732,0.1298,Medium
63,54631.54,22.7,17704.63,647,3857.59,3,0,home_improvement,0.0706,0.3241,Low
38,49775.34,2.6,4001.79,655,4538.1,2,1,home_improvement,0.0912,0.0804,Medium
56,63813.74,5.7,11214.16,625,5912.57,11,0,education,0.0927,0.1757,Medium
55,76082.7,1.1,10793.95,718,5964.86,6,0,other,0.0784,0.1419,Low
29,51938.1,2.6,8849.05,639,6145.99,11,1,business,0.1183,0.1704,Medium
58,23431.56,3.4,10699.49,753,4894.81,9,0,debt_consolidation,0.2089,0.4566,Low
50,78134.08,1.2,14532.17,662,8511.57,12,0,business,0.1089,0.186,Medium
64,49381.54,11.9,10131.83,602,5610.61,13,0,other,0.1136,0.2052,Low
54,19014.72,6.3,12445.84,805,6192.2,1,0,debt_consolidation,0.3256,0.6545,Medium
52,57228.51,1.7,8805.8,587,6753.44,13,0,debt_consolidation,0.118,0.1539,Medium
23,59430.45,0.7,11553.19,623,8112.65,12,0,home_improvement,0.1365,0.1944,Medium
23,40976.75,1.7,23949.74,676,9521.73,7,1,debt_consolidation,0.2324,0.5845,Medium
48,44403.86,4.9,10128.78,531,4622.76,12,1,home_improvement,0.1041,0.2281,Medium
64,36401.58,8.8,34093.07,666,7594.44,3,0,debt_consolidation,0.2086,0.9366,Medium
35,60358.88,3.5,23928.64,602,12414.21,9,0,business,0.2057,0.3964,Medium
61,52574.98,0.5,21868.36,831,2366.81,1,0,debt_consolidation,0.045,0.4159,Low
43,31128.7,1.4,13419.09,631,4766.75,13,0,debt_consolidation,0.1531,0.4311,Low
60,110082.49,2.1,7550.64,570,3760.19,12,1,other,0.0342,0.0686,High
31,35140.11,5.1,14176.65,678,13495.4,1,0,education,0.384,0.4034,Medium
52,12666.81,1.4,38381.07,658,1806.01,10,0,education,0.1426,3.0298,High
56,38741.35,1.3,8143.1,715,2914.73,14,0,business,0.0752,0.2102,Low
53,82081.57,1.7,15935.47,581,13547.5,9,0,debt_consolidation,0.165,0.1941,Low
44,44211.22,4.5,7748.84,773,5585.67,0,0,home_improvement,0.1263,0.1753,Low
59,21646.74,3.4,10491.19,679,7001.24,9,1,debt_consolidation,0.3234,0.4846,Medium
54,29317.92,9.2,15994.55,592,4117.57,7,0,debt_consolidation,0.1404,0.5455,Medium
48,28552.7,6.0,16624.15,659,6707.16,10,0,medical,0.2349,0.5822,High
57,36767.03,5.5,14332.77,701,4590.47,7,1,medical,0.1248,0.3898,Medium
27,43008.26,0.8,19223.54,690,2061.51,5,0,debt_consolidation,0.0479,0.447,Low
24,62750.84,0.3,17546.93,553,15610.03,1,0,home_improvement,0.2488,0.2796,Medium
57,52272.17,3.6,10973.79,495,5100.19,2,0,other,0.0976,0.2099,Medium
21,53540.94,0.4,20619.7,541,5942.61,8,0,business,0.111,0.3851,Low
21,119333.4,2.3,7479.37,667,3944.65,6,0,medical,0.0331,0.0627,Low
40,75388.85,0.1,11440.58,680,16735.96,13,0,business,0.222,0.1518,Medium
39,72142.77,1.0,10110.92,437,7749.27,11,0,home_improvement,0.1074,0.1401,Low
49,19799.64,0.6,16703.86,673,4047.11,12,0,education,0.2044,0.8436,High
30,33661.07,8.1,3209.01,591,6060.59,4,0,home_improvement,0.18,0.0953,Low
38,22059.27,2.1,10512.78,553,2390.8,4,0,business,0.1084,0.4765,Medium
48,33372.04,0.4,17570.32,600,4601.88,6,0,business,0.1379,0.5265,High
55,72942.98,1.5,58805.13,654,3336.8,0,0,education,0.0457,0.8062,Medium
63,40279.01,5.7,13764.38,643,1600.18,0,0,debt_consolidation,0.0397,0.3417,High
51,83802.72,6.8,6979.77,471,5447.14,2,0,education,0.065,0.0833,High
47,69325.47,0.6,20022.89,766,3639.89,8,0,business,0.0525,0.2888,Low
31,50273.15,7.5,8882.53,702,16087.24,7,0,other,0.32,0.1767,Low
58,84797.66,2.3,5915.08,662,1505.97,11,0,home_improvement,0.0178,0.0698,Low
25,96974.95,5.7,14907.31,513,3490.5,2,1,medical,0.036,0.1537,Medium
28,61524.68,5.6,29541.63,584,6115.69,14,0,debt_consolidation,0.0994,0.4802,Medium
54,54994.23,7.9,8258.14,645,10131.29,11,0,debt_consolidation,0.1842,0.1502,Medium
32,67284.45,6.0,11768.14,712,3440.14,7,0,debt_consolidation,0.0511,0.1749,Low
58,24262.97,0.2,20245.93,736,30851.83,3,0,debt_consolidation,1.2715,0.8344,High
21,46222.14,3.7,24677.04,850,3616.52,6,1,home_improvement,0.0782,0.5339,High
51,48436.3,0.9,31436.86,662,2193.94,13,0,business,0.0453,0.649,Low
24,40766.99,17.5,8792.46,598,4457.83,1,0,debt_consolidation,0.1093,0.2157,Medium
25,33032.66,1.5,12393.27,710,21012.11,4,0,debt_consolidation,0.6361,0.3752,Medium
50,80742.68,2.7,3634.68,571,11221.43,11,0,education,0.139,0.045,High
44,53371.34,1.1,10542.68,679,19604.76,4,0,education,0.3673,0.1975,Low
23,55853.94,0.7,7121.12,822,15309.36,10,0,business,0.2741,0.1275,Low
31,99936.48,4.6,14534.87,625,21937.41,4,0,education,0.2195,0.1454,Medium
24,44459.58,3.4,22730.03,599,4994.51,8,0,education,0.1123,0.5112,High
46,40360.64,2.3,20214.29,539,22089.12,12,0,debt_consolidation,0.5473,0.5008,High
47,96823.65,0.4,6662.19,662,6965.19,8,0,business,0.0719,0.0688,Low
63,23263.25,6.7,10519.68,530,8435.9,1,0,education,0.3626,0.4522,Medium
47,50291.71,0.0,17617.86,562,15623.59,9,0,education,0.3107,0.3503,High
62,33900.29,3.1,14400.37,542,32181.74,11,0,home_improvement,0.9493,0.4248,High
26,56745.95,5.0,8759.52,734,19154.71,8,0,home_improvement,0.3375,0.1544,Low
35,65250.07,2.8,16726.99,637,1766.35,0,0,debt_consolidation,0.0271,0.2563,Low
50,67090.34,0.7,21156.13,759,5079.99,4,0,home_improvement,0.0757,0.3153,Low
62,81888.97,7.5,11923.36,667,4984.23,14,0,education,0.0609,0.1456,Low
57,43206.07,2.0,7374.35,614,2178.82,9,0,home_improvement,0.0504,0.1707,Medium
57,44573.26,0.7,16753.85,700,1967.18,0,0,business,0.0441,0.3759,Low
62,63786.77,4.0,7962.77,701,3233.32,2,0,other,0.0507,0.1248,Low
57,76400.98,0.1,29537.26,746,8812.25,9,0,debt_consolidation,0.1153,0.3866,Low
55,25587.21,2.0,2745.54,579,9596.19,11,0,education,0.375,0.1073,Low
43,57357.6,6.9,10993.69,651,3835.84,11,0,education,0.0669,0.1917,Low
26,40230.39,12.2,7830.94,557,1070.76,5,0,business,0.0266,0.1946,Medium
24,51204.17,4.5,20483.41,669,5628.09,9,0,debt_consolidation,0.1099,0.4,Medium
38,41013.46,1.2,31569.73,434,17934.23,8,0,home_improvement,0.4373,0.7697,High
29,34153.72,1.2,9022.24,571,2824.63,3,0,home_improvement,0.0827,0.2642,Low
49,29458.52,4.6,7610.61,589,17577.09,1,0,education,0.5967,0.2583,Medium
33,45455.45,2.6,19660.21,648,4750.21,4,0,business,0.1045,0.4325,Low
37,58641.79,1.0,4565.26,732,11327.18,0,0,home_improvement,0.1932,0.0778,Low
52,36260.93,7.7,15489.2,511,12494.28,9,0,business,0.3446,0.4271,High
42,88867.87,1.1,13091.83,718,3206.06,12,0,debt_consolidation,0.0361,0.1473,Medium
24,167581.52,1.9,11715.64,677,4561.33,6,1,business,0.0272,0.0699,Low
25,60268.36,0.3,8076.21,683,8085.47,10,0,other,0.1342,0.134,Low
57,48020.45,6.0,3764.46,628,4941.95,14,0,debt_consolidation,0.1029,0.0784,Low
61,31065.98,1.6,23963.89,708,1791.76,11,0,debt_consolidation,0.0577,0.7714,Medium
33,58984.45,1.3,19489.68,635,5463.65,1,0,other,0.0926,0.3304,Medium
54,102599.45,1.8,12904.0,579,7558.98,14,0,home_improvement,0.0737,0.1258,Medium
42,129863.57,10.4,15332.14,634,3613.67,7,0,education,0.0278,0.1181,Low
43,98526.21,3.6,12204.76,659,1781.47,13,0,home_improvement,0.0181,0.1239,Low
23,74731.34,0.9,24084.45,567,20756.91,8,1,medical,0.2778,0.3223,Medium
62,60180.08,7.4,11858.02,456,7625.59,12,0,home_improvement,0.1267,0.197,Medium
54,29017.84,1.2,13108.54,703,12431.99,1,0,home_improvement,0.4284,0.4517,Medium
52,46636.52,2.7,14594.23,590,5775.4,1,0,medical,0.1238,0.3129,Low
41,44005.11,4.2,10604.74,446,5176.29,12,0,debt_consolidation,0.1176,0.241,High
64,46788.75,4.4,12636.53,659,13161.78,13,0,education,0.2813,0.2701,High
41,34210.71,0.4,12345.16,637,4510.64,9,0,home_improvement,0.1318,0.3608,Low
64,71605.77,9.1,8856.29,541,3996.09,8,1,home_improvement,0.0558,0.1237,High
31,42747.57,3.3,7542.22,598,11241.49,11,1,business,0.263,0.1764,High
59,41047.48,22.7,11865.95,727,14435.71,7,0,education,0.3517,0.2891,Medium
24,34268.67,6.3,11140.15,524,3329.63,6,0,home_improvement,0.0972,0.3251,High
21,55058.42,24.5,25212.45,606,9679.83,0,1,debt_consolidation,0.1758,0.4579,Medium
48,103609.81,3.0,7500.24,685,1728.6,8,0,education,0.0167,0.0724,Low
44,48771.23,0.8,9558.9,527,4463.89,3,0,medical,0.0915,0.196,Medium
55,56436.44,6.5,14923.83,796,7468.17,5,0,other,0.1323,0.2644,Low
33,129008.08,7.5,16965.18,719,3081.14,1,0,debt_consolidation,0.0239,0.1315,Low
54,89475.6,9.6,12290.09,787,7816.15,12,0,education,0.0874,0.1374,Low
31,65766.93,1.8,21831.14,648,6919.18,4,0,debt_consolidation,0.1052,0.3319,Low
56,64398.71,3.6,12548.09,772,7734.86,10,0,debt_consolidation,0.1201,0.1948,Medium
37,36259.88,9.7,7934.72,660,10474.24,0,0,debt_consolidation,0.2889,0.2188,Medium
55,34529.36,10.0,13049.0,627,4449.87,11,0,debt_consolidation,0.1289,0.3779,Low
38,52612.24,0.1,20891.79,560,2341.79,4,0,other,0.0445,0.3971,Low
60,53283.77,5.6,23943.14,671,3161.38,11,0,business,0.0593,0.4493,Low
42,32052.09,4.6,23545.76,596,3602.25,7,0,business,0.1124,0.7346,High
44,69678.59,0.4,15006.07,593,27084.95,4,0,medical,0.3887,0.2154,High
39,42674.25,13.3,15639.56,661,1597.29,6,0,medical,0.0374,0.3665,Medium
57,86134.07,2.9,19032.05,789,2479.34,11,0,debt_consolidation,0.0288,0.221,Low
59,47681.36,5.6,5029.03,755,2496.48,7,0,education,0.0524,0.1055,Low
41,45617.19,10.7,8685.1,715,17321.14,0,0,home_improvement,0.3797,0.1904,Low
28,30678.02,0.7,15981.85,646,6027.57,7,0,home_improvement,0.1965,0.5209,Medium
48,32405.07,9.7,7394.34,657,2042.0,10,0,education,0.063,0.2282,Medium
25,94739.11,6.4,26659.09,767,5266.13,10,0,home_improvement,0.0556,0.2814,Low
37,56077.05,9.2,25349.06,690,3808.55,0,0,other,0.0679,0.452,Medium
57,59554.74,3.4,9651.15,437,3580.45,7,0,medical,0.0601,0.1621,High
56,109133.1,0.2,7755.55,846,8016.15,14,0,debt_consolidation,0.0735,0.0711,Medium
39,25367.03,5.6,17292.23,648,3462.18,13,0,business,0.1365,0.6817,Medium
47,68571.2,2.3,6208.92,654,7975.51,14,1,education,0.1163,0.0905,Medium
54,22160.23,2.6,14528.67,666,8275.14,13,0,home_improvement,0.3734,0.6556,High
31,39386.33,2.9,72995.82,655,2392.9,9,1,debt_consolidation,0.0608,1.8533,Medium
32,27652.09,3.4,7295.01,634,3262.4,1,0,home_improvement,0.118,0.2638,High
41,75304.51,5.4,8355.84,530,4728.13,3,0,debt_consolidation,0.0628,0.111,Medium
31,19055.99,6.5,9223.62,549,28503.45,0,1,debt_consolidation,1.4957,0.484,Medium
59,43693.64,7.5,7794.72,787,4726.46,0,0,education,0.1082,0.1784,Low
48,27463.55,5.6,8035.42,592,6300.25,3,0,home_improvement,0.2294,0.2926,Low
25,31971.36,8.1,37473.69,738,4149.65,14,0,home_improvement,0.1298,1.1721,Medium
37,34532.09,0.7,13872.13,673,2973.94,11,0,business,0.0861,0.4017,Low
40,94802.61,9.1,23054.37,465,2769.49,12,0,home_improvement,0.0292,0.2432,High
61,41455.89,2.4,27437.34,549,6041.03,10,0,home_improvement,0.1457,0.6618,Medium
32,116269.13,3.8,4525.64,585,7742.19,12,1,education,0.0666,0.0389,Medium
26,129093.62,2.8,8420.4,707,964.17,3,0,business,0.0075,0.0652,Low
37,141046.08,3.2,7753.34,630,6467.9,3,0,medical,0.0459,0.055,Low
39,47601.36,1.7,2753.43,708,7160.03,7,0,education,0.1504,0.0578,Low
46,54457.65,0.9,17250.07,627,15461.6,3,0,home_improvement,0.2839,0.3168,Medium
64,59217.82,0.6,16029.94,700,11127.61,14,1,other,0.1879,0.2707,Low
64,40792.6,3.0,29537.24,565,3306.77,4,0,home_improvement,0.0811,0.7241,High
52,60608.18,0.7,17755.89,611,2198.64,10,0,other,0.0363,0.293,Medium
26,30711.79,1.4,2794.59,675,3069.35,11,0,medical,0.0999,0.091,Low
56,19192.26,0.7,8767.32,626,6939.66,9,0,home_improvement,0.3616,0.4568,Medium
58,70057.2,0.6,9156.61,652,3748.67,10,0,debt_consolidation,0.0535,0.1307,Medium
31,41155.52,10.7,18157.11,654,7391.46,1,0,debt_consolidation,0.1796,0.4412,Medium
53,30081.15,5.6,2719.79,713,21139.04,9,0,home_improvement,0.7027,0.0904,High
44,32044.69,12.9,18515.77,654,10676.0,10,0,medical,0.3331,0.5778,Medium
43,104564.66,5.2,21436.73,641,6640.81,9,1,debt_consolidation,0.0635,0.205,Medium
35,61824.59,9.3,11497.54,676,4846.45,8,0,other,0.0784,0.186,Low
47,22898.95,4.1,8271.69,693,4464.06,6,1,other,0.1949,0.3612,High
31,27078.81,3.1,27089.34,660,9431.98,12,0,home_improvement,0.3483,1.0004,High
37,42364.25,3.8,5824.68,562,4964.74,11,0,debt_consolidation,0.1172,0.1375,Low
34,62205.87,1.9,26567.01,716,7544.82,0,0,education,0.1213,0.4271,Low
47,32948.94,5.4,23043.79,701,2765.01,3,0,home_improvement,0.0839,0.6994,Medium
38,44959.92,11.4,18702.51,624,5049.17,6,0,home_improvement,0.1123,0.416,Low
48,51910.46,7.6,39739.28,692,5132.41,11,0,debt_consolidation,0.0989,0.7655,Low
24,52450.98,3.1,13496.14,802,7171.43,8,0,other,0.1367,0.2573,Low
27,14800.73,15.4,19391.74,629,1730.13,3,0,medical,0.1169,1.3101,Medium
55,54765.77,21.1,12979.91,647,7639.61,6,0,debt_consolidation,0.1395,0.237,Low
29,20610.79,3.4,11017.89,671,5264.17,7,0,debt_consolidation,0.2554,0.5345,Medium
28,42480.51,10.0,18346.66,850,1372.45,7,0,home_improvement,0.0323,0.4319,Low
37,38150.44,0.0,11136.68,665,12204.55,2,0,debt_consolidation,0.3199,0.2919,Low
37,28584.89,0.3,13870.77,599,2047.97,12,0,home_improvement,0.0716,0.4852,Medium
53,74726.02,0.1,13916.01,546,3835.26,14,0,education,0.0513,0.1862,Low
52,27945.52,7.4,10478.7,622,994.6,14,0,home_improvement,0.0356,0.375,Low
28,37742.1,0.4,20759.99,646,8621.71,14,1,business,0.2284,0.55,Medium
39,76066.79,0.1,4615.78,699,5618.43,11,0,business,0.0739,0.0607,High
58,37206.91,0.8,8803.67,651,15493.75,4,1,home_improvement,0.4164,0.2366,Medium
23,33548.42,1.8,7448.85,655,4020.18,6,0,other,0.1198,0.222,Low
25,42869.77,3.1,16063.5,665,7435.79,5,0,home_improvement,0.1734,0.3747,Low
33,64231.64,0.3,11583.92,663,8912.78,7,0,debt_consolidation,0.1388,0.1803,Low
51,101028.08,3.5,5702.78,748,5908.79,1,0,medical,0.0585,0.0564,Low
36,30697.58,1.4,17712.86,575,3536.93,7,0,other,0.1152,0.577,High
52,31966.99,1.6,15313.5,800,2361.28,11,0,home_improvement,0.0739,0.479,Low
42,42694.8,8.6,13655.29,759,2469.4,9,0,debt_consolidation,0.0578,0.3198,Low
49,54999.0,21.7,21341.14,731,8470.03,12,0,debt_consolidation,0.154,0.388,Low
42,33352.12,3.1,18273.42,583,2776.18,8,0,business,0.0832,0.5479,Medium
63,69167.18,1.9,11616.34,638,2883.71,12,0,debt_consolidation,0.0417,0.1679,Low
23,30988.18,13.4,17149.67,591,2543.79,2,0,debt_consolidation,0.0821,0.5534,Medium
30,18950.26,3.5,30385.78,582,4588.08,10,0,education,0.2421,1.6034,High
62,63951.97,6.6,12185.08,628,6414.77,4,0,debt_consolidation,0.1003,0.1905,Low
41,67764.57,2.7,28222.55,639,7693.72,7,0,home_improvement,0.1135,0.4165,Low
36,82646.3,1.1,41652.87,621,2475.57,4,0,home_improvement,0.03,0.504,High
32,18106.93,5.3,16285.24,652,5025.51,1,0,home_improvement,0.2775,0.8993,Medium
22,35143.41,5.5,7308.0,716,725.28,9,0,home_improvement,0.0206,0.2079,Low
61,43237.82,3.1,11177.04,711,5794.56,3,0,business,0.134,0.2585,High
44,118004.62,1.6,14730.8,680,3221.34,9,0,business,0.0273,0.1248,Low
55,45269.98,8.9,13522.27,644,927.0,13,0,debt_consolidation,0.0205,0.2987,High
50,25002.76,1.6,14433.71,618,1982.45,8,0,debt_consolidation,0.0793,0.5773,Low
50,56861.3,5.4,27694.56,674,4614.75,8,1,debt_consolidation,0.0812,0.487,Medium
55,94346.37,2.4,8022.03,729,2977.72,13,0,debt_consolidation,0.0316,0.085,Low
39,84822.78,3.2,16661.73,755,5089.64,9,1,medical,0.06,0.1964,Low
28,64919.22,1.2,23219.91,549,5479.09,7,0,other,0.0844,0.3577,Medium
46,55899.81,5.2,11493.47,643,6139.93,5,0,education,0.1098,0.2056,Medium
60,15774.09,1.3,7218.63,579,4624.97,4,0,debt_consolidation,0.2932,0.4576,Low
27,49653.95,3.3,11811.04,533,1923.33,4,0,business,0.0387,0.2379,Medium
50,53587.45,2.0,7151.84,742,8557.65,0,0,education,0.1597,0.1335,Low
27,45253.95,16.6,8743.59,750,5165.55,6,0,business,0.1141,0.1932,High
23,69811.21,20.1,18936.37,634,1569.69,4,0,debt_consolidation,0.0225,0.2712,Low
21,44891.38,7.0,15656.16,613,2652.13,2,0,business,0.0591,0.3487,High
56,40770.68,20.7,20480.2,620,10083.73,4,0,business,0.2473,0.5023,Medium
45,82413.03,0.6,17859.52,509,1614.58,0,0,business,0.0196,0.2167,Medium
57,39863.07,24.3,11806.34,737,11887.8,3,0,education,0.2982,0.2962,Low
21,50631.39,0.5,7288.24,611,27282.42,14,0,debt_consolidation,0.5388,0.1439,Medium
35,76785.08,2.7,16223.34,632,3037.57,9,0,education,0.0396,0.2113,Medium
57,29574.44,1.4,9694.74,674,2611.09,1,0,home_improvement,0.0883,0.3278,Low
33,28012.52,15.4,12288.41,486,8678.36,3,0,education,0.3098,0.4387,Medium
60,96661.46,5.1,8699.83,651,3542.54,10,1,home_improvement,0.0366,0.09,High
28,36448.08,4.5,22979.34,660,3254.06,14,0,education,0.0893,0.6305,Low
25,69301.11,29.8,3482.13,606,7658.69,10,0,business,0.1105,0.0502,Low
29,20177.82,4.7,18198.88,820,2973.33,3,0,debt_consolidation,0.1473,0.9019,Low
21,14023.28,5.2,14610.23,553,3879.66,12,0,other,0.2766,1.0418,High
56,58812.81,0.2,22745.35,688,3636.91,7,0,debt_consolidation,0.0618,0.3867,Low
55,45992.78,9.8,6415.42,567,4805.33,6,0,home_improvement,0.1045,0.1395,Low
22,59089.93,17.5,12995.66,672,1485.16,0,0,education,0.0251,0.2199,Low
60,125160.78,16.1,10335.15,562,3489.21,14,0,business,0.0279,0.0826,Medium
43,26405.54,1.2,12150.06,725,2381.19,10,0,education,0.0902,0.4601,Medium
29,49965.79,1.3,13501.74,678,2214.91,2,1,home_improvement,0.0443,0.2702,Low
54,102614.35,2.3,10019.24,519,16322.06,7,0,business,0.1591,0.0976,Medium
34,28381.84,1.9,12520.0,661,28554.18,11,0,business,1.006,0.4411,Medium
24,36593.89,1.8,28096.74,608,2218.75,13,0,other,0.0606,0.7678,Medium
50,20259.06,4.6,31835.25,637,6993.03,11,0,debt_consolidation,0.3452,1.5713,High
51,150080.13,8.2,15417.14,517,3132.64,2,0,medical,0.0209,0.1027,Medium
58,16280.6,13.8,32205.91,762,8117.44,12,0,home_improvement,0.4986,1.9781,High
31,73078.75,0.4,5617.87,573,1093.39,5,0,debt_consolidation,0.015,0.0769,Low
55,25339.0,1.6,21652.24,631,2918.43,9,0,other,0.1152,0.8545,High
28,28985.58,1.5,15175.65,579,4405.91,9,0,medical,0.152,0.5235,Medium
23,83447.83,2.2,10693.22,630,1034.59,1,0,debt_consolidation,0.0124,0.1281,Low
34,33817.87,2.8,19299.68,641,6161.62,13,0,home_improvement,0.1822,0.5707,High
33,67906.96,2.5,14674.62,643,1399.16,1,0,medical,0.0206,0.2161,Low
52,97735.08,15.2,9324.5,762,9151.32,2,0,business,0.0936,0.0954,Medium
54,54195.25,2.9,20326.91,642,2664.63,2,0,other,0.0492,0.3751,Medium
39,76469.17,4.0,13002.94,778,3158.21,7,0,business,0.0413,0.17,Medium
58,51038.55,6.9,8702.58,537,4774.37,1,0,medical,0.0935,0.1705,Medium
36,52234.74,6.5,21726.97,745,3836.19,1,1,home_improvement,0.0734,0.4159,Low
22,35686.78,4.4,4805.04,729,6142.59,7,1,debt_consolidation,0.1721,0.1346,High
60,128595.84,9.9,35805.57,738,21058.96,12,0,debt_consolidation,0.1638,0.2784,Low
37,71070.12,4.9,23017.04,821,12262.7,12,0,debt_consolidation,0.1725,0.3239,Low
54,63633.96,10.4,4296.0,447,1533.41,13,0,medical,0.0241,0.0675,Medium
62,72052.29,1.8,27675.68,484,2582.04,4,0,other,0.0358,0.3841,Medium
36,34938.86,0.7,14058.74,655,3889.6,8,1,debt_consolidation,0.1113,0.4024,Low
58,78079.74,8.6,3887.69,483,1600.92,6,0,home_improvement,0.0205,0.0498,Low
22,106717.5,2.4,4372.41,490,5520.64,6,0,education,0.0517,0.041,Medium
22,24579.09,5.3,18835.25,631,15370.63,12,0,home_improvement,0.6253,0.7663,High
46,64265.7,6.7,6936.05,611,3726.87,6,0,medical,0.058,0.1079,Medium
33,50584.22,2.0,7903.17,505,6012.09,4,0,home_improvement,0.1189,0.1562,High
51,37812.97,3.5,14230.69,600,2275.58,7,1,business,0.0602,0.3763,Medium
54,28378.07,11.3,18096.54,710,5245.52,7,0,medical,0.1848,0.6377,Low
59,82947.22,10.6,15178.08,688,4127.78,2,0,home_improvement,0.0498,0.183,Low
23,54393.22,6.9,7755.27,709,3964.04,9,0,business,0.0729,0.1426,Low
28,44198.01,7.2,8518.88,612,3002.29,13,1,business,0.0679,0.1927,Medium
43,64292.04,11.4,7070.05,746,11090.63,7,0,home_improvement,0.1725,0.11,Low
34,45993.7,6.7,15340.35,796,7654.14,4,0,education,0.1664,0.3335,Low
47,34474.12,2.1,14882.12,665,8228.4,12,0,business,0.2387,0.4317,High
49,52285.59,0.6,16966.55,613,4037.19,12,0,business,0.0772,0.3245,Low
59,48339.15,2.7,14919.16,647,4625.92,2,0,home_improvement,0.0957,0.3086,Low
59,20189.26,0.5,14295.84,550,2734.54,8,0,debt_consolidation,0.1354,0.7081,Medium
21,35782.59,0.6,22835.11,622,3138.41,3,0,education,0.0877,0.6381,Medium
37,26050.77,15.0,14164.7,699,3455.35,14,0,home_improvement,0.1326,0.5437,Low
61,21467.57,5.6,22704.07,678,2903.95,5,1,business,0.1353,1.0575,Medium
50,61935.55,9.5,10556.49,690,3604.45,13,0,other,0.0582,0.1704,Low
33,35088.07,5.1,8333.8,520,18434.5,9,0,medical,0.5254,0.2375,Medium
41,82512.34,2.7,27459.57,706,7621.02,2,0,business,0.0924,0.3328,Low
39,19647.43,0.1,10078.5,606,5807.88,10,1,debt_consolidation,0.2956,0.5129,Low
39,42240.0,15.6,12511.04,632,2261.81,13,0,business,0.0535,0.2962,Medium
45,36027.47,0.4,8131.9,592,2193.72,2,0,home_improvement,0.0609,0.2257,Medium
42,22270.49,4.7,44017.76,771,1552.46,14,0,business,0.0697,1.9764,High
51,49145.65,0.5,5332.58,544,14353.79,4,0,education,0.2921,0.1085,Low
37,23264.12,1.7,24090.57,642,5882.26,10,1,education,0.2528,1.0355,High
43,54795.2,1.0,4374.1,544,3440.8,11,0,debt_consolidation,0.0628,0.0798,Medium
52,70289.62,4.0,10647.86,727,5246.34,2,0,home_improvement,0.0746,0.1515,Low
30,56037.51,10.9,20830.08,660,7769.14,0,0,home_improvement,0.1386,0.3717,Medium
30,59691.31,5.0,36593.12,562,1758.93,1,0,debt_consolidation,0.0295,0.613,Medium
56,82093.77,5.5,11576.48,656,6311.98,5,0,home_improvement,0.0769,0.141,Low
28,48369.19,12.0,9659.58,584,4533.28,12,0,debt_consolidation,0.0937,0.1997,Low
40,32434.77,6.9,15096.13,717,3828.42,1,0,home_improvement,0.118,0.4654,Medium
52,36153.33,10.0,35980.82,812,5663.07,13,0,business,0.1566,0.9952,Medium
34,36545.49,2.7,14792.28,544,11078.82,9,0,medical,0.3031,0.4048,Medium
48,29095.26,10.0,18151.31,762,29394.97,7,0,home_improvement,1.0103,0.6238,High
44,72555.4,5.2,9099.95,748,8686.43,5,0,business,0.1197,0.1254,Low
35,63796.36,0.7,23051.56,624,1083.91,14,0,education,0.017,0.3613,Low
42,21322.08,0.2,5219.77,707,6456.57,5,0,home_improvement,0.3028,0.2448,Low
50,32429.95,1.4,28328.79,670,4658.68,10,0,home_improvement,0.1436,0.8735,High
24,28396.11,2.4,29653.77,647,11310.01,10,0,education,0.3983,1.0443,High
33,57450.16,9.1,44912.55,611,6317.75,5,0,debt_consolidation,0.11,0.7818,Medium
43,83973.35,6.8,29615.87,706,5732.9,4,0,debt_consolidation,0.0683,0.3527,Low
28,61334.21,15.5,9665.11,608,4886.92,14,0,debt_consolidation,0.0797,0.1576,Medium
38,34523.78,4.1,32185.59,730,4319.95,12,0,debt_consolidation,0.1251,0.9322,High
32,41794.12,6.9,26320.94,581,5144.89,1,0,medical,0.1231,0.6298,Medium
51,24430.18,1.6,8648.64,817,36332.59,5,0,debt_consolidation,1.4871,0.354,High
34,25385.13,5.7,15139.75,559,3544.49,12,0,business,0.1396,0.5964,Medium
54,74833.79,6.1,2326.1,850,2683.53,7,0,home_improvement,0.0359,0.0311,Low
38,100917.24,9.4,5839.33,622,4822.43,14,0,debt_consolidation,0.0478,0.0579,Low
54,34290.23,3.8,21863.57,712,1229.46,10,0,medical,0.0359,0.6376,Medium
31,50214.52,5.2,35630.76,729,1439.82,11,0,other,0.0287,0.7096,Low
61,70281.36,1.1,21914.27,665,1757.91,10,0,debt_consolidation,0.025,0.3118,Medium
32,21334.46,6.7,13810.86,740,2362.79,14,0,business,0.1107,0.6473,Medium
35,29017.57,9.1,7187.92,602,59844.8,9,0,debt_consolidation,2.0623,0.2477,High
51,132828.98,4.5,19665.36,552,2205.75,6,1,business,0.0166,0.148,High
49,30367.91,0.6,4231.12,654,4574.62,13,0,education,0.1506,0.1393,Low
46,40908.08,1.9,18196.35,712,2819.82,2,0,other,0.0689,0.4448,Low
38,36262.26,3.2,7777.71,603,5163.98,5,0,home_improvement,0.1424,0.2145,Low
52,18080.88,5.7,21019.09,673,16490.5,7,0,debt_consolidation,0.912,1.1624,High
42,51090.88,1.9,21639.04,545,15383.1,6,0,education,0.3011,0.4235,High
58,48405.76,9.2,9516.0,670,2998.98,0,1,medical,0.062,0.1966,Medium
37,53660.13,2.3,23395.36,616,3553.6,11,0,debt_consolidation,0.0662,0.436,Medium
43,46991.04,0.2,4663.39,665,8104.98,6,0,debt_consolidation,0.1725,0.0992,Medium
44,38951.38,7.9,12257.13,659,8534.19,3,0,business,0.2191,0.3147,Medium
28,37849.15,5.2,21474.77,575,4616.65,10,0,debt_consolidation,0.122,0.5674,Medium
61,38174.08,8.1,19399.9,662,8265.24,12,0,business,0.2165,0.5082,Medium
26,29901.24,2.1,9571.86,608,1964.04,9,0,business,0.0657,0.3201,Low
25,32308.89,0.1,22680.55,724,2085.79,14,0,medical,0.0646,0.702,Medium
64,30153.1,0.4,23191.05,725,3291.59,12,0,education,0.1092,0.7691,Low
49,65297.25,0.6,6607.63,666,2093.96,2,0,medical,0.0321,0.1012,Low
48,57128.09,8.2,12491.72,658,8131.79,7,0,other,0.1423,0.2187,Low
31,49690.39,1.8,15018.34,710,962.22,1,1,business,0.0194,0.3022,Medium
21,129460.7,30.8,14890.06,726,4346.25,6,0,debt_consolidation,0.0336,0.115,Low
63,30858.03,7.1,21739.02,774,3854.53,5,1,other,0.1249,0.7045,High
39,85766.9,4.6,10425.98,630,6577.21,7,0,other,0.0767,0.1216,Low
29,43044.29,20.6,35649.49,549,3991.17,3,0,debt_consolidation,0.0927,0.8282,Medium
47,53028.37,1.9,10547.36,727,7355.3,1,0,business,0.1387,0.1989,Low
54,68567.1,0.9,6765.53,777,3176.25,8,1,home_improvement,0.0463,0.0987,Low
64,38608.65,6.7,11660.71,656,2372.68,2,0,home_improvement,0.0615,0.302,Medium
24,28901.57,1.6,15560.34,646,2841.41,2,0,education,0.0983,0.5384,Low
56,31385.84,16.2,6586.49,778,4202.79,4,0,home_improvement,0.1339,0.2098,Low
38,17100.42,22.1,11110.46,564,3017.63,13,0,debt_consolidation,0.1765,0.6497,Medium
35,66396.4,13.0,6348.02,626,2741.53,8,0,debt_consolidation,0.0413,0.0956,Low
33,65602.55,14.5,20371.49,599,960.19,12,0,business,0.0146,0.3105,Low
39,108209.59,4.8,12010.24,652,12019.53,0,0,debt_consolidation,0.1111,0.111,Medium
26,60322.74,5.9,3192.09,733,5891.26,3,0,home_improvement,0.0977,0.0529,Low
32,68023.76,0.5,24904.99,550,3205.33,9,0,business,0.0471,0.3661,Medium
57,47062.27,7.2,6618.69,733,13939.62,3,0,education,0.2962,0.1406,Low
37,61848.28,1.1,66181.51,583,1724.4,1,1,debt_consolidation,0.0279,1.07,High
43,84524.48,9.2,8865.65,685,2911.58,14,0,home_improvement,0.0344,0.1049,Low
46,53676.8,16.3,9442.68,468,6408.45,12,0,education,0.1194,0.1759,Medium
49,37774.3,1.2,14709.48,486,3735.89,7,1,home_improvement,0.0989,0.3894,High
53,43909.54,0.4,3138.27,638,4904.11,0,0,education,0.1117,0.0715,Medium
47,71391.34,3.3,17400.46,751,2754.08,14,0,home_improvement,0.0386,0.2437,Medium
45,38344.57,7.8,20347.71,735,1661.23,9,0,education,0.0433,0.5306,Medium
30,76460.78,7.4,23011.88,523,2504.69,5,0,other,0.0328,0.301,Medium
43,127299.64,6.0,15810.63,739,7191.54,6,0,business,0.0565,0.1242,Low
41,76936.14,8.6,14110.11,692,6386.35,11,0,home_improvement,0.083,0.1834,Low
41,71222.78,1.0,5375.06,685,2245.7,10,1,home_improvement,0.0315,0.0755,Medium
63,58326.75,5.3,17959.81,833,958.5,10,0,other,0.0164,0.3079,Low
33,33241.86,4.7,13028.68,600,4743.26,2,0,debt_consolidation,0.1427,0.3919,High
57,31767.82,0.8,10339.98,728,2893.65,12,0,education,0.0911,0.3255,Low
53,31608.74,2.7,7188.63,653,4423.73,11,1,education,0.1399,0.2274,High
44,64690.27,9.6,17817.42,780,7444.41,9,0,business,0.1151,0.2754,Low
64,40346.85,17.8,11008.47,678,19952.47,11,0,education,0.4945,0.2728,Medium
31,48315.31,5.5,4318.84,608,3196.05,11,0,home_improvement,0.0661,0.0894,High
37,60435.27,12.8,11686.34,598,3538.55,4,0,other,0.0586,0.1934,Medium
24,32202.18,0.7,8414.8,669,3782.17,9,1,other,0.1174,0.2613,Medium
45,38140.73,18.5,22597.37,587,9817.38,1,0,debt_consolidation,0.2574,0.5925,Medium
50,57609.42,0.2,12094.7,417,6188.07,11,0,business,0.1074,0.2099,High
29,42385.99,3.7,11411.36,755,4854.22,11,0,home_improvement,0.1145,0.2692,Low
41,44412.42,1.7,16078.51,741,6890.51,13,0,education,0.1551,0.362,Low
40,29251.1,8.4,36495.85,650,1332.26,14,0,other,0.0455,1.2476,Medium
39,44714.1,1.2,17045.38,707,5549.45,5,0,business,0.1241,0.3812,Medium
39,111981.06,0.1,8318.35,711,13306.59,13,0,home_improvement,0.1188,0.0743,Medium
32,39215.36,2.7,5249.21,654,5177.72,2,0,business,0.132,0.1339,Medium
57,27625.5,0.3,29677.33,510,5336.22,14,0,debt_consolidation,0.1932,1.0742,High
62,79147.47,1.7,3068.24,678,4960.67,11,0,business,0.0627,0.0388,Low
37,63683.29,5.2,13187.26,629,16947.42,0,0,education,0.2661,0.2071,Medium
57,54519.26,1.7,54700.46,811,22972.69,2,1,debt_consolidation,0.4214,1.0033,Medium
59,25353.68,1.4,4598.16,703,3614.31,8,0,home_improvement,0.1426,0.1814,Medium
48,27219.62,0.8,6834.86,703,4472.51,11,0,education,0.1643,0.2511,Medium
61,22727.72,0.7,15056.02,769,2593.59,6,1,other,0.1141,0.6624,Medium
55,60825.58,3.7,8238.26,659,10329.47,3,0,debt_consolidation,0.1698,0.1354,Low
38,81628.56,5.7,12463.87,809,7194.5,12,0,debt_consolidation,0.0881,0.1527,Low
34,61860.29,3.0,17241.46,568,901.94,13,0,debt_consolidation,0.0146,0.2787,Medium
55,129956.0,0.7,18798.84,641,6228.68,11,1,debt_consolidation,0.0479,0.1447,Low
64,39302.69,5.2,25972.43,757,3302.07,6,1,debt_consolidation,0.084,0.6608,High
61,41696.2,4.1,5172.2,552,5171.98,12,0,home_improvement,0.124,0.124,Low
27,51703.51,2.4,28560.01,622,1626.42,5,0,debt_consolidation,0.0315,0.5524,High
61,43706.44,2.0,29970.87,689,3065.42,13,0,debt_consolidation,0.0701,0.6857,Low
33,62903.4,1.0,22190.6,693,2468.06,12,0,debt_consolidation,0.0392,0.3528,Medium
38,35603.15,0.8,6775.27,599,4503.2,9,0,business,0.1265,0.1903,Low
57,24407.31,2.1,6569.91,767,3631.4,12,0,education,0.1488,0.2692,Low
33,20036.88,0.2,15961.93,570,5651.39,1,0,other,0.282,0.7966,Medium
56,62333.63,2.9,19659.4,668,2051.35,1,0,debt_consolidation,0.0329,0.3154,Medium
51,37686.02,4.6,27045.48,597,2175.83,10,1,debt_consolidation,0.0577,0.7176,High
22,27316.04,14.2,10011.3,502,5088.81,9,0,debt_consolidation,0.1863,0.3665,High
36,35971.08,4.9,19457.0,594,2135.78,13,0,home_improvement,0.0594,0.5409,Low
29,130126.97,4.9,18832.25,625,2696.33,10,0,business,0.0207,0.1447,Low
29,28128.91,2.3,9021.3,546,5331.32,2,1,debt_consolidation,0.1895,0.3207,High
58,70516.06,0.7,10255.74,749,16429.07,10,0,education,0.233,0.1454,High
31,60508.96,3.0,5125.67,664,2199.74,5,0,debt_consolidation,0.0364,0.0847,Low
42,95866.93,4.6,7055.94,674,1199.14,3,0,debt_consolidation,0.0125,0.0736,Medium
53,46094.71,6.4,9154.5,643,3588.32,7,1,education,0.0778,0.1986,High
56,22467.56,8.7,18272.44,641,4193.68,6,0,other,0.1866,0.8132,Medium
43,80520.95,1.5,51926.15,696,17388.45,12,1,other,0.2159,0.6449,Medium
54,43264.55,1.4,17869.85,610,6818.18,5,0,debt_consolidation,0.1576,0.413,Medium
29,92709.99,4.2,6331.18,469,5246.61,7,0,other,0.0566,0.0683,Low
44,73716.69,4.2,10032.4,502,6332.71,4,0,home_improvement,0.0859,0.1361,Medium
28,80654.9,1.2,25088.02,675,3527.36,8,0,business,0.0437,0.3111,Low
27,160210.02,4.4,8251.34,627,1879.51,0,0,home_improvement,0.0117,0.0515,Low
56,56443.7,2.1,32843.87,850,13510.99,3,0,medical,0.2394,0.5819,Low
38,100853.83,5.1,20145.1,722,3415.51,1,0,education,0.0339,0.1997,Low
23,40037.72,1.7,11488.3,682,11723.89,5,1,medical,0.2928,0.2869,Low
48,64238.35,4.5,4239.22,520,3889.39,8,0,debt_consolidation,0.0605,0.066,High
26,38134.12,7.3,24452.81,597,9877.26,13,0,business,0.259,0.6412,Medium
64,62293.97,19.6,19657.4,729,10646.61,13,0,business,0.1709,0.3156,Low
64,59124.62,12.1,17739.91,666,3186.2,7,0,business,0.0539,0.3,Low
41,17495.81,3.5,66506.85,574,4378.98,8,0,home_improvement,0.2503,3.8011,High
48,36103.17,3.4,7618.7,555,6293.67,5,0,debt_consolidation,0.1743,0.211,Low
60,55003.82,2.9,33288.01,693,9739.19,10,0,education,0.1771,0.6052,Medium
21,15856.0,0.1,11945.35,599,1770.7,13,1,education,0.1117,0.7533,Medium
56,46727.02,0.9,15569.82,613,22019.36,13,0,medical,0.4712,0.3332,High
41,81164.65,0.3,16111.4,634,3056.89,8,0,other,0.0377,0.1985,Medium
63,93912.92,6.0,22043.18,761,2797.22,5,0,debt_consolidation,0.0298,0.2347,Low
55,33149.33,2.7,8701.85,631,15140.0,4,0,debt_consolidation,0.4567,0.2625,High
33,96974.48,0.3,56177.95,762,2940.07,2,0,education,0.0303,0.5793,Low
30,89684.95,5.9,6881.98,619,8101.23,11,0,medical,0.0903,0.0767,Low
64,16748.34,5.2,10785.38,534,2324.71,11,0,debt_consolidation,0.1388,0.6439,Medium
30,51942.67,6.4,40377.41,629,7610.55,11,0,debt_consolidation,0.1465,0.7773,Low
33,54897.03,4.6,27116.34,649,2886.56,2,0,medical,0.0526,0.4939,Low
57,104756.89,0.9,10785.82,521,4427.8,8,0,other,0.0423,0.103,Low
58,56567.65,0.3,20094.18,568,10198.18,8,0,home_improvement,0.1803,0.3552,Medium
44,98406.83,8.5,6999.32,696,1694.63,12,1,other,0.0172,0.0711,Low
22,33176.9,1.2,8214.46,610,9358.55,2,0,education,0.2821,0.2476,Medium
42,22047.96,3.9,10737.76,717,4434.62,2,0,debt_consolidation,0.2011,0.487,Low
37,35457.17,3.3,31440.28,538,8893.53,4,1,debt_consolidation,0.2508,0.8867,Low
56,107849.74,12.7,3775.82,583,1241.1,0,0,debt_consolidation,0.0115,0.035,Low
34,77882.74,4.0,22659.13,708,4822.02,0,0,business,0.0619,0.2909,Low
30,156565.65,4.3,10537.16,659,3057.25,1,0,home_improvement,0.0195,0.0673,Low
55,23821.3,1.9,19393.61,516,2884.41,9,0,other,0.1211,0.8141,High
45,82508.86,15.9,18964.23,671,1992.97,5,0,home_improvement,0.0242,0.2298,Low
23,71498.6,4.7,13146.34,763,4627.62,1,0,debt_consolidation,0.0647,0.1839,Low
58,42503.5,0.0,8490.37,634,1438.46,1,0,debt_consolidation,0.0338,0.1998,Medium
37,72255.5,4.1,8954.11,605,1528.76,5,0,other,0.0212,0.1239,Low
32,52574.29,2.3,11068.47,733,1066.03,8,0,business,0.0203,0.2105,Low
44,61707.07,0.2,5036.37,604,1326.36,3,1,other,0.0215,0.0816,High
49,68890.6,2.8,14096.24,695,2555.38,2,0,other,0.0371,0.2046,Low
63,80021.82,7.4,8747.6,627,1623.45,1,0,other,0.0203,0.1093,Low
45,51195.44,3.5,10119.32,565,2344.84,11,0,other,0.0458,0.1977,High
56,119213.11,5.1,11807.08,604,2068.55,1,0,medical,0.0174,0.099,Medium
46,44008.47,5.1,20955.77,470,2710.23,12,0,business,0.0616,0.4762,High
58,125728.34,5.6,28083.2,713,3889.42,14,0,other,0.0309,0.2234,Low
21,27891.52,2.5,30444.21,703,3036.32,1,1,education,0.1089,1.0915,Medium
40,29955.56,2.3,17092.22,669,7219.83,6,0,education,0.241,0.5706,High
48,30845.46,0.0,10574.34,602,2190.24,12,0,medical,0.071,0.3428,High
36,79097.01,0.8,6095.45,712,9041.71,5,0,medical,0.1143,0.0771,High
37,32770.02,15.1,57787.7,700,983.37,6,1,home_improvement,0.03,1.7634,High
60,103265.92,9.2,38893.08,713,5357.03,2,0,debt_consolidation,0.0519,0.3766,Low
48,37675.42,1.6,22815.04,681,1555.65,1,1,debt_consolidation,0.0413,0.6056,High
32,59852.76,2.6,19827.76,631,1466.59,4,0,other,0.0245,0.3313,High
47,67510.86,14.1,10803.23,632,5609.23,10,0,debt_consolidation,0.0831,0.16,Low
62,29499.48,1.4,14447.48,489,4207.68,9,0,education,0.1426,0.4897,High
50,24455.57,3.8,23210.89,552,15804.4,13,0,home_improvement,0.6462,0.9491,High
61,56468.69,0.1,4296.12,685,2572.43,14,0,home_improvement,0.0456,0.0761,Low
54,42675.45,4.8,9252.97,773,2529.33,6,0,debt_consolidation,0.0593,0.2168,Low
57,62895.16,13.3,13444.83,716,1698.94,14,0,debt_consolidation,0.027,0.2138,Low
26,25013.5,10.8,4213.82,630,4236.02,1,1,home_improvement,0.1693,0.1685,Medium
27,41012.06,3.5,5472.51,584,10574.75,5,0,education,0.2578,0.1334,Low
52,44760.49,5.2,9000.88,705,1660.39,8,0,debt_consolidation,0.0371,0.2011,Low
52,14490.74,4.2,14067.24,664,2090.14,11,0,education,0.1442,0.9707,High
45,80638.27,0.3,33063.53,584,4250.21,7,0,other,0.0527,0.41,Medium
53,33566.34,0.9,10215.77,668,10299.15,11,0,home_improvement,0.3068,0.3043,Low
27,103733.53,16.6,41302.46,711,3648.19,10,0,other,0.0352,0.3982,Low
32,34668.43,1.5,8635.51,522,8628.04,12,0,debt_consolidation,0.2489,0.2491,High
36,37772.5,2.4,12388.72,642,4924.47,11,0,home_improvement,0.1304,0.328,High
36,26345.27,3.6,5493.99,753,6883.81,4,0,business,0.2613,0.2085,Low
63,86968.94,19.3,10285.15,733,3959.35,4,0,debt_consolidation,0.0455,0.1183,Low
56,61517.74,5.9,4264.78,648,1891.66,3,0,home_improvement,0.0307,0.0693,Low
33,98722.47,5.0,101871.52,570,8690.02,11,0,home_improvement,0.088,1.0319,Medium
27,44193.17,3.7,7136.36,536,6419.62,14,0,education,0.1453,0.1615,Low
56,48008.92,6.0,16570.95,721,5604.65,4,0,debt_consolidation,0.1167,0.3452,Low
29,21141.5,5.5,10034.88,607,2125.77,4,0,home_improvement,0.1005,0.4746,Low
52,35881.52,11.7,11601.26,700,980.66,9,0,other,0.0273,0.3233,Low
31,53383.09,3.9,12760.85,743,6678.1,6,0,debt_consolidation,0.1251,0.239,Low
28,59492.2,2.7,23615.98,589,1301.51,1,0,education,0.0219,0.397,High
53,122023.48,8.2,18122.53,622,2639.44,4,0,medical,0.0216,0.1485,Low
43,19429.08,8.0,15445.52,742,6340.96,11,0,education,0.3263,0.7949,Low
45,54980.14,0.9,18916.84,634,1087.32,1,0,education,0.0198,0.3441,Medium
28,40614.54,1.4,16691.83,696,4797.3,4,0,other,0.1181,0.411,Medium
42,50906.8,15.9,6212.42,624,2780.01,7,0,home_improvement,0.0546,0.122,Low
24,51604.19,2.9,11511.44,557,3561.77,13,0,debt_consolidation,0.069,0.2231,Medium
60,44551.79,3.7,20136.38,691,1004.13,14,0,home_improvement,0.0225,0.452,Low
23,27818.21,1.9,9347.48,771,3729.92,4,0,business,0.1341,0.336,Medium
49,25351.96,3.3,16552.33,683,10677.44,2,0,debt_consolidation,0.4212,0.6529,High
61,42939.36,6.8,25885.53,699,3777.14,10,1,debt_consolidation,0.088,0.6028,Medium
49,24093.35,3.3,8810.03,700,21386.82,12,0,debt_consolidation,0.8876,0.3656,Medium
54,46330.13,1.9,24610.98,783,1731.11,14,0,debt_consolidation,0.0374,0.5312,Low
54,43187.88,0.5,12537.13,625,25174.71,4,0,debt_consolidation,0.5829,0.2903,Medium
48,14399.98,13.2,13959.92,473,9123.24,12,0,business,0.6335,0.9694,Medium
33,128901.85,10.3,22200.58,751,17480.28,9,0,business,0.1356,0.1722,Low
35,50951.47,7.8,19071.69,532,19079.07,0,1,home_improvement,0.3744,0.3743,High
43,14491.32,5.9,2614.04,611,7114.6,9,0,debt_consolidation,0.4909,0.1804,Medium
64,55468.27,3.6,4442.95,586,1497.73,12,0,other,0.027,0.0801,Low
46,44280.75,11.4,18380.38,586,5631.57,14,0,education,0.1272,0.4151,Medium
24,25364.79,7.8,12274.88,723,989.32,1,0,debt_consolidation,0.039,0.4839,Low
46,57219.58,8.5,5105.8,706,10884.51,0,0,business,0.1902,0.0892,Low
60,30605.13,1.9,8995.22,582,25258.34,0,0,debt_consolidation,0.8253,0.2939,Medium
29,53987.96,2.8,4828.9,749,6841.33,14,0,home_improvement,0.1267,0.0894,Low
25,34518.31,6.1,12541.16,630,3043.03,0,0,medical,0.0882,0.3633,Medium
52,31169.97,2.3,28422.91,800,10277.51,14,0,business,0.3297,0.9118,Medium
40,48641.54,3.4,8699.58,619,9499.46,5,0,debt_consolidation,0.1953,0.1788,High
31,21784.49,5.2,15482.04,614,6148.83,6,0,medical,0.2822,0.7107,Low
35,47038.96,2.9,12548.34,621,7119.9,4,0,debt_consolidation,0.1514,0.2668,Low
52,68092.81,7.9,34915.88,578,2499.21,14,1,home_improvement,0.0367,0.5128,Medium
48,92531.59,0.6,28593.37,695,6012.43,3,0,business,0.065,0.309,Low
42,84481.18,6.3,5149.42,595,8003.35,3,0,education,0.0947,0.061,Medium
61,96438.93,0.8,11910.36,628,3973.06,6,0,other,0.0412,0.1235,Low
37,39051.75,13.9,7852.12,688,3295.78,3,0,home_improvement,0.0844,0.2011,Low
46,29368.62,1.9,9315.66,809,4827.82,10,0,business,0.1644,0.3172,Low
64,73694.11,7.9,21401.61,596,5601.39,11,0,business,0.076,0.2904,Medium
27,37856.32,3.7,15000.82,607,5048.32,12,1,debt_consolidation,0.1334,0.3962,High
62,49174.53,0.5,21224.41,601,6060.62,4,0,education,0.1232,0.4316,Medium
46,71213.2,4.4,3378.81,686,4768.0,10,0,business,0.067,0.0474,Low
45,134665.46,12.2,23348.0,611,6606.29,5,1,business,0.0491,0.1734,Medium
30,63856.92,0.9,17272.17,579,8302.04,4,0,home_improvement,0.13,0.2705,Medium
39,54314.77,1.9,35037.49,658,4255.82,13,0,other,0.0784,0.6451,Medium
31,27985.58,2.9,9260.49,696,4421.79,12,0,education,0.158,0.3309,Low
33,87963.54,1.6,25480.42,611,3731.88,6,0,home_improvement,0.0424,0.2897,Low
28,60133.44,14.4,15918.42,658,2500.4,10,0,home_improvement,0.0416,0.2647,High
60,41209.7,2.4,14469.94,671,4480.81,14,0,home_improvement,0.1087,0.3511,Medium
24,39135.72,5.4,9969.34,650,763.75,5,0,business,0.0195,0.2547,Medium
51,39997.36,1.3,12622.59,676,6343.83,5,0,medical,0.1586,0.3156,Medium
48,50110.34,1.2,7423.58,582,21246.51,5,0,home_improvement,0.424,0.1481,High
31,23635.3,1.0,10523.35,566,2995.48,10,0,medical,0.1267,0.4452,Medium
63,90130.27,2.9,9372.55,586,13268.47,10,1,other,0.1472,0.104,High
21,82235.03,3.8,11251.96,463,5248.85,12,0,home_improvement,0.0638,0.1368,High
58,45082.79,0.1,11979.61,555,1945.83,2,1,debt_consolidation,0.0432,0.2657,Medium
44,40041.64,8.9,12161.19,706,1994.55,5,0,other,0.0498,0.3037,Medium
51,48455.99,3.6,13297.11,703,6304.31,8,0,debt_consolidation,0.1301,0.2744,Low
61,52747.99,0.9,13219.88,545,2979.26,1,0,home_improvement,0.0565,0.2506,Medium
46,42190.55,0.3,14254.67,514,20588.96,2,0,education,0.488,0.3379,Medium
25,80784.67,0.3,13121.34,652,3928.67,13,0,debt_consolidation,0.0486,0.1624,Low
40,24051.34,1.5,11358.43,692,1590.1,2,0,business,0.0661,0.4722,Low
61,34338.82,3.5,17294.68,587,3779.42,2,0,medical,0.1101,0.5036,Medium
31,72230.74,9.8,27651.43,603,1195.17,13,0,debt_consolidation,0.0165,0.3828,Medium
53,57649.58,11.7,10923.14,712,829.23,5,0,home_improvement,0.0144,0.1895,Low
58,34899.56,8.9,9691.47,784,4515.14,10,0,debt_consolidation,0.1294,0.2777,Medium
47,59888.17,2.0,16746.37,603,4278.92,1,0,business,0.0714,0.2796,High
54,32975.49,1.8,14252.16,695,7271.65,12,0,debt_consolidation,0.2205,0.4322,Low
35,41979.73,21.9,7479.27,647,3868.94,11,0,debt_consolidation,0.0922,0.1782,Low
52,82607.81,5.7,8512.14,737,25636.37,8,1,debt_consolidation,0.3103,0.103,Medium
41,78162.23,1.8,9351.11,559,5553.95,14,0,home_improvement,0.0711,0.1196,Medium
25,56620.05,2.0,7171.91,652,12995.95,4,0,education,0.2295,0.1267,Low
26,28981.86,2.9,17378.38,598,5906.91,2,0,education,0.2038,0.5996,High
58,40585.76,4.9,21138.37,645,8243.14,14,0,home_improvement,0.2031,0.5208,Medium
42,51443.16,11.4,8210.07,720,8879.02,7,0,home_improvement,0.1726,0.1596,Low
38,101489.51,1.1,5906.06,648,9585.27,13,0,education,0.0944,0.0582,Low
34,20106.84,0.4,14818.09,589,3740.46,6,0,education,0.186,0.7369,Medium
30,31695.44,2.6,13609.08,723,12752.85,4,0,education,0.4023,0.4294,Low
33,86189.33,1.4,53162.76,691,1639.53,5,0,debt_consolidation,0.019,0.6168,Low
51,96769.15,4.3,19940.52,669,21952.64,0,0,debt_consolidation,0.2269,0.2061,Low
50,47341.53,6.0,6792.94,554,2284.98,12,1,business,0.0483,0.1435,Low
23,105788.85,1.9,7547.84,690,2818.11,12,0,home_improvement,0.0266,0.0713,Low
50,33972.76,5.8,16142.53,598,1576.73,14,0,other,0.0464,0.4751,Medium
26,23049.06,2.1,12927.54,571,4280.03,5,0,debt_consolidation,0.1857,0.5608,Medium
49,72774.08,5.0,12503.43,576,6524.73,10,0,medical,0.0897,0.1718,Low
28,93653.07,5.0,13906.73,697,8696.3,13,0,other,0.0929,0.1485,Low
64,92875.45,1.6,21273.37,687,5793.85,9,0,medical,0.0624,0.2291,Low
63,31833.6,5.0,40637.4,651,22948.91,13,0,medical,0.7209,1.2765,Medium
64,54159.57,2.4,29663.06,478,4230.53,11,1,debt_consolidation,0.0781,0.5477,High
53,74600.99,2.1,7268.45,736,6197.61,14,0,medical,0.0831,0.0974,Low
37,56981.89,1.7,9693.84,718,18109.28,7,0,business,0.3178,0.1701,Low
31,101030.56,2.1,3254.57,606,12775.92,12,0,education,0.1265,0.0322,Low
33,40033.71,7.7,15162.26,759,3377.64,9,0,home_improvement,0.0844,0.3787,Low
31,47320.18,1.4,9749.29,571,2210.03,5,1,other,0.0467,0.206,Medium
51,55165.62,5.7,13205.14,657,5500.95,3,0,business,0.0997,0.2394,Low
48,74330.53,11.5,8154.06,658,3622.66,0,0,business,0.0487,0.1097,Low
64,44478.9,2.2,8102.34,669,8638.98,8,1,debt_consolidation,0.1942,0.1822,High
26,77941.75,0.1,5301.69,539,1488.42,4,0,business,0.0191,0.068,Medium
61,109350.36,0.1,11031.11,524,4782.06,11,0,debt_consolidation,0.0437,0.1009,Low
36,37834.04,0.8,18795.25,643,2049.67,14,0,debt_consolidation,0.0542,0.4968,Medium
24,45146.6,0.6,8916.22,580,4830.39,0,0,business,0.107,0.1975,Low
55,79529.22,6.9,19751.46,677,10190.39,2,0,medical,0.1281,0.2484,High
46,128510.28,1.7,8823.89,660,40989.84,9,0,medical,0.319,0.0687,Medium
32,67371.65,5.3,13365.24,756,5972.02,12,0,other,0.0886,0.1984,Low
31,33086.54,0.2,30131.87,754,13845.71,13,0,other,0.4185,0.9107,Medium
57,54126.88,1.8,9969.55,654,2419.85,7,0,other,0.0447,0.1842,Low
45,79228.92,1.3,15291.43,769,720.04,13,0,education,0.0091,0.193,Medium
38,32653.77,1.6,15612.52,667,12009.3,8,0,debt_consolidation,0.3678,0.4781,Medium
39,28589.93,1.1,15735.84,647,6474.05,14,0,business,0.2264,0.5504,Low
43,41254.21,4.8,18363.21,787,4054.03,5,0,business,0.0983,0.4451,Medium
58,68173.88,5.4,15487.27,574,2933.99,1,1,debt_consolidation,0.043,0.2272,Medium
38,24720.62,0.8,7214.25,526,6760.78,10,0,education,0.2735,0.2918,Medium
46,34664.13,6.8,10424.55,631,948.14,5,0,home_improvement,0.0274,0.3007,Low
26,56208.88,1.4,18870.85,665,1877.9,4,0,debt_consolidation,0.0334,0.3357,Low
24,84563.62,1.7,20389.37,700,2986.65,6,0,other,0.0353,0.2411,High
64,56675.96,8.8,8555.18,559,6848.66,12,0,debt_consolidation,0.1208,0.1509,Medium
49,59121.05,11.6,23945.84,637,7084.5,8,1,debt_consolidation,0.1198,0.405,Medium
54,81020.77,8.7,10033.27,552,8470.4,12,0,debt_consolidation,0.1045,0.1238,Medium
37,108948.32,0.8,16310.18,627,4443.75,9,0,education,0.0408,0.1497,Medium
63,103027.99,36.1,15019.67,757,8744.22,11,0,education,0.0849,0.1458,Low
63,17664.62,5.6,7724.56,662,1754.85,9,0,debt_consolidation,0.0993,0.4373,Medium
36,51484.13,3.6,11332.62,574,3342.72,10,0,business,0.0649,0.2201,Low
22,77362.54,15.5,3919.41,493,2246.19,5,0,education,0.029,0.0507,Medium
54,114679.13,8.5,10549.36,620,7242.26,4,0,education,0.0632,0.092,Medium
28,67541.22,5.9,28005.99,648,3237.0,2,0,education,0.0479,0.4146,Low
33,31901.45,9.1,4260.21,650,7790.8,2,0,home_improvement,0.2442,0.1335,Low
62,34080.94,2.4,7932.29,544,6685.93,4,0,home_improvement,0.1962,0.2327,Medium
28,34561.1,5.8,10129.08,665,4440.83,3,0,other,0.1285,0.2931,Medium
50,57168.56,1.1,3710.94,507,2636.5,1,0,other,0.0461,0.0649,Low
52,38564.56,22.1,4002.06,660,6144.31,10,0,debt_consolidation,0.1593,0.1038,Low
56,10696.47,4.4,45987.73,638,4453.72,1,0,other,0.4163,4.2989,High
50,27196.82,8.4,18998.7,703,9455.81,2,1,debt_consolidation,0.3477,0.6985,High
21,39256.62,2.6,24336.81,738,1191.48,12,0,education,0.0304,0.6199,Low
63,24803.96,7.1,16484.41,463,5176.49,12,0,debt_consolidation,0.2087,0.6646,High
59,26721.81,2.5,18915.59,703,3453.87,7,0,business,0.1292,0.7078,Medium
37,136691.97,4.5,11036.65,735,2958.38,14,0,business,0.0216,0.0807,Low
40,48809.93,7.5,24977.29,705,16025.98,4,0,other,0.3283,0.5117,Low
44,40414.45,0.6,31583.85,607,3150.92,4,0,business,0.078,0.7815,Medium
42,68437.19,2.2,8902.66,738,846.06,4,0,business,0.0124,0.1301,Low
49,86945.32,3.9,11513.72,605,7577.65,1,0,education,0.0872,0.1324,Low
42,150287.86,2.0,9431.73,563,11426.23,10,0,education,0.076,0.0628,High
64,114999.9,1.8,12691.43,649,7095.92,5,0,business,0.0617,0.1104,Low
29,60925.34,1.7,20837.55,641,1014.19,0,0,education,0.0166,0.342,Low
57,22779.04,1.3,12000.92,720,4751.75,3,0,education,0.2086,0.5268,Medium
30,29695.74,9.4,4683.86,595,2374.79,7,1,home_improvement,0.08,0.1577,Low
56,40097.56,12.9,23904.94,661,16514.04,8,0,debt_consolidation,0.4118,0.5962,High
57,63150.85,6.0,8446.14,558,3517.89,14,0,other,0.0557,0.1337,Low
48,51387.91,0.2,17044.01,757,6397.79,14,0,debt_consolidation,0.1245,0.3317,Medium
48,23470.2,7.7,18071.67,697,6078.55,5,0,debt_consolidation,0.259,0.77,Medium
62,21463.83,3.8,10336.13,468,9792.82,10,0,business,0.4562,0.4815,High
63,55798.6,7.1,7713.26,745,16068.91,9,0,education,0.288,0.1382,Low
41,52053.13,2.9,10027.26,663,4516.92,5,0,debt_consolidation,0.0868,0.1926,Low
44,44137.35,0.2,34820.25,657,1928.66,14,0,business,0.0437,0.7889,Low
62,62408.89,5.7,7561.04,794,17975.74,10,0,home_improvement,0.288,0.1212,Low
60,91437.07,2.9,6900.6,519,3346.2,3,0,debt_consolidation,0.0366,0.0755,Medium
22,57241.5,10.4,14979.51,685,8223.59,14,0,education,0.1437,0.2617,Low
28,30612.84,6.7,11756.66,622,3594.78,6,0,business,0.1174,0.384,Low
47,127721.81,2.2,10446.87,577,4577.22,13,0,debt_consolidation,0.0358,0.0818,Medium
42,44884.41,6.4,7772.61,758,1460.08,10,0,medical,0.0325,0.1732,Low
57,50261.71,3.4,13193.73,580,4316.93,4,0,debt_consolidation,0.0859,0.2625,High
47,35354.15,1.1,12126.43,603,7110.97,0,0,medical,0.2011,0.343,High
49,28646.69,2.7,29795.87,674,2415.58,14,1,home_improvement,0.0843,1.0401,High
23,29836.95,1.3,7851.26,746,13161.18,11,0,debt_consolidation,0.4411,0.2631,Medium
64,26731.63,0.0,9978.09,624,16842.03,11,0,business,0.63,0.3733,Medium
33,10883.79,1.4,28871.04,715,5241.37,8,1,home_improvement,0.4815,2.6524,High
30,45336.61,1.2,9793.8,785,6749.85,7,0,other,0.1489,0.216,Low
56,85065.3,0.0,8664.32,792,6577.54,9,0,business,0.0773,0.1019,Low
29,29966.75,7.7,17466.35,749,3427.75,0,0,medical,0.1144,0.5828,Medium
47,176265.02,0.4,14692.27,749,2804.89,14,0,debt_consolidation,0.0159,0.0834,Low
54,98045.69,3.0,11097.39,729,2608.61,0,0,home_improvement,0.0266,0.1132,Low
21,48576.16,2.7,13979.47,544,1881.6,8,0,home_improvement,0.0387,0.2878,High
52,28126.26,1.0,17759.31,683,3061.6,14,0,debt_consolidation,0.1088,0.6314,Low
45,22058.45,17.0,14712.72,685,11037.92,1,1,other,0.5004,0.667,Medium
49,46312.08,4.6,18886.25,696,3340.94,3,0,education,0.0721,0.4078,Low
27,50719.23,8.4,11933.76,580,7535.53,13,0,home_improvement,0.1486,0.2353,Medium
23,44258.66,3.4,7202.21,696,7215.93,10,0,home_improvement,0.163,0.1627,Low
40,83672.16,6.4,18767.45,732,5347.52,0,0,business,0.0639,0.2243,Low
40,103625.74,17.5,11354.74,673,6179.82,9,0,debt_consolidation,0.0596,0.1096,Medium
50,62089.8,2.1,11179.31,565,1904.32,2,0,education,0.0307,0.18,Low
55,63782.43,3.5,20902.21,603,5297.95,5,0,medical,0.0831,0.3277,High
55,41865.71,3.6,36175.3,682,3056.12,14,1,education,0.073,0.8641,High
59,48900.41,24.1,4874.93,662,12984.34,13,0,home_improvement,0.2655,0.0997,Medium
47,60223.43,1.3,11054.69,536,7066.77,2,0,debt_consolidation,0.1173,0.1836,Medium
46,41840.95,5.6,12758.02,677,9285.71,3,0,debt_consolidation,0.2219,0.3049,High
34,68215.26,0.7,14264.95,562,4322.51,13,0,home_improvement,0.0634,0.2091,Low
37,28909.11,13.1,11976.54,569,2699.48,14,1,other,0.0934,0.4143,High
38,33992.62,4.5,12668.35,560,4063.76,12,0,home_improvement,0.1195,0.3727,Medium
49,29043.31,9.8,16650.25,532,1427.39,10,0,medical,0.0491,0.5733,Medium
40,35090.61,11.3,11884.9,479,2385.81,8,0,business,0.068,0.3387,Medium
47,42461.7,4.1,9704.93,541,1624.85,2,0,business,0.0383,0.2286,Low
38,82005.83,5.7,9535.03,662,4034.55,4,0,medical,0.0492,0.1163,Low
24,50046.91,6.0,29641.11,667,9763.02,7,0,debt_consolidation,0.1951,0.5923,Low
21,25792.68,3.1,43913.92,624,3903.36,14,0,business,0.1513,1.7025,High
21,24319.16,2.9,10906.14,624,2012.14,4,0,debt_consolidation,0.0827,0.4484,Medium
46,39815.09,1.0,11045.89,654,7715.65,6,0,other,0.1938,0.2774,Medium
40,74399.2,2.4,16901.61,598,1204.39,11,1,other,0.0162,0.2272,Medium
43,98862.82,23.4,14473.76,591,1879.26,9,0,business,0.019,0.1464,Low
30,22128.41,1.6,12229.15,671,6128.12,13,0,other,0.2769,0.5526,Medium
31,59052.15,7.2,6310.61,740,12020.33,5,0,medical,0.2036,0.1069,Low
61,40097.28,0.3,8190.59,581,4192.49,13,1,business,0.1046,0.2043,Medium
61,41684.71,3.2,20234.06,657,1120.83,7,1,business,0.0269,0.4854,High
25,28792.75,0.3,11300.99,573,5356.35,11,0,education,0.186,0.3925,Medium
21,43913.12,3.2,43468.16,685,22129.39,14,0,home_improvement,0.5039,0.9898,Medium
37,28153.03,0.1,42363.91,850,10965.84,5,0,home_improvement,0.3895,1.5047,Low
42,42919.2,4.8,7703.72,697,3166.78,6,0,medical,0.0738,0.1795,Medium
54,87040.51,4.4,29525.9,681,3814.36,7,0,debt_consolidation,0.0438,0.3392,Low
61,67212.78,8.0,12331.89,685,7696.59,4,0,debt_consolidation,0.1145,0.1835,Low
49,127628.09,4.4,14574.62,662,7459.78,7,0,business,0.0584,0.1142,Low
24,63778.96,13.0,20367.51,627,1271.45,1,0,home_improvement,0.0199,0.3193,Low
25,53490.48,7.6,24380.44,545,5259.97,5,0,debt_consolidation,0.0983,0.4558,Medium
31,64630.89,0.7,8667.33,650,14442.13,5,1,other,0.2235,0.1341,High
41,33259.67,1.5,49693.91,643,4374.42,13,0,home_improvement,0.1315,1.4941,High
55,17274.48,0.1,15798.84,640,3827.76,6,0,other,0.2216,0.9145,Medium
32,72990.57,2.4,4080.69,669,19604.52,13,0,home_improvement,0.2686,0.0559,Low
46,19976.97,3.6,11417.64,694,4997.31,13,0,education,0.2501,0.5715,Medium
39,85888.1,14.6,47538.33,683,8823.31,6,0,education,0.1027,0.5535,Low
27,71353.87,3.7,9368.91,628,9298.96,3,0,home_improvement,0.1303,0.1313,Low
27,32055.99,7.6,52773.52,683,5896.12,8,0,debt_consolidation,0.1839,1.6462,Medium
46,39417.11,1.6,14390.57,587,2602.2,2,0,debt_consolidation,0.066,0.3651,High
60,48738.8,0.8,13326.97,521,1189.32,8,0,debt_consolidation,0.0244,0.2734,High
25,30912.45,8.3,7119.39,608,2786.76,8,0,education,0.0901,0.2303,Medium
41,64232.21,1.4,19344.66,650,3399.44,2,0,debt_consolidation,0.0529,0.3012,Low
34,67126.55,10.3,10978.01,512,11530.24,13,0,debt_consolidation,0.1718,0.1635,Medium
24,23825.68,0.9,13202.29,658,7743.37,10,0,debt_consolidation,0.325,0.5541,Low
43,32482.13,9.5,11766.06,664,2351.14,13,0,business,0.0724,0.3622,Low
62,48126.9,7.4,22144.4,716,3527.37,14,0,education,0.0733,0.4601,High
40,86707.02,4.7,11815.46,678,2733.79,12,0,home_improvement,0.0315,0.1363,Low
35,67923.85,9.5,2964.86,544,2005.78,2,0,other,0.0295,0.0436,Low
49,15283.68,2.0,8036.69,674,4277.24,0,1,debt_consolidation,0.2798,0.5258,Medium
28,42361.83,0.9,6054.93,652,10163.83,6,0,other,0.2399,0.1429,Medium
61,62089.79,0.9,32515.01,684,1650.43,7,0,business,0.0266,0.5237,Medium
39,32860.29,1.6,19121.34,735,12659.86,6,0,medical,0.3853,0.5819,High
59,31612.06,3.0,13749.73,594,5754.68,13,0,debt_consolidation,0.182,0.4349,High
48,33742.81,10.4,11881.02,626,5527.21,6,0,other,0.1638,0.3521,Low
47,42024.64,0.5,5715.75,648,4004.84,13,0,education,0.0953,0.136,High
24,30045.05,12.3,11667.45,613,5289.23,10,1,business,0.176,0.3883,Medium
35,68184.0,13.0,23662.97,495,4659.24,4,0,debt_consolidation,0.0683,0.347,Medium
55,31877.29,6.5,21833.27,718,5291.52,6,0,debt_consolidation,0.166,0.6849,Medium
57,29199.9,11.5,17276.24,482,3222.84,9,0,debt_consolidation,0.1104,0.5916,High
21,40161.1,7.3,5797.27,673,8206.81,3,0,home_improvement,0.2043,0.1443,Low
23,102688.79,3.8,8608.69,548,902.3,13,0,debt_consolidation,0.0088,0.0838,High
44,63744.61,4.6,16701.7,569,9155.38,14,0,medical,0.1436,0.262,High
47,65803.74,4.9,6708.87,700,7730.69,0,0,education,0.1175,0.102,Low
60,56563.87,0.7,20600.45,750,7406.64,10,0,medical,0.1309,0.3642,Low
56,30531.36,1.1,6009.51,676,6860.48,9,0,home_improvement,0.2247,0.1968,Medium
54,35595.24,3.7,6893.79,629,6172.77,3,0,education,0.1734,0.1937,Low
49,32695.8,0.6,6034.36,637,8981.11,14,0,medical,0.2747,0.1846,Low
44,84607.65,16.8,9931.17,751,6646.85,3,0,other,0.0786,0.1174,Low
44,56821.4,3.5,5363.76,744,3658.67,13,1,education,0.0644,0.0944,Medium
62,21297.55,2.4,9979.29,690,2942.59,3,0,medical,0.1382,0.4685,Medium
24,101349.13,0.9,7733.3,745,4713.05,14,1,home_improvement,0.0465,0.0763,Medium
23,41523.89,2.7,8858.61,613,15235.59,5,0,education,0.3669,0.2133,High
54,67960.98,1.8,19959.54,706,9201.31,14,0,education,0.1354,0.2937,Low
43,82964.57,0.5,13275.19,548,7275.98,14,0,business,0.0877,0.16,Medium
43,13615.52,17.1,19949.44,610,411.88,14,1,other,0.0302,1.4651,High
25,61531.15,1.5,50602.51,619,1344.34,0,0,home_improvement,0.0218,0.8224,Low
51,43205.02,5.9,4852.29,742,6385.41,3,0,medical,0.1478,0.1123,Low
61,14604.05,0.5,9633.6,633,12682.36,13,0,debt_consolidation,0.8684,0.6596,High
26,27826.29,12.2,7204.53,726,3330.03,0,0,home_improvement,0.1197,0.2589,Low
57,39053.81,4.5,8802.24,604,5140.21,0,0,debt_consolidation,0.1316,0.2254,High
30,74818.89,5.3,16746.66,710,3392.99,4,0,business,0.0453,0.2238,Low
60,44885.99,7.6,38636.6,693,1945.64,11,0,business,0.0433,0.8608,Medium
27,52789.13,4.7,19665.92,473,3375.74,10,0,home_improvement,0.0639,0.3725,Low
59,41024.95,0.4,17874.45,730,5464.14,13,0,other,0.1332,0.4357,Low
58,84453.14,2.8,24941.43,607,19462.84,9,0,debt_consolidation,0.2305,0.2953,Medium
41,63609.34,1.5,32700.28,551,4368.84,8,0,home_improvement,0.0687,0.5141,Medium
40,53179.47,3.3,39265.77,580,4912.9,8,0,business,0.0924,0.7383,Low
23,27679.12,2.6,17894.24,605,15774.05,12,1,debt_consolidation,0.5699,0.6465,High
42,52047.9,8.8,7499.82,583,8022.29,0,0,medical,0.1541,0.1441,Medium
24,196995.45,1.4,10897.93,579,7887.91,5,0,home_improvement,0.04,0.0553,Medium
48,72957.59,1.1,3904.61,630,8179.35,8,0,business,0.1121,0.0535,Low
32,33871.48,15.9,21158.41,684,3409.23,10,0,home_improvement,0.1006,0.6246,Low
58,123776.15,14.9,8014.6,743,5200.33,0,1,business,0.042,0.0648,Low
56,33133.6,25.2,8691.17,778,6972.92,1,1,medical,0.2104,0.2623,Low
61,70063.13,4.2,16517.4,827,3483.8,14,0,home_improvement,0.0497,0.2357,Low
25,47901.4,0.6,4151.64,675,4353.95,9,0,home_improvement,0.0909,0.0867,Low
33,53694.43,10.6,24812.97,638,4151.27,2,0,other,0.0773,0.4621,High
43,54688.84,0.8,18643.15,708,1846.66,4,0,other,0.0338,0.3409,Low
50,43313.33,0.8,10302.34,559,14998.48,10,1,debt_consolidation,0.3463,0.2379,Medium
57,40349.33,1.1,12971.68,632,3549.23,9,1,debt_consolidation,0.088,0.3215,High
45,25376.6,5.3,8932.61,682,2971.28,10,0,debt_consolidation,0.1171,0.352,Low
47,27930.94,0.6,63745.0,575,6522.08,7,0,debt_consolidation,0.2335,2.2822,High
34,57929.49,7.5,7706.58,729,17372.73,10,0,home_improvement,0.2999,0.133,Low
56,34844.23,0.3,16215.09,688,2991.38,14,0,debt_consolidation,0.0858,0.4653,Medium
59,31100.99,0.6,11409.49,620,4787.49,11,0,debt_consolidation,0.1539,0.3668,Low
36,201523.64,2.9,13799.1,682,450.57,11,1,medical,0.0022,0.0685,Low
42,170190.34,2.4,18170.55,633,22400.42,13,0,debt_consolidation,0.1316,0.1068,Medium
41,65539.75,22.9,18600.16,511,2977.25,2,0,medical,0.0454,0.2838,Low
41,70316.09,17.0,10784.14,738,497.92,6,0,business,0.0071,0.1534,Low
28,32656.25,1.1,6652.31,645,11288.77,0,0,debt_consolidation,0.3457,0.2037,Low
36,27102.45,14.7,8610.56,673,1707.83,10,1,home_improvement,0.063,0.3177,Low
51,41350.18,5.9,10133.75,702,1613.82,12,1,debt_consolidation,0.039,0.2451,Medium
62,49028.07,2.6,9339.1,505,1973.02,10,0,business,0.0402,0.1905,Medium
30,70020.18,6.7,7150.46,639,3082.53,9,0,debt_consolidation,0.044,0.1021,Low
52,19630.34,11.5,17480.66,593,17893.64,14,1,business,0.9115,0.8904,High
54,143433.04,1.0,5922.79,762,1521.97,14,0,home_improvement,0.0106,0.0413,Low
29,55493.01,1.1,12953.92,646,8969.87,4,0,debt_consolidation,0.1616,0.2334,Medium
37,22576.2,2.6,5017.66,638,2549.77,1,0,other,0.1129,0.2222,Low
31,53036.59,0.9,25709.85,617,2947.04,4,0,debt_consolidation,0.0556,0.4847,Medium
52,31218.76,2.2,9238.42,775,3622.25,4,0,medical,0.116,0.2959,Low
30,30143.66,5.2,8633.78,593,4274.29,9,0,debt_consolidation,0.1418,0.2864,High
42,28819.26,8.4,7805.95,568,6287.64,5,0,other,0.2182,0.2708,Medium
37,43120.64,1.8,37164.95,584,1194.33,10,0,other,0.0277,0.8619,Medium
24,140274.69,1.7,29627.96,600,30764.62,4,0,debt_consolidation,0.2193,0.2112,Low
45,51345.5,7.6,13802.65,647,4680.57,0,0,debt_consolidation,0.0912,0.2688,Medium
41,69351.63,2.4,9885.49,705,1759.13,9,0,medical,0.0254,0.1425,Medium
57,78374.75,8.5,46414.94,584,15382.82,14,0,debt_consolidation,0.1963,0.5922,Medium
58,45598.12,25.1,18008.69,768,4176.95,1,0,debt_consolidation,0.0916,0.3949,Low
21,27432.67,19.5,11462.7,675,4085.34,6,0,business,0.1489,0.4178,Medium
45,22040.33,5.4,9541.15,535,9741.67,2,0,debt_consolidation,0.442,0.4329,Medium
56,40387.43,2.4,21822.08,496,991.12,10,0,home_improvement,0.0245,0.5403,Medium
37,86852.64,0.3,11703.68,651,8240.35,7,0,home_improvement,0.0949,0.1348,Medium
61,78252.5,6.7,5982.9,596,5633.92,12,0,debt_consolidation,0.072,0.0765,Medium
44,55725.34,19.1,14811.17,579,2900.32,1,0,debt_consolidation,0.052,0.2658,Medium
22,59542.12,0.4,15417.31,601,3778.42,2,1,education,0.0635,0.2589,Medium
60,45779.32,0.0,13719.95,602,2711.71,9,0,home_improvement,0.0592,0.2997,Medium
35,38532.56,8.9,18089.9,670,5175.39,6,0,education,0.1343,0.4695,Medium
52,33891.12,0.5,11002.78,687,5765.02,0,0,other,0.1701,0.3246,Low
59,23488.7,0.4,13416.08,642,1834.29,9,0,debt_consolidation,0.0781,0.5711,High
26,120398.57,12.1,13280.0,668,2500.36,4,0,medical,0.0208,0.1103,Low
21,53399.7,0.4,5983.05,570,966.7,6,0,other,0.0181,0.112,Medium
43,39291.65,0.6,20366.94,623,1861.01,0,0,debt_consolidation,0.0474,0.5183,High
59,121854.53,4.2,18585.29,665,2409.24,0,0,medical,0.0198,0.1525,Low
37,134053.09,7.1,24186.13,652,743.79,13,0,debt_consolidation,0.0055,0.1804,Medium
54,193412.25,2.6,7291.89,710,6598.25,3,0,medical,0.0341,0.0377,Low
61,43296.9,2.7,10367.26,656,8452.35,10,0,other,0.1952,0.2394,Low
49,51669.11,5.0,25989.76,487,30397.21,6,0,other,0.5883,0.503,Medium
29,67878.73,3.5,9455.03,604,6598.74,0,0,business,0.0972,0.1393,Low
33,112543.22,0.1,39256.64,777,2403.7,5,0,business,0.0214,0.3488,Low
26,50564.83,0.6,5241.41,600,4758.73,13,0,debt_consolidation,0.0941,0.1037,High
26,29981.1,4.4,9516.83,632,6802.1,13,0,business,0.2269,0.3174,High
40,33634.59,7.9,10108.0,478,6411.85,3,0,medical,0.1906,0.3005,Medium
23,88319.46,7.2,21125.62,565,2106.6,4,0,debt_consolidation,0.0239,0.2392,High
37,66870.79,6.7,36287.62,592,14437.53,14,0,other,0.2159,0.5426,Medium
32,44960.74,7.4,16032.04,804,8336.45,10,0,business,0.1854,0.3566,Low
21,43506.25,0.2,2772.52,650,11031.94,1,0,business,0.2536,0.0637,Medium
37,44961.74,11.3,12725.84,636,12127.04,1,0,education,0.2697,0.283,Low
23,91082.37,11.0,14384.11,624,9419.1,9,0,other,0.1034,0.1579,Low
46,33041.63,3.8,16913.52,545,7771.06,8,0,education,0.2352,0.5119,Medium
35,26723.39,1.4,12744.55,735,7064.4,5,1,home_improvement,0.2643,0.4769,Medium
56,121589.32,4.5,29255.56,510,5634.64,10,0,medical,0.0463,0.2406,Low
52,49638.76,4.1,7840.31,638,4119.71,13,0,other,0.083,0.1579,High
52,47114.48,1.3,7197.89,479,5479.11,12,0,business,0.1163,0.1528,Medium
24,68562.16,4.6,9251.86,603,2409.87,11,1,education,0.0351,0.1349,Medium
38,29897.94,8.0,63647.93,464,9708.27,2,0,business,0.3247,2.1288,High
39,71342.54,8.2,11993.1,586,3249.0,11,0,debt_consolidation,0.0455,0.1681,High
63,40482.96,0.3,26616.43,722,3163.4,11,0,business,0.0781,0.6575,Low
55,86063.12,1.1,26317.72,532,5066.84,14,1,business,0.0589,0.3058,Medium
60,22768.49,5.5,4763.2,602,5379.87,1,0,business,0.2363,0.2092,High
34,61410.31,9.8,12914.13,720,5327.51,8,0,business,0.0868,0.2103,Low
53,43668.56,3.7,26163.77,823,9169.68,6,0,home_improvement,0.21,0.5991,Low
34,34464.27,6.1,74386.5,669,13645.23,8,0,medical,0.3959,2.1583,High
54,72090.12,0.1,25514.82,612,2572.08,7,0,debt_consolidation,0.0357,0.3539,Medium
24,45516.9,4.7,10878.48,625,3953.58,7,0,home_improvement,0.0869,0.239,Medium
44,61883.35,16.3,32084.98,594,4098.24,4,0,education,0.0662,0.5185,Medium
49,92305.22,5.4,10314.35,632,4870.93,14,0,business,0.0528,0.1117,Low
39,72820.14,12.8,6775.8,850,5631.56,6,1,debt_consolidation,0.0773,0.093,Low
26,28561.49,4.2,20330.92,726,2253.34,4,0,home_improvement,0.0789,0.7118,Low
53,37388.81,9.3,5589.92,697,8292.39,9,1,education,0.2218,0.1495,Medium
60,61675.72,0.7,9346.19,679,5981.66,6,0,debt_consolidation,0.097,0.1515,Medium
39,72906.89,0.7,32599.24,659,2913.43,5,0,medical,0.04,0.4471,Low
21,40316.73,0.6,20484.03,660,7112.5,3,1,business,0.1764,0.5081,Medium
25,54118.25,3.4,7955.57,781,3467.33,6,0,business,0.0641,0.147,Low
47,53948.95,2.0,14533.52,661,5080.87,5,0,business,0.0942,0.2694,Low
36,57840.79,6.4,12618.8,632,2688.64,6,0,debt_consolidation,0.0465,0.2182,Low
26,27187.87,11.6,23026.54,566,8972.42,9,0,home_improvement,0.33,0.8469,Medium
60,24160.73,4.8,16780.9,661,4400.9,0,0,education,0.1821,0.6945,Medium
33,15841.39,1.2,14659.76,602,6227.78,14,0,home_improvement,0.3931,0.9254,High
55,51677.64,13.4,13069.96,636,7542.48,13,0,other,0.1459,0.2529,Medium
39,24782.79,3.8,6905.71,573,9437.45,8,0,other,0.3808,0.2786,High
32,142680.45,6.4,30579.71,655,11009.96,9,0,debt_consolidation,0.0772,0.2143,Low
36,67986.06,11.1,17176.55,597,9315.11,7,0,debt_consolidation,0.137,0.2526,Low
63,27148.21,22.9,10969.92,548,5888.42,2,0,home_improvement,0.2169,0.4041,Low
30,86471.09,3.5,11458.63,751,5824.28,0,0,business,0.0674,0.1325,Low
45,86573.51,8.3,12565.6,534,2622.03,12,0,medical,0.0303,0.1451,Medium
40,90161.89,4.2,8156.98,587,8977.92,10,0,debt_consolidation,0.0996,0.0905,Medium
51,32727.28,3.3,9502.63,680,1415.42,1,0,education,0.0432,0.2903,Low
24,70124.48,3.9,24098.53,730,8836.1,10,0,debt_consolidation,0.126,0.3436,Low
64,90928.94,3.3,5224.61,648,2660.86,11,0,business,0.0293,0.0575,Low
43,107519.61,2.7,40744.1,640,15652.75,5,0,business,0.1456,0.3789,Low
22,22882.52,6.4,13390.28,545,7074.94,6,0,other,0.3092,0.5851,High
42,43966.49,1.4,8309.15,595,5992.19,10,1,education,0.1363,0.189,High
57,32144.46,4.8,10855.68,515,5081.41,14,1,education,0.1581,0.3377,High
28,124500.14,6.2,17198.78,636,13252.43,13,0,debt_consolidation,0.1064,0.1381,Low
27,62663.14,11.1,10009.98,688,2540.15,1,0,education,0.0405,0.1597,Low
34,76544.22,2.0,19844.61,681,7919.62,11,0,education,0.1035,0.2593,Medium
23,62204.19,9.9,7063.07,508,8209.86,7,0,education,0.132,0.1135,High
36,59138.82,14.5,8279.12,700,5112.21,5,1,debt_consolidation,0.0864,0.14,Low
39,31836.09,5.2,15469.4,753,4624.17,4,0,home_improvement,0.1452,0.4859,Medium
38,39212.28,7.4,9209.35,620,15715.11,4,0,debt_consolidation,0.4008,0.2349,Medium
36,50805.39,2.6,43282.83,776,2257.29,5,0,other,0.0444,0.8519,High
28,35443.92,15.2,21974.18,614,1349.84,13,0,home_improvement,0.0381,0.62,High
53,32319.11,5.6,18165.74,526,4549.87,0,0,medical,0.1408,0.5621,Medium
32,44230.12,1.9,14283.42,638,4321.47,2,0,home_improvement,0.0977,0.3229,Low
31,36222.22,2.6,10850.1,626,5061.72,6,0,education,0.1397,0.2995,Medium
25,50257.17,4.8,11457.37,735,3115.07,5,0,debt_consolidation,0.062,0.228,Low
47,39283.69,1.3,8095.01,570,4939.9,6,0,education,0.1257,0.2061,Medium
32,34806.89,7.0,15171.94,682,1550.15,1,0,education,0.0445,0.4359,Low
37,30828.29,1.3,6326.31,512,30694.85,12,0,debt_consolidation,0.9956,0.2052,High
26,49170.44,4.5,32048.58,606,2070.95,5,0,home_improvement,0.0421,0.6518,Medium
53,76431.42,6.0,13857.93,620,7441.36,4,0,education,0.0974,0.1813,Low
25,67875.86,9.8,30389.67,610,4564.2,2,0,business,0.0672,0.4477,Low
48,22846.31,6.6,22832.68,525,4932.0,9,0,other,0.2159,0.9994,High
34,75348.2,8.0,12815.6,606,3006.6,1,0,debt_consolidation,0.0399,0.1701,Low
25,67636.6,12.2,17458.36,652,9342.33,11,0,other,0.1381,0.2581,Low
53,76392.26,4.6,10345.49,735,3741.43,13,0,home_improvement,0.049,0.1354,Medium
61,84272.1,9.4,12610.02,589,4162.3,4,0,other,0.0494,0.1496,Low
39,34070.02,1.3,8386.18,568,2149.39,6,0,home_improvement,0.0631,0.2461,Medium
42,42196.76,8.4,36292.94,831,15467.26,5,0,medical,0.3665,0.8601,Low
25,119998.17,1.3,14955.68,480,3970.82,10,0,medical,0.0331,0.1246,Medium
22,116485.28,13.6,22198.23,589,3015.03,12,0,business,0.0259,0.1906,Low
50,47179.07,2.0,10273.05,565,4963.73,2,0,education,0.1052,0.2177,Medium
59,66274.18,0.9,34429.4,516,26006.51,5,0,education,0.3924,0.5195,Medium
24,69237.64,0.8,8649.3,643,1313.88,13,0,debt_consolidation,0.019,0.1249,Low
53,118045.13,1.0,12469.41,737,16136.68,8,0,education,0.1367,0.1056,Low
33,58258.2,3.0,10070.6,733,17867.85,2,0,education,0.3067,0.1729,Low
40,26738.41,3.7,15755.62,696,4483.31,1,0,home_improvement,0.1677,0.5892,High
27,38638.21,12.3,8826.13,745,759.39,8,0,debt_consolidation,0.0197,0.2284,Low
35,234865.51,2.4,19041.12,631,3812.6,10,0,home_improvement,0.0162,0.0811,Low
43,26126.08,1.2,15644.78,650,3625.65,13,0,education,0.1388,0.5988,Medium
34,50268.78,6.8,12143.47,669,1238.72,12,0,medical,0.0246,0.2416,Medium
43,155868.3,0.7,7049.39,752,1077.55,11,0,home_improvement,0.0069,0.0452,Low
39,32863.84,11.1,12727.2,618,12276.89,4,0,home_improvement,0.3736,0.3873,Low
49,12538.39,2.6,12541.46,746,7733.82,0,0,debt_consolidation,0.6168,1.0002,High
40,13745.98,4.8,22876.06,776,1939.48,0,0,home_improvement,0.1411,1.6641,Low
49,32954.83,1.0,11230.06,675,5767.08,8,0,debt_consolidation,0.175,0.3408,High
44,20303.18,0.8,7423.27,715,1564.4,10,0,home_improvement,0.077,0.3656,Low
38,82337.64,8.0,4616.93,556,1576.05,7,0,business,0.0191,0.0561,Low
30,56054.07,2.8,26621.89,696,3051.23,1,0,business,0.0544,0.4749,Medium
61,16866.44,21.6,12002.92,695,2530.9,14,0,education,0.15,0.7116,Low
28,22077.73,3.7,16273.74,671,3720.98,0,1,other,0.1685,0.7371,High
46,91132.54,9.3,9805.42,720,4551.38,9,0,debt_consolidation,0.0499,0.1076,Low
49,53991.37,19.6,9327.02,663,2571.77,8,1,debt_consolidation,0.0476,0.1727,Low
30,100389.78,1.7,12613.85,623,7719.11,3,0,home_improvement,0.0769,0.1256,Medium
37,85776.93,8.1,8092.67,641,10701.74,12,1,other,0.1248,0.0943,High
22,27577.06,0.1,10715.37,643,1466.27,5,0,debt_consolidation,0.0532,0.3885,Medium
26,76189.89,5.7,20510.3,649,20962.3,10,0,medical,0.2751,0.2692,High
25,64953.41,6.8,20355.27,621,3546.17,3,0,home_improvement,0.0546,0.3134,Medium
48,18382.23,3.2,9881.08,617,4810.47,11,0,other,0.2617,0.5375,High
61,24810.22,0.9,11642.51,701,4312.77,9,0,debt_consolidation,0.1738,0.4692,Medium
25,165849.37,4.8,4208.75,654,6661.3,3,0,debt_consolidation,0.0402,0.0254,Low
38,30828.04,11.4,4904.17,557,5954.71,10,0,debt_consolidation,0.1932,0.1591,Low
46,60220.05,13.4,9811.7,695,7100.08,7,0,education,0.1179,0.1629,Low
40,44563.69,6.9,13715.13,578,1181.33,8,0,education,0.0265,0.3078,Low
61,53737.26,1.5,6232.41,801,24490.77,4,0,debt_consolidation,0.4557,0.116,Low
47,46062.34,10.2,20379.78,569,11861.65,2,0,debt_consolidation,0.2575,0.4424,Low
32,79427.0,11.0,22264.25,804,1591.18,12,0,education,0.02,0.2803,Low
27,78393.43,2.3,8055.84,687,3576.69,11,0,education,0.0456,0.1028,Low
23,51998.09,1.0,7845.78,616,705.52,10,1,other,0.0136,0.1509,Medium
30,31187.21,10.4,17100.78,587,1274.85,6,0,debt_consolidation,0.0409,0.5483,Medium
54,36886.67,10.8,36368.45,697,4117.41,1,1,business,0.1116,0.9859,High
45,22293.27,0.5,10399.07,621,7133.56,12,0,other,0.32,0.4664,High
55,41472.48,17.1,23432.13,591,9614.05,1,0,debt_consolidation,0.2318,0.565,Low
36,20267.77,3.8,13149.18,600,1661.09,13,0,business,0.082,0.6487,Low
22,54689.31,25.4,13859.02,648,24011.08,12,0,business,0.439,0.2534,Medium
44,56840.2,2.9,11935.83,656,8491.82,13,0,debt_consolidation,0.1494,0.21,High
30,81034.15,3.8,23430.92,747,1770.6,11,0,education,0.0218,0.2891,Low
58,26634.35,1.5,43871.84,631,5702.44,12,0,education,0.2141,1.6471,Medium
42,27553.98,11.5,22313.67,696,3526.15,8,0,debt_consolidation,0.128,0.8098,Medium
46,105066.7,2.9,6583.03,616,1820.65,5,0,debt_consolidation,0.0173,0.0627,Medium
63,24726.6,8.4,11469.73,577,3248.07,8,0,education,0.1314,0.4638,High
59,136708.76,0.4,4153.61,593,4783.29,12,0,debt_consolidation,0.035,0.0304,Low
47,30885.79,7.8,45852.2,398,1359.35,4,0,education,0.044,1.4845,Medium
49,30993.91,3.4,16501.73,652,3991.97,11,1,debt_consolidation,0.1288,0.5324,High
58,74712.67,0.0,8254.62,616,7077.57,0,0,medical,0.0947,0.1105,Low
40,64517.76,1.3,15637.47,632,11212.3,1,0,business,0.1738,0.2424,Low
47,111387.28,1.1,41408.07,606,7286.56,2,0,business,0.0654,0.3717,High
61,19040.96,7.0,8089.29,654,3374.04,9,0,business,0.1772,0.4248,Medium
40,64011.48,3.2,9488.6,759,4870.74,7,0,debt_consolidation,0.0761,0.1482,Low
64,47906.82,0.9,6607.04,702,6287.52,10,0,medical,0.1312,0.1379,Low
39,28613.56,1.5,18775.2,580,5956.88,2,1,home_improvement,0.2082,0.6561,Medium
40,125584.79,3.5,12286.79,768,4663.25,2,0,home_improvement,0.0371,0.0978,Low
55,55142.44,0.1,3659.39,847,4546.86,12,0,business,0.0825,0.0664,Low
22,47504.3,2.8,16358.3,647,3228.59,6,1,home_improvement,0.068,0.3443,High
50,61512.96,5.7,23617.12,642,4897.12,8,0,debt_consolidation,0.0796,0.3839,Medium
54,20657.28,3.6,9704.87,716,3773.24,3,0,debt_consolidation,0.1827,0.4698,Medium
42,26257.24,4.6,13000.65,703,1913.76,11,0,debt_consolidation,0.0729,0.4951,Low
23,41509.99,2.0,11835.7,616,8848.13,3,0,debt_consolidation,0.2132,0.2851,Medium
26,57423.04,1.0,20180.44,609,5949.27,8,0,medical,0.1036,0.3514,Medium
35,92717.93,8.3,4945.77,615,2948.78,4,0,debt_consolidation,0.0318,0.0533,Low
47,31493.59,11.8,9008.69,751,4172.03,5,0,medical,0.1325,0.286,Medium
30,28095.21,3.6,11118.16,622,5222.46,6,0,medical,0.1859,0.3957,Low
29,62988.86,1.8,21213.96,650,8748.77,5,0,medical,0.1389,0.3368,Low
53,45800.53,3.6,13377.69,729,3720.63,11,0,medical,0.0812,0.2921,Medium
52,18757.76,10.6,6090.62,751,4961.01,12,0,debt_consolidation,0.2645,0.3247,Low
26,30971.18,5.9,9457.08,578,15283.67,1,0,other,0.4935,0.3053,Medium
61,44762.05,9.8,28448.81,551,345.55,8,0,business,0.0077,0.6355,Medium
56,45383.24,2.0,6039.78,677,2311.26,1,0,medical,0.0509,0.1331,Medium
22,51273.49,6.2,24749.28,658,6769.08,8,0,home_improvement,0.132,0.4827,Low
49,25587.01,5.3,23423.39,711,10170.27,12,0,debt_consolidation,0.3975,0.9154,Low
24,45912.5,4.2,27759.67,535,2057.4,5,0,medical,0.0448,0.6046,High
21,78711.08,3.8,25846.62,623,2346.53,4,0,home_improvement,0.0298,0.3284,Medium
39,11570.14,4.0,30258.97,667,5060.25,7,0,other,0.4373,2.615,High
46,42565.74,9.5,4549.86,572,1299.12,14,0,medical,0.0305,0.1069,Medium
45,21354.43,12.4,29300.47,689,4250.94,1,0,education,0.1991,1.372,Medium
30,48237.12,0.6,17980.67,746,4331.16,13,0,education,0.0898,0.3727,Low
35,23100.45,4.2,9478.39,573,4152.19,0,0,business,0.1797,0.4103,Medium
42,52419.67,12.5,6579.29,714,2277.84,13,0,medical,0.0435,0.1255,Low
41,110560.5,0.7,13604.71,641,3086.41,6,0,business,0.0279,0.1231,Low
42,30039.56,2.7,55751.91,601,1208.57,5,0,other,0.0402,1.8559,Medium
56,32298.61,0.5,18268.4,613,1784.54,3,0,business,0.0552,0.5656,Medium
54,38757.3,0.6,9982.53,723,3670.18,3,0,debt_consolidation,0.0947,0.2576,Medium
50,57488.55,11.7,55339.07,616,7988.62,10,0,education,0.139,0.9626,High
45,29450.82,3.0,19678.5,619,5884.69,5,0,debt_consolidation,0.1998,0.6682,Low
48,40533.92,5.8,20061.39,732,8514.29,6,0,home_improvement,0.21,0.4949,Low
21,35075.38,0.7,15899.01,714,6382.97,1,0,home_improvement,0.182,0.4533,Low
24,38821.76,0.1,18190.68,613,14864.37,6,0,medical,0.3829,0.4686,Medium
27,57826.69,11.1,3042.23,798,2661.25,12,0,business,0.046,0.0526,Low
29,64571.73,4.3,14646.25,720,7098.78,13,0,other,0.1099,0.2268,Low
56,23425.95,0.1,21538.09,773,6029.33,9,0,debt_consolidation,0.2574,0.9194,Low
39,57713.94,24.4,34483.45,792,5075.52,6,0,debt_consolidation,0.0879,0.5975,Low
21,236305.51,3.4,52924.82,604,3122.41,11,0,home_improvement,0.0132,0.224,Low
30,106097.37,3.2,25920.15,596,2712.44,5,0,education,0.0256,0.2443,Low
56,35563.36,4.8,15175.93,505,3530.42,2,0,education,0.0993,0.4267,High
29,52362.8,0.0,13936.23,768,1655.96,7,0,debt_consolidation,0.0316,0.2661,Low
62,48204.65,4.2,8787.97,519,1821.58,0,0,home_improvement,0.0378,0.1823,Low
52,61680.76,5.0,18540.55,672,4753.02,7,1,home_improvement,0.0771,0.3006,Medium
52,39691.51,1.8,43832.29,558,4759.93,11,0,education,0.1199,1.1043,High
26,42848.46,6.5,10705.22,641,4467.4,11,0,home_improvement,0.1043,0.2498,Low
58,34016.06,2.4,14935.38,649,1505.68,6,0,education,0.0443,0.4391,Low
37,84771.89,6.3,8735.08,794,1493.17,1,0,business,0.0176,0.103,Low
30,57267.33,0.8,24907.87,701,3012.87,0,0,other,0.0526,0.4349,Medium
47,57484.93,12.2,28249.01,850,23745.16,7,0,other,0.4131,0.4914,Low
55,90146.33,10.6,8816.82,667,2247.78,14,0,business,0.0249,0.0978,Low
41,90815.62,0.8,18969.48,674,8490.32,3,0,other,0.0935,0.2089,Low
45,82639.99,13.9,2751.72,563,3343.39,10,0,education,0.0405,0.0333,Low
48,89463.15,4.1,11349.24,596,1852.59,12,0,education,0.0207,0.1269,Medium
35,107080.27,6.0,28881.08,535,4793.46,11,0,home_improvement,0.0448,0.2697,Medium
24,30233.03,9.2,10086.91,646,2659.73,13,0,business,0.088,0.3336,Medium
49,42220.49,0.4,6122.67,587,5525.15,9,0,home_improvement,0.1309,0.145,Medium
29,69875.77,0.9,20215.7,618,5342.04,11,0,debt_consolidation,0.0764,0.2893,Low
47,31484.01,1.7,12509.1,547,1026.46,9,0,other,0.0326,0.3973,Medium
46,40879.04,3.2,15032.29,587,7385.92,8,1,debt_consolidation,0.1807,0.3677,Medium
39,54025.35,2.1,16364.44,652,2261.98,11,0,business,0.0419,0.3029,Low
48,43692.52,3.5,23059.7,491,5715.59,10,0,education,0.1308,0.5278,High
37,50665.95,1.0,25568.09,795,5229.95,3,1,medical,0.1032,0.5046,Low
63,27647.87,5.7,16853.82,759,13455.16,12,0,home_improvement,0.4866,0.6096,Medium
61,48104.1,0.3,27085.12,836,4724.06,10,1,education,0.0982,0.563,Medium
62,52418.35,2.2,13208.56,571,5959.88,12,0,home_improvement,0.1137,0.252,Low
40,109919.35,1.0,16185.7,610,1735.41,11,0,medical,0.0158,0.1472,Low
60,42859.61,6.5,13628.07,815,13340.4,10,0,education,0.3113,0.318,Low
59,35414.2,10.8,6609.27,791,6977.57,10,0,debt_consolidation,0.197,0.1866,Medium
43,70015.51,0.4,32653.8,613,3026.74,12,0,business,0.0432,0.4664,Medium
52,10022.88,7.7,13850.3,557,11861.86,7,0,education,1.1834,1.3817,Medium
53,41828.19,11.3,34877.48,799,8449.45,7,0,other,0.202,0.8338,Low
25,37916.56,18.2,17659.28,593,3867.18,0,0,debt_consolidation,0.102,0.4657,Medium
63,55852.01,4.3,17258.48,702,1087.32,4,0,business,0.0195,0.309,Medium
54,91410.27,2.0,23630.84,698,5372.21,10,0,business,0.0588,0.2585,Low
60,106472.35,1.9,15980.86,625,3948.3,3,0,business,0.0371,0.1501,Low
31,55463.13,2.4,9244.5,548,20881.09,3,0,education,0.3765,0.1667,High
23,22565.06,4.7,12328.41,737,6780.7,8,0,debt_consolidation,0.3005,0.5463,Medium
53,37907.59,3.4,27054.34,543,1954.21,11,0,business,0.0516,0.7137,Medium
31,40043.63,5.3,20619.1,530,10210.35,10,0,business,0.255,0.5149,Medium
36,58900.67,0.2,8034.34,654,2285.93,11,0,business,0.0388,0.1364,High
38,50419.0,0.6,16066.4,541,4557.48,2,0,home_improvement,0.0904,0.3187,Low
50,34747.08,18.8,7443.46,679,4605.08,7,0,medical,0.1325,0.2142,Medium
30,26217.33,26.9,14181.71,771,2497.97,11,0,debt_consolidation,0.0953,0.5409,Low
38,31752.02,6.9,24637.15,734,1090.41,8,0,home_improvement,0.0343,0.7759,Low
58,31173.59,1.5,9328.84,787,7814.08,7,0,business,0.2507,0.2992,Low
39,110281.17,15.3,12620.0,714,5676.13,3,0,other,0.0515,0.1144,Low
56,33361.93,1.2,7631.79,626,3324.89,1,0,business,0.0997,0.2288,Medium
33,50517.14,6.6,19274.63,544,1918.1,9,1,debt_consolidation,0.038,0.3815,High
23,79556.34,0.6,14588.12,557,12468.51,6,0,education,0.1567,0.1834,Medium
30,54038.34,5.2,9099.87,706,2527.69,2,0,home_improvement,0.0468,0.1684,Low
58,28481.18,7.1,17197.94,709,2418.7,5,0,business,0.0849,0.6038,Medium
21,80221.15,9.8,13171.83,594,2787.0,2,0,business,0.0347,0.1642,Low
47,58518.23,6.6,18057.19,634,5751.8,3,0,debt_consolidation,0.0983,0.3086,Low
28,16436.44,12.9,7675.42,704,4085.73,1,0,medical,0.2486,0.4669,Low
62,91387.2,3.7,10998.65,614,28717.42,11,0,business,0.3142,0.1204,Low
37,75863.42,5.7,14504.42,794,12190.32,10,0,home_improvement,0.1607,0.1912,Low
29,58061.05,2.3,20198.9,674,1314.7,14,0,debt_consolidation,0.0226,0.3479,Medium
26,111010.69,0.1,7439.37,709,5430.72,4,0,other,0.0489,0.067,Low
63,74999.28,7.1,14311.05,644,11477.2,9,0,debt_consolidation,0.153,0.1908,Medium
45,86160.83,10.2,24229.06,684,5762.48,6,0,other,0.0669,0.2812,Low
59,82306.12,1.0,13864.34,529,1905.95,1,0,business,0.0232,0.1684,Low
48,71576.49,0.1,11044.07,647,8549.19,4,0,business,0.1194,0.1543,Low
53,20021.43,0.9,9673.65,589,4636.78,5,0,home_improvement,0.2316,0.4831,Medium
57,21253.28,11.3,9771.1,850,3422.05,14,0,medical,0.161,0.4597,Low
29,75013.26,1.8,15285.53,663,5285.53,5,0,medical,0.0705,0.2038,Low
38,90746.52,1.3,4059.18,635,5277.14,12,0,education,0.0582,0.0447,Medium
41,34455.13,0.1,9620.38,681,2137.69,1,0,business,0.062,0.2792,Low
22,28088.59,1.8,17165.44,676,1384.57,13,0,education,0.0493,0.6111,Medium
63,55900.3,6.3,20895.9,650,28273.11,1,0,debt_consolidation,0.5058,0.3738,Medium
58,23717.6,16.0,7619.79,704,2851.54,1,0,home_improvement,0.1202,0.3213,Low
60,45051.03,1.9,9165.61,696,4110.88,2,0,debt_consolidation,0.0912,0.2034,Low
56,41045.92,1.4,13969.5,657,6351.32,1,0,debt_consolidation,0.1547,0.3403,Low
63,43816.76,10.9,19393.8,771,7114.13,8,0,education,0.1624,0.4426,Medium
57,125770.68,9.6,10699.41,523,3770.13,9,0,other,0.03,0.0851,Low
35,35703.51,2.0,12386.15,616,5115.14,4,0,medical,0.1433,0.3469,Low
48,50347.51,0.4,16371.75,618,7371.67,8,0,other,0.1464,0.3252,Low
38,25436.03,24.1,6686.16,648,3127.41,7,0,debt_consolidation,0.1229,0.2629,Medium
54,78447.67,5.7,35418.92,627,2398.63,4,1,debt_consolidation,0.0306,0.4515,High
42,44810.92,13.1,14039.32,607,2966.65,12,0,home_improvement,0.0662,0.3133,Low
31,88358.19,2.1,10827.49,749,25416.17,6,0,home_improvement,0.2876,0.1225,Low
33,14349.16,5.2,26485.42,570,7681.17,11,0,debt_consolidation,0.5353,1.8457,Medium
24,47616.49,5.6,14420.06,688,2533.58,1,0,debt_consolidation,0.0532,0.3028,Low
42,52368.67,10.3,12033.52,608,5898.22,9,0,other,0.1126,0.2298,Low
27,77324.15,24.9,16700.17,680,4795.66,14,0,debt_consolidation,0.062,0.216,Medium
63,35560.85,0.6,13697.89,755,9332.89,9,0,medical,0.2624,0.3852,Low
44,72650.27,5.0,9234.18,396,23059.53,6,0,business,0.3174,0.1271,High
24,37657.31,2.1,25345.12,584,3332.84,4,0,other,0.0885,0.673,Low
48,51373.54,8.3,5439.27,584,3320.85,5,0,debt_consolidation,0.0646,0.1059,Low
35,77728.38,7.0,10477.51,637,4994.02,8,0,debt_consolidation,0.0642,0.1348,Medium
21,30795.23,11.2,40644.02,723,3466.37,7,0,home_improvement,0.1126,1.3198,Medium
23,70989.86,2.1,14233.46,797,2744.68,1,0,debt_consolidation,0.0387,0.2005,Low
34,57956.69,1.0,5160.03,722,12167.04,9,0,debt_consolidation,0.2099,0.089,Low
58,41488.14,0.1,26308.35,639,2060.3,5,0,home_improvement,0.0497,0.6341,Low
21,35097.9,1.5,11265.76,609,3598.88,0,0,education,0.1025,0.321,Medium
58,17147.12,2.3,7074.07,771,19737.64,7,1,education,1.151,0.4125,High
58,47092.41,14.6,25137.68,531,1971.88,14,0,business,0.0419,0.5338,High
41,41522.85,3.4,25805.76,682,3490.5,0,0,other,0.0841,0.6215,Low
49,67478.61,4.1,31454.17,746,5305.54,14,0,business,0.0786,0.4661,Medium
25,64151.26,10.6,7470.14,626,3256.71,1,0,debt_consolidation,0.0508,0.1164,Low
30,83705.39,10.8,12283.91,675,3778.51,3,0,business,0.0451,0.1467,Low
48,85251.81,3.8,11207.19,543,882.3,9,0,other,0.0103,0.1315,Low
41,237463.44,0.6,7633.52,690,6194.26,1,0,education,0.0261,0.0321,Low
27,63375.33,1.6,18830.89,655,8544.91,13,1,education,0.1348,0.2971,High
23,31880.97,3.1,25744.43,694,3016.08,4,0,debt_consolidation,0.0946,0.8075,High
40,74094.49,7.0,10161.79,614,7519.41,10,0,home_improvement,0.1015,0.1371,Medium
39,109420.33,6.2,14665.19,561,3810.29,6,0,medical,0.0348,0.134,Medium
55,62158.86,5.1,14567.4,738,16562.02,6,0,debt_consolidation,0.2664,0.2344,Medium
24,16947.14,10.6,25600.15,740,781.74,9,0,medical,0.0461,1.5105,Medium
25,64710.59,8.1,13421.44,695,4078.69,4,0,business,0.063,0.2074,Medium
21,35777.13,20.1,13624.95,682,15876.93,13,0,home_improvement,0.4438,0.3808,Low
24,25312.08,11.0,23139.42,457,7854.12,2,0,other,0.3103,0.9141,High
32,53816.93,1.1,14387.64,746,2195.84,4,0,debt_consolidation,0.0408,0.2673,Low
47,22858.82,0.3,9495.83,688,2420.84,12,0,other,0.1059,0.4154,Low
62,81762.46,2.7,6931.09,751,2339.94,3,0,medical,0.0286,0.0848,Low
43,70646.2,4.8,9216.19,555,11050.1,5,0,other,0.1564,0.1305,Low
45,46941.88,5.2,15453.01,702,21349.73,0,0,home_improvement,0.4548,0.3292,Low
41,37233.38,1.6,6125.33,697,3138.33,0,0,home_improvement,0.0843,0.1645,Low
44,44709.91,9.8,15740.05,376,11824.18,12,0,education,0.2645,0.352,High
45,29570.79,2.0,5392.98,642,8054.36,7,0,debt_consolidation,0.2724,0.1824,Medium
52,47168.32,12.6,7347.85,650,5355.33,5,0,debt_consolidation,0.1135,0.1558,Low
52,11822.63,3.2,19757.65,573,2905.2,13,0,home_improvement,0.2457,1.671,High
25,51244.06,0.1,10229.33,688,3958.39,8,0,education,0.0772,0.1996,Low
56,51901.86,0.9,15338.11,668,9594.46,9,1,home_improvement,0.1849,0.2955,High
62,74800.12,0.5,12924.2,598,2868.7,11,0,debt_consolidation,0.0384,0.1728,Medium
62,56948.68,0.2,34017.44,607,9580.77,11,0,debt_consolidation,0.1682,0.5973,High
59,79910.89,6.3,14495.04,517,2974.05,0,0,education,0.0372,0.1814,Medium
36,64441.66,1.1,7232.22,685,3368.49,14,0,medical,0.0523,0.1122,Medium
53,82311.17,9.1,19244.18,675,5173.5,6,0,home_improvement,0.0629,0.2338,Low
41,181809.1,1.5,7101.86,640,1606.86,0,1,debt_consolidation,0.0088,0.0391,Low
29,60476.41,0.2,24227.58,628,3812.27,11,1,business,0.063,0.4006,High
26,53745.33,8.6,21505.8,709,10096.93,6,0,home_improvement,0.1879,0.4001,Medium
55,88745.19,3.1,15958.55,662,2494.01,14,0,business,0.0281,0.1798,Low
59,38788.7,4.6,21015.25,716,9485.47,6,0,medical,0.2445,0.5418,Low
42,46184.8,2.0,27012.13,667,2541.01,12,0,business,0.055,0.5849,Medium
61,60505.97,0.2,13142.95,724,17232.73,7,0,other,0.2848,0.2172,Low
25,50828.25,2.3,14800.53,719,93398.05,13,0,home_improvement,1.8375,0.2912,High
62,50713.97,3.7,15449.69,726,1460.85,12,1,home_improvement,0.0288,0.3046,Low
43,76871.43,0.1,8606.72,601,2178.3,4,0,business,0.0283,0.112,Low
37,20993.59,4.3,9454.95,704,9413.12,7,0,education,0.4484,0.4504,Low
32,135500.36,11.2,13830.81,650,5135.19,9,0,business,0.0379,0.1021,Low
43,62501.76,1.2,13311.92,640,2572.53,12,0,medical,0.0412,0.213,Medium
36,40129.59,13.1,15561.3,612,2663.41,4,0,education,0.0664,0.3878,Medium
23,110638.84,0.5,9935.62,677,3671.05,8,1,home_improvement,0.0332,0.0898,Low
50,51625.29,8.7,5522.59,494,3688.78,10,0,business,0.0715,0.107,Medium
42,52310.34,9.2,32272.67,677,3429.53,7,0,home_improvement,0.0656,0.6169,Medium
29,44030.96,1.5,5790.22,677,2707.22,12,1,education,0.0615,0.1315,High
49,102114.18,15.8,21767.44,735,1062.63,12,0,education,0.0104,0.2132,Low
57,48792.14,2.7,11131.36,661,4838.95,13,0,debt_consolidation,0.0992,0.2281,Medium
43,37078.48,0.8,15061.22,760,7947.99,10,0,education,0.2144,0.4062,Low
33,80772.07,4.5,19880.16,619,5304.45,6,0,debt_consolidation,0.0657,0.2461,High
52,88563.73,28.4,10159.73,609,9720.51,12,0,debt_consolidation,0.1098,0.1147,Low
43,109458.87,11.5,5880.41,778,6018.76,6,0,business,0.055,0.0537,Low
37,67292.19,1.6,24343.1,604,4015.69,2,0,home_improvement,0.0597,0.3617,Medium
60,86953.89,4.3,19954.21,473,5079.65,5,0,debt_consolidation,0.0584,0.2295,High
41,43061.02,0.6,13950.5,779,3826.38,5,0,other,0.0889,0.324,Low
22,81870.97,3.1,21915.52,786,2684.58,10,0,medical,0.0328,0.2677,Low
57,71058.68,3.7,16267.03,637,1044.38,13,0,debt_consolidation,0.0147,0.2289,Low
26,63909.94,1.9,12927.32,645,7189.93,4,0,other,0.1125,0.2023,Medium
64,22503.76,3.3,11845.0,610,3339.18,1,0,business,0.1484,0.5263,Medium
38,40372.86,12.6,3677.77,800,1306.98,12,0,business,0.0324,0.0911,Low
50,47913.02,3.5,15686.41,773,6306.01,9,1,home_improvement,0.1316,0.3274,Medium
42,63946.24,8.9,7262.32,607,634.18,6,0,home_improvement,0.0099,0.1136,Low
53,162814.79,1.9,17393.24,662,4688.07,4,0,debt_consolidation,0.0288,0.1068,Low
50,75329.11,17.8,11217.75,794,8974.95,13,0,debt_consolidation,0.1191,0.1489,Low
37,32695.52,0.5,4737.55,815,9234.9,1,1,debt_consolidation,0.2824,0.1449,Low
63,38556.43,4.4,12863.92,684,1208.97,12,0,education,0.0314,0.3336,Medium
52,98216.73,7.8,10201.8,696,3901.73,13,0,other,0.0397,0.1039,Low
62,37717.89,8.4,30545.5,655,4848.52,3,0,home_improvement,0.1285,0.8098,Low
34,81581.05,1.1,4018.09,612,3860.44,11,0,home_improvement,0.0473,0.0493,Low
30,51979.83,2.6,8119.89,708,19065.71,10,0,medical,0.3668,0.1562,Low
56,45107.58,4.9,6589.15,789,16150.53,0,0,education,0.358,0.1461,Low
54,38004.78,1.9,21458.64,590,4547.65,11,0,debt_consolidation,0.1197,0.5646,Medium
29,10687.05,5.4,15176.36,678,11811.59,11,0,business,1.1051,1.4199,Medium
62,64207.52,2.4,20914.84,674,2916.2,7,0,medical,0.0454,0.3257,Low
48,28967.65,2.2,6844.34,554,6691.83,14,0,education,0.231,0.2363,Medium
31,24120.47,0.6,7494.48,664,3805.67,4,0,home_improvement,0.1578,0.3107,Low
34,55486.07,0.2,13834.47,648,16832.2,7,0,home_improvement,0.3034,0.2493,Low
59,82024.35,9.0,37833.04,627,9887.25,0,0,medical,0.1205,0.4612,Low
39,20985.69,3.4,18512.37,773,7371.56,7,0,education,0.3512,0.8821,Medium
35,80958.97,4.1,7891.86,629,9388.54,12,1,business,0.116,0.0975,High
48,31206.98,2.3,15225.82,590,1889.83,4,1,education,0.0606,0.4879,High
44,67810.04,0.7,19101.45,717,2850.07,6,1,education,0.042,0.2817,Low
28,65478.33,3.0,5909.45,685,3570.6,2,0,business,0.0545,0.0902,Low
63,44208.76,1.3,11463.79,668,11713.64,12,0,business,0.265,0.2593,Low
29,49758.49,9.1,11987.46,718,4397.42,12,0,home_improvement,0.0884,0.2409,Low
53,40211.16,21.6,39238.19,651,4172.88,2,0,home_improvement,0.1038,0.9758,Medium
53,55925.1,11.0,14153.57,637,2951.91,12,0,home_improvement,0.0528,0.2531,Low
39,55678.71,3.8,36251.55,601,4178.15,8,0,debt_consolidation,0.075,0.6511,Medium
23,30885.97,4.9,8527.98,730,1555.52,14,0,medical,0.0504,0.2761,Low
30,24861.71,14.8,18558.52,776,10854.08,6,0,debt_consolidation,0.4366,0.7464,Low
60,81159.94,3.9,5813.24,848,6643.7,10,0,debt_consolidation,0.0819,0.0716,Low
62,54285.11,5.1,19329.07,716,5136.98,5,0,home_improvement,0.0946,0.3561,Low
21,75729.13,5.0,10591.96,803,3608.2,3,0,home_improvement,0.0476,0.1399,Low
49,35059.37,6.2,10994.19,610,2627.38,4,0,debt_consolidation,0.0749,0.3136,Low
54,32460.55,5.1,20489.77,591,6806.65,14,0,other,0.2097,0.6312,High
33,29557.17,5.6,21765.37,566,2020.42,7,0,debt_consolidation,0.0684,0.7364,Medium
21,44784.67,6.5,16042.3,662,2667.13,0,0,business,0.0596,0.3582,Low
54,55062.44,8.3,39522.39,634,5700.44,1,0,business,0.1035,0.7178,High
49,37349.98,2.6,13920.89,796,3567.08,2,0,education,0.0955,0.3727,Low
33,107195.79,6.8,16256.94,629,551.39,10,0,education,0.0051,0.1517,Low
49,35558.2,0.5,15658.71,636,6894.25,4,0,medical,0.1939,0.4404,High
59,55514.42,10.4,20348.94,728,3986.14,12,0,debt_consolidation,0.0718,0.3665,Low
44,31523.18,1.7,13554.63,750,1633.26,10,0,other,0.0518,0.43,Medium
46,35011.79,2.6,7232.36,704,3958.2,14,0,home_improvement,0.1131,0.2066,Low
37,46949.66,8.1,16767.94,723,8953.56,7,0,education,0.1907,0.3571,Low
27,32327.77,5.1,5316.69,724,9201.73,4,0,debt_consolidation,0.2846,0.1645,Low
33,51262.14,1.8,22340.6,819,4978.14,4,0,education,0.0971,0.4358,Low
25,61091.34,1.3,26995.88,512,4338.7,14,0,medical,0.071,0.4419,Medium
46,84684.44,15.8,9983.3,610,5177.28,5,0,debt_consolidation,0.0611,0.1179,Low
23,28568.17,0.5,9782.89,785,5687.13,8,0,home_improvement,0.1991,0.3424,Medium
27,53312.24,0.0,4140.86,655,7898.1,8,0,home_improvement,0.1481,0.0777,Low
59,47525.7,5.6,12934.79,720,8219.18,8,0,education,0.1729,0.2722,Low
21,19455.97,4.8,16811.52,463,12567.61,14,0,business,0.6459,0.864,High
37,27878.37,6.7,16309.14,600,21967.32,11,0,business,0.7879,0.585,Medium
63,62160.41,6.6,15701.53,511,41896.03,10,0,home_improvement,0.674,0.2526,Medium
45,24926.12,9.9,11400.74,603,4724.5,10,1,medical,0.1895,0.4574,High
23,47253.87,12.8,23076.02,629,3394.51,12,0,home_improvement,0.0718,0.4883,Medium
35,16962.81,7.5,7482.1,680,5961.66,4,0,home_improvement,0.3514,0.4411,Medium
49,46561.24,1.3,7596.13,761,5418.25,5,0,home_improvement,0.1164,0.1631,Low
63,17557.66,3.1,5945.33,714,4889.95,6,0,education,0.2785,0.3386,Medium
52,36232.46,5.1,9009.24,706,3772.15,2,0,medical,0.1041,0.2486,Low
46,39384.62,3.9,6722.32,619,11258.12,12,0,other,0.2858,0.1707,Medium
36,52130.88,0.9,3383.93,560,13235.99,0,0,debt_consolidation,0.2539,0.0649,Medium
45,43205.56,4.4,8663.12,644,8177.57,1,0,other,0.1893,0.2005,Low
48,26424.57,10.9,21741.91,588,7136.24,3,0,debt_consolidation,0.2701,0.8228,Medium
29,26672.61,2.7,15896.13,580,3914.42,8,0,medical,0.1468,0.5959,Low
21,21871.63,5.5,19484.49,539,8782.96,0,0,medical,0.4016,0.8908,High
49,54352.33,4.8,18339.27,658,6679.21,12,0,home_improvement,0.1229,0.3374,Low
42,53166.12,2.4,11005.2,665,9278.65,5,0,education,0.1745,0.207,Medium
36,68507.88,4.2,11647.99,751,5691.46,3,0,education,0.0831,0.17,Low
61,38174.73,1.2,8684.4,754,4186.25,5,0,debt_consolidation,0.1097,0.2275,Medium
64,20595.51,3.9,15500.78,704,5737.63,1,0,debt_consolidation,0.2786,0.7526,Low
61,41856.42,8.0,74249.08,850,15497.6,1,0,debt_consolidation,0.3702,1.7739,Medium
27,49292.32,7.1,6110.53,604,2373.91,13,0,other,0.0482,0.124,Medium
34,27381.57,2.2,24310.63,625,6381.26,6,0,education,0.233,0.8878,Medium
49,28712.28,0.6,9703.03,636,3145.87,4,0,home_improvement,0.1096,0.3379,Medium
39,61418.2,8.0,31955.15,631,4719.12,5,0,debt_consolidation,0.0768,0.5203,Medium
39,51550.17,1.5,16660.55,522,1625.71,13,0,other,0.0315,0.3232,High
22,86373.37,0.3,9469.69,605,28872.93,13,0,debt_consolidation,0.3343,0.1096,High
61,115965.78,2.9,11596.81,686,4292.54,3,1,business,0.037,0.1,High
35,23123.29,6.7,20537.09,743,2599.97,13,1,debt_consolidation,0.1124,0.8881,Medium
23,39757.99,8.3,36822.54,551,18128.16,0,0,education,0.456,0.9261,High
31,52146.75,20.1,21675.56,559,3493.69,7,1,debt_consolidation,0.067,0.4157,Medium
50,58793.51,1.0,10233.85,576,5502.42,0,0,business,0.0936,0.1741,Medium
60,81465.96,1.7,17900.7,691,3156.82,7,0,business,0.0387,0.2197,Low
38,70566.62,4.7,34831.97,579,1181.32,10,1,other,0.0167,0.4936,High
22,86613.85,8.3,17658.86,544,5332.36,0,0,business,0.0616,0.2039,Medium
52,50548.07,1.3,12362.53,542,6836.16,9,0,home_improvement,0.1352,0.2446,High
28,35801.61,2.6,5720.63,634,17695.91,9,0,home_improvement,0.4943,0.1598,High
42,129959.52,2.6,27937.34,654,8129.67,13,1,debt_consolidation,0.0626,0.215,High
26,52926.67,7.4,12363.76,719,5027.22,3,0,education,0.095,0.2336,Low
32,43437.41,1.4,8734.91,709,3219.6,5,0,debt_consolidation,0.0741,0.2011,Low
60,28678.14,17.3,20734.45,740,7733.16,0,0,home_improvement,0.2696,0.723,Low
56,53089.49,3.6,21230.84,653,17498.37,8,0,debt_consolidation,0.3296,0.3999,Medium
35,81003.29,1.7,7678.47,586,2052.1,6,0,education,0.0253,0.0948,High
48,38168.56,1.7,8495.95,677,877.23,0,0,education,0.023,0.2226,Low
38,45858.24,0.1,18728.13,549,17078.58,9,1,debt_consolidation,0.3724,0.4084,High
22,55524.42,5.9,27594.75,693,2108.11,1,0,debt_consolidation,0.038,0.497,Medium
33,62074.3,7.5,10962.43,685,1316.69,4,0,medical,0.0212,0.1766,Low
35,43048.49,0.2,11798.99,752,4698.49,14,0,education,0.1091,0.2741,High
40,40263.29,4.4,8827.9,731,2681.04,2,0,debt_consolidation,0.0666,0.2192,Low
49,37972.56,7.6,27973.06,697,1241.17,0,0,home_improvement,0.0327,0.7366,High
62,28189.41,2.4,19811.67,516,5674.62,4,1,home_improvement,0.2013,0.7028,High
49,33353.27,2.8,6843.34,619,5083.38,7,0,debt_consolidation,0.1524,0.2052,Low
23,32907.85,2.2,36189.58,705,7638.73,11,1,home_improvement,0.2321,1.0997,Medium
39,22672.58,1.9,105908.72,772,10206.52,0,0,medical,0.4502,4.671,High
23,80537.03,3.4,4537.94,709,5720.13,5,0,medical,0.071,0.0563,Low
34,58675.87,0.9,16470.74,548,9471.05,0,0,business,0.1614,0.2807,Medium
60,52633.79,2.9,5282.41,788,1630.08,7,0,business,0.031,0.1004,Low
24,94115.12,14.2,11182.18,661,909.11,4,0,education,0.0097,0.1188,Low
31,70187.37,0.1,5540.31,696,2524.13,2,0,other,0.036,0.0789,Low
51,33030.68,0.9,32279.13,702,4014.29,11,0,medical,0.1215,0.9772,Medium
63,88141.22,7.5,10712.65,603,4664.84,14,1,debt_consolidation,0.0529,0.1215,Medium
52,79708.44,0.7,24502.04,588,6396.54,11,0,home_improvement,0.0802,0.3074,Low
47,28030.24,1.6,14814.41,675,13200.28,11,0,education,0.4709,0.5285,High
50,76986.9,3.0,37141.62,589,6774.4,7,0,medical,0.088,0.4824,Medium
63,38807.75,14.3,6463.04,611,5457.52,9,0,debt_consolidation,0.1406,0.1665,Medium
22,80706.48,1.0,3582.95,629,2721.04,7,0,education,0.0337,0.0444,Low
29,41399.6,12.8,9441.19,508,11717.54,2,0,debt_consolidation,0.283,0.228,High
48,37546.43,6.3,10676.07,709,6385.02,6,0,debt_consolidation,0.1701,0.2843,Medium
51,39531.89,5.6,5137.4,751,2690.21,0,0,medical,0.068,0.13,Low
54,30149.27,6.4,17284.38,699,1763.02,2,0,education,0.0585,0.5733,Low
35,23384.34,0.2,16798.94,495,10740.25,6,0,education,0.4593,0.7184,Medium
45,14051.74,0.5,29732.26,687,7366.54,2,0,debt_consolidation,0.5242,2.1158,High
56,28930.84,2.0,24856.99,743,12536.54,14,1,debt_consolidation,0.4333,0.8592,Medium
28,182647.19,0.4,9902.66,618,2263.07,10,0,home_improvement,0.0124,0.0542,Low
29,62263.49,21.9,6671.98,679,711.39,6,0,medical,0.0114,0.1072,Low
57,124506.26,4.3,4776.13,699,5994.08,2,0,business,0.0481,0.0384,Low
59,41810.37,3.3,11867.61,587,1343.49,2,0,home_improvement,0.0321,0.2838,Low
52,38786.95,7.7,11744.25,585,8562.47,1,0,debt_consolidation,0.2208,0.3028,Medium
37,115643.83,18.9,16833.41,495,4927.46,4,0,medical,0.0426,0.1456,Low
55,59152.92,15.5,5021.19,608,16755.27,10,0,business,0.2832,0.0849,Medium
57,30405.0,7.9,14533.79,582,5121.35,0,0,home_improvement,0.1684,0.478,Medium
39,67269.27,2.4,18334.84,631,1695.34,10,0,debt_consolidation,0.0252,0.2726,Low
64,91623.43,0.3,9054.92,725,7649.48,11,1,home_improvement,0.0835,0.0988,Low
49,24006.11,0.5,18737.43,716,5292.51,13,0,debt_consolidation,0.2205,0.7805,Medium
27,61841.45,0.0,11563.95,559,4166.46,3,0,home_improvement,0.0674,0.187,Medium
48,24813.36,0.0,27200.53,626,6254.08,11,0,home_improvement,0.252,1.0962,High
29,89176.93,13.8,31580.0,661,5969.11,11,0,debt_consolidation,0.0669,0.3541,Medium
48,55014.34,13.1,13581.84,444,2913.87,10,0,other,0.053,0.2469,Low
26,67159.83,5.5,22376.51,646,21191.63,3,0,home_improvement,0.3155,0.3332,Medium
49,43970.67,6.5,5937.2,631,17882.62,9,0,medical,0.4067,0.135,High
37,20114.55,3.6,10046.98,631,4736.62,2,0,debt_consolidation,0.2355,0.4995,Medium
36,39311.95,1.4,16650.7,676,4219.74,14,0,business,0.1073,0.4235,High
43,78035.55,12.3,10216.09,560,1741.08,4,0,business,0.0223,0.1309,Low
51,132828.54,1.6,11310.55,690,8095.7,3,0,other,0.0609,0.0852,Low
23,56451.95,6.7,7446.17,665,1749.07,7,1,medical,0.031,0.1319,Medium
41,34780.9,1.4,37775.33,770,4133.56,10,1,home_improvement,0.1188,1.0861,Medium
46,64077.68,10.2,7527.92,651,8420.21,14,0,education,0.1314,0.1175,Low
56,74603.85,5.3,21220.81,763,46131.27,7,0,home_improvement,0.6183,0.2844,Low
62,52385.07,5.1,9867.3,771,4969.36,9,0,education,0.0949,0.1884,Low
57,50797.74,0.5,19395.25,680,10805.25,0,0,debt_consolidation,0.2127,0.3818,Low
42,54546.24,2.7,9162.51,643,2009.74,7,0,home_improvement,0.0368,0.168,Low
62,50099.94,3.7,10803.79,595,3044.47,10,0,business,0.0608,0.2156,Low
32,56890.89,1.7,17018.67,674,3154.75,12,0,business,0.0555,0.2991,High
62,122244.89,10.6,19225.9,794,4529.34,8,0,home_improvement,0.0371,0.1573,Low
33,17735.94,9.1,22628.27,675,1541.23,3,0,other,0.0869,1.2758,Medium
31,43511.13,3.4,13591.1,680,3513.15,10,1,business,0.0807,0.3124,Medium
36,30755.46,2.1,25459.97,774,1400.84,14,0,education,0.0455,0.8278,Medium
28,88468.47,8.1,15359.18,797,11899.82,14,0,home_improvement,0.1345,0.1736,Low
60,45686.54,1.1,12208.83,650,3537.17,7,1,education,0.0774,0.2672,High
60,64851.31,0.4,22185.53,685,2803.19,14,0,education,0.0432,0.3421,Medium
22,100072.82,0.2,14248.61,582,2178.69,11,0,business,0.0218,0.1424,Low
50,28552.37,0.2,15410.37,669,3533.81,14,1,debt_consolidation,0.1238,0.5397,High
50,37655.76,3.4,7387.05,694,6459.08,8,0,business,0.1715,0.1962,Low
32,95038.86,1.5,9086.29,651,2524.45,1,0,medical,0.0266,0.0956,Low
30,27986.25,5.9,17061.24,600,5662.39,12,0,debt_consolidation,0.2023,0.6096,Low
64,38296.35,5.3,7866.32,587,7527.85,10,0,business,0.1966,0.2054,Medium
31,22022.55,3.9,13590.11,726,4517.78,8,0,debt_consolidation,0.2051,0.6171,Low
35,96923.93,2.2,4279.5,686,1914.37,5,0,home_improvement,0.0198,0.0442,Low
36,36657.62,9.5,41905.14,657,7785.5,8,1,education,0.2124,1.1431,High
37,58429.74,6.2,20022.03,544,7596.58,10,0,home_improvement,0.13,0.3427,High
46,68733.37,1.6,10202.33,647,11737.45,10,0,debt_consolidation,0.1708,0.1484,Low
22,32806.49,3.5,33011.36,623,6315.2,7,0,other,0.1925,1.0062,Medium
32,18920.48,0.8,7823.13,539,2431.3,14,0,other,0.1285,0.4135,Medium
46,43926.28,2.0,9540.84,730,5184.79,13,0,education,0.118,0.2172,Low
43,43568.34,29.3,18115.32,710,5322.18,3,0,debt_consolidation,0.1222,0.4158,Low
38,47560.04,1.3,23360.86,665,1492.0,10,0,education,0.0314,0.4912,Medium
52,47691.5,6.0,9476.22,529,1041.67,6,0,home_improvement,0.0218,0.1987,Medium
58,38200.87,1.4,17592.85,722,7972.65,14,0,business,0.2087,0.4605,Low
23,37467.58,13.9,16349.11,667,4047.86,2,0,home_improvement,0.108,0.4363,Low
58,56888.69,1.9,13160.22,663,3041.83,0,0,debt_consolidation,0.0535,0.2313,Medium
23,32469.98,2.1,9647.24,665,9347.19,3,0,education,0.2879,0.2971,High
50,46739.19,4.5,22146.13,590,12302.77,3,0,education,0.2632,0.4738,Low
21,36994.36,4.4,3987.76,652,2474.63,14,1,business,0.0669,0.1078,Medium
50,56829.03,4.3,14522.74,739,22313.29,12,0,debt_consolidation,0.3926,0.2555,Low
52,85330.58,4.3,8865.18,528,1727.03,13,0,home_improvement,0.0202,0.1039,Low
48,87089.26,1.9,12418.57,730,6314.9,12,1,education,0.0725,0.1426,Medium
41,93399.89,2.8,8809.7,681,3772.77,4,0,medical,0.0404,0.0943,Low
33,41479.46,4.5,6476.44,698,13549.82,12,0,debt_consolidation,0.3267,0.1561,Low
47,43259.69,5.6,9070.11,637,5857.51,3,0,debt_consolidation,0.1354,0.2097,Medium
56,25991.47,1.5,9577.43,638,3143.2,8,0,other,0.1209,0.3685,Medium
27,41304.45,6.0,11627.48,546,19009.85,4,0,education,0.4602,0.2815,High
42,42048.59,12.8,13264.97,623,3533.03,4,0,education,0.084,0.3155,Medium
30,36005.47,7.1,19461.1,676,5627.46,13,0,debt_consolidation,0.1563,0.5405,Medium
59,35921.94,0.4,32505.03,770,1115.63,7,0,debt_consolidation,0.0311,0.9049,Medium
35,20976.35,3.2,13914.02,671,1124.05,6,0,business,0.0536,0.6633,High
35,25060.39,2.9,7141.28,542,2256.08,11,0,medical,0.09,0.285,Medium
24,50124.83,2.1,21277.77,647,4181.52,1,0,debt_consolidation,0.0834,0.4245,Low
52,51074.3,3.4,15662.24,603,17757.24,0,0,debt_consolidation,0.3477,0.3066,Low
43,62412.94,2.9,7343.0,645,4610.33,0,0,other,0.0739,0.1176,Low
26,43068.74,0.0,13978.94,658,10792.3,0,0,debt_consolidation,0.2506,0.3246,Low
44,49307.29,1.3,20042.3,808,3175.05,9,0,education,0.0644,0.4065,Medium
40,91606.25,1.2,8044.95,681,17698.87,12,1,business,0.1932,0.0878,Low
57,47741.18,2.1,9522.39,680,8011.27,5,0,home_improvement,0.1678,0.1995,Low
40,35737.84,1.0,13980.96,687,4750.08,4,0,medical,0.1329,0.3912,Low
32,27025.23,0.4,11221.0,603,10541.61,8,0,debt_consolidation,0.3901,0.4152,Medium
53,73038.35,1.1,5279.09,771,4594.33,5,1,debt_consolidation,0.0629,0.0723,Medium
48,20917.24,9.6,54556.88,681,5243.08,13,0,debt_consolidation,0.2506,2.6081,High
28,32234.44,8.0,9306.91,631,7785.75,9,0,business,0.2415,0.2887,Medium
21,60432.94,2.9,8775.19,698,7214.43,9,0,education,0.1194,0.1452,Low
57,18896.34,10.5,10651.13,762,1609.18,11,0,debt_consolidation,0.0852,0.5636,Low
42,36055.79,1.3,12492.78,678,5019.46,11,0,debt_consolidation,0.1392,0.3465,Medium
26,52291.22,4.4,16096.48,651,10432.7,4,0,debt_consolidation,0.1995,0.3078,Medium
41,40470.6,0.8,6988.55,654,5597.31,12,0,education,0.1383,0.1727,High
52,29991.09,9.0,28222.09,710,6091.61,6,0,business,0.2031,0.941,Medium
55,36434.73,0.7,5651.53,688,9765.91,4,0,medical,0.268,0.1551,Low
35,73754.12,0.2,10157.29,670,8159.9,0,0,debt_consolidation,0.1106,0.1377,Low
25,122478.24,1.6,20996.51,637,2237.85,8,0,education,0.0183,0.1714,Low
26,52561.77,11.6,20232.66,675,1657.8,3,0,debt_consolidation,0.0315,0.3849,Low
45,18139.69,0.7,2494.29,538,16384.4,4,0,education,0.9032,0.1375,High
60,65124.18,2.0,12795.32,752,3694.54,12,0,business,0.0567,0.1965,Medium
49,40207.48,1.9,13711.82,657,3219.46,14,0,home_improvement,0.0801,0.341,Low
27,28347.34,8.1,15283.62,566,4500.71,3,0,business,0.1588,0.5391,Medium
60,32855.14,2.7,9242.63,626,14576.22,5,0,medical,0.4436,0.2813,Medium
33,33560.5,4.7,11406.34,714,4727.15,8,0,debt_consolidation,0.1409,0.3399,Low
58,24211.34,2.6,18114.72,774,4569.31,0,0,business,0.1887,0.7482,Low
38,47499.08,4.0,20792.68,692,3108.07,3,0,other,0.0654,0.4377,Low
22,122280.57,0.3,5614.24,703,2136.02,13,0,education,0.0175,0.0459,Low
28,28293.98,2.3,17570.3,621,1126.11,9,0,debt_consolidation,0.0398,0.621,High
31,120411.88,9.7,16401.83,805,5052.4,2,0,education,0.042,0.1362,Low
53,54396.68,5.9,22078.68,637,2106.64,2,0,home_improvement,0.0387,0.4059,Medium
58,46795.92,20.0,7915.04,657,3436.19,11,0,education,0.0734,0.1691,Low
47,41731.86,7.8,17353.36,658,3336.28,7,0,debt_consolidation,0.0799,0.4158,Low
40,32758.83,3.0,4336.44,780,7069.77,7,0,medical,0.2158,0.1324,Medium
32,56722.5,5.6,10669.18,680,507.94,6,1,other,0.009,0.1881,Medium
63,63639.49,7.5,10977.54,719,17717.94,9,0,home_improvement,0.2784,0.1725,Low
51,14580.33,1.6,14004.38,609,6031.35,11,0,business,0.4136,0.9604,High
47,174821.23,0.3,20632.49,687,7014.35,4,0,debt_consolidation,0.0401,0.118,Medium
52,19821.19,2.6,6924.72,611,2121.81,1,1,education,0.107,0.3493,Medium
30,37753.58,0.8,27456.98,606,4198.29,4,0,debt_consolidation,0.1112,0.7272,Low
23,13641.28,1.6,3264.42,704,6750.02,3,0,business,0.4948,0.2393,Medium
47,42875.05,14.7,4850.5,628,8456.91,13,0,home_improvement,0.1972,0.1131,Low
55,38920.18,9.4,23491.38,600,8245.24,7,0,debt_consolidation,0.2118,0.6036,Medium
51,37954.88,4.5,14219.15,751,6137.44,13,0,medical,0.1617,0.3746,Low
35,57077.59,2.6,37197.9,587,3509.23,13,0,education,0.0615,0.6517,Medium
36,43394.77,1.5,21153.93,805,1643.8,5,0,debt_consolidation,0.0379,0.4875,Medium
33,64164.76,4.2,13459.2,735,4031.64,0,0,home_improvement,0.0628,0.2098,Low
55,26405.69,3.8,9943.96,789,22406.17,4,0,debt_consolidation,0.8485,0.3766,High
31,50954.67,7.6,9168.72,595,1653.81,7,0,debt_consolidation,0.0325,0.1799,Medium
41,35744.78,13.2,16652.04,706,1379.26,0,1,debt_consolidation,0.0386,0.4658,Medium
31,40734.48,2.0,9424.14,668,23932.07,0,0,debt_consolidation,0.5875,0.2313,High
50,56115.89,1.2,15516.97,725,5121.32,11,1,home_improvement,0.0913,0.2765,Medium
55,38095.34,2.6,8906.43,606,1403.81,11,0,education,0.0368,0.2338,Low
42,46509.74,2.9,15085.74,738,5169.48,14,0,debt_consolidation,0.1111,0.3243,Medium
58,27525.75,0.2,33647.94,700,3872.02,2,0,education,0.1407,1.2224,Medium
51,84775.01,9.9,18633.17,638,17704.58,13,0,education,0.2088,0.2198,Medium
34,70560.23,27.1,10085.6,529,15639.49,12,0,home_improvement,0.2216,0.1429,Medium
44,51533.73,12.8,16489.07,731,6678.16,0,0,debt_consolidation,0.1296,0.32,Low
52,43419.76,9.9,15770.72,640,8318.41,13,0,education,0.1916,0.3632,Medium
56,46528.22,24.5,15123.86,585,4264.18,13,0,debt_consolidation,0.0916,0.325,Low
52,83869.03,11.9,16821.11,614,22316.89,5,1,debt_consolidation,0.2661,0.2006,High
35,68104.79,5.8,23026.88,701,5296.95,12,0,business,0.0778,0.3381,Low
63,84577.38,0.9,25459.92,638,2817.25,4,0,other,0.0333,0.301,Medium
55,41318.04,0.9,13377.35,663,13985.57,11,0,education,0.3385,0.3238,Medium
23,62423.66,0.3,5844.25,672,6125.9,4,1,debt_consolidation,0.0981,0.0936,High
36,88817.32,2.7,14057.09,571,4333.55,2,0,medical,0.0488,0.1583,Medium
25,30851.08,8.3,12154.21,697,2838.95,1,0,home_improvement,0.092,0.394,Low
41,29895.96,3.4,18592.4,701,3781.43,0,0,debt_consolidation,0.1265,0.6219,Medium
30,56252.3,2.3,6460.86,820,14060.83,1,0,home_improvement,0.25,0.1149,Low
39,26437.24,0.6,18038.61,703,4847.7,14,1,medical,0.1834,0.6823,High
45,19773.29,0.3,14423.29,678,4713.97,9,0,home_improvement,0.2384,0.7294,High
24,88196.53,2.5,7446.44,519,1144.91,8,0,home_improvement,0.013,0.0844,High
49,96225.46,0.5,3849.31,704,4219.5,9,0,other,0.0438,0.04,Low
39,27173.3,0.5,22506.09,798,4701.19,4,0,business,0.173,0.8282,Low
63,23956.78,2.5,7379.99,607,6363.62,11,0,home_improvement,0.2656,0.308,High
22,35362.43,3.5,5497.49,531,3585.85,10,0,education,0.1014,0.1555,Medium
30,91711.6,1.0,9520.91,594,6904.64,7,0,other,0.0753,0.1038,Low
63,39919.92,5.8,26978.22,711,8505.48,2,0,other,0.2131,0.6758,Medium
45,51397.64,2.7,15020.67,619,2848.11,4,0,education,0.0554,0.2922,Low
40,57668.18,0.5,17445.03,590,20775.99,11,0,medical,0.3603,0.3025,High
39,53472.56,5.1,12981.42,673,2353.52,6,0,other,0.044,0.2428,Low
43,103469.85,2.2,16009.36,668,1226.88,11,0,education,0.0119,0.1547,High
44,34202.52,0.3,11819.39,762,7796.74,1,0,business,0.228,0.3456,Low
31,46578.61,14.8,10071.85,616,5457.83,2,1,debt_consolidation,0.1172,0.2162,High
54,55061.88,4.2,9097.17,659,7823.6,2,0,education,0.1421,0.1652,Low
48,47834.49,3.2,11115.79,483,3431.78,14,0,business,0.0717,0.2324,High
25,26647.47,9.8,56843.34,607,13100.1,10,1,other,0.4916,2.1331,High
25,23475.96,13.8,18811.81,673,9323.14,8,0,debt_consolidation,0.3971,0.8013,Medium
41,23231.43,1.2,7985.25,629,59562.88,10,0,other,2.5638,0.3437,High
32,70483.04,8.3,6013.1,472,3564.75,0,1,other,0.0506,0.0853,High
24,32526.11,8.9,12655.77,700,3859.42,12,0,debt_consolidation,0.1187,0.3891,Low
62,61984.36,0.3,4790.65,692,2702.28,8,0,medical,0.0436,0.0773,Low
40,51193.69,6.2,23009.91,577,2346.02,13,0,business,0.0458,0.4495,Medium
58,30108.76,0.3,2887.89,706,6117.66,13,0,debt_consolidation,0.2032,0.0959,Low
45,30486.84,4.5,11078.62,548,1877.72,0,0,education,0.0616,0.3634,High
34,52418.07,5.5,4536.84,592,1712.62,11,0,education,0.0327,0.0865,Low
31,50962.35,2.3,17478.72,762,5596.37,9,0,home_improvement,0.1098,0.343,High
52,62693.69,10.6,8477.77,754,14461.63,6,0,business,0.2307,0.1352,Low
31,38997.3,8.1,20389.44,705,1225.03,11,0,debt_consolidation,0.0314,0.5228,Medium
38,32101.12,13.0,3647.1,601,6956.67,13,0,debt_consolidation,0.2167,0.1136,Medium
47,51789.11,1.9,26311.51,686,3310.41,10,1,other,0.0639,0.508,High
38,99703.85,0.1,16492.59,690,1084.77,3,0,debt_consolidation,0.0109,0.1654,Low
43,19180.71,8.3,13083.96,511,3142.98,9,0,business,0.1639,0.6821,High
31,32875.19,1.3,8059.25,566,10656.61,7,0,debt_consolidation,0.3241,0.2451,Medium
41,65855.62,3.1,11094.01,737,8652.74,0,0,medical,0.1314,0.1685,High
64,54624.78,8.5,20543.03,443,1138.74,0,0,education,0.0208,0.3761,High
25,66337.43,1.2,8092.37,657,4970.98,5,0,debt_consolidation,0.0749,0.122,Medium
43,39544.13,1.9,12493.64,646,13283.96,14,0,medical,0.3359,0.3159,Low
61,21895.62,2.9,11154.62,586,16798.8,14,0,home_improvement,0.7672,0.5094,Medium
45,113068.19,1.6,14897.78,651,4316.55,4,0,medical,0.0382,0.1318,Medium
61,84281.52,3.1,5788.03,650,3818.19,14,1,debt_consolidation,0.0453,0.0687,Low
30,48431.75,0.0,31926.57,661,7497.41,4,0,home_improvement,0.1548,0.6592,Low
42,32182.23,1.2,23433.81,639,8547.29,1,0,debt_consolidation,0.2656,0.7281,Low
39,38357.92,8.9,4611.81,695,2864.36,1,0,education,0.0747,0.1202,Low
21,54969.94,2.7,4111.06,709,5231.75,3,0,debt_consolidation,0.0952,0.0748,Low
27,43225.41,5.1,31055.22,581,4052.3,1,0,business,0.0937,0.7184,Low
24,48666.71,1.3,13902.77,730,8550.54,3,0,education,0.1757,0.2857,Low
21,109652.18,5.2,4531.76,636,3334.79,4,0,debt_consolidation,0.0304,0.0413,Low
35,77795.4,40.0,9930.11,486,2066.22,3,0,debt_consolidation,0.0266,0.1276,Medium
60,27299.15,4.5,11227.43,614,1009.57,5,0,education,0.037,0.4113,High
32,50942.84,4.9,19603.01,646,6543.77,11,0,home_improvement,0.1285,0.3848,High
42,37790.7,0.6,23552.43,534,2200.22,14,0,business,0.0582,0.6232,High
42,56895.5,2.6,14403.8,640,4021.92,12,0,home_improvement,0.0707,0.2532,Medium
37,47492.84,9.9,12046.23,624,4856.27,2,0,home_improvement,0.1023,0.2536,Medium
49,216176.26,9.0,10049.75,677,2993.83,1,0,home_improvement,0.0138,0.0465,Low
34,60756.59,3.7,31092.63,615,6685.36,0,0,business,0.11,0.5117,Medium
40,45839.8,11.7,10369.39,640,37981.87,4,0,business,0.8286,0.2262,Medium
53,123192.45,0.8,18217.26,727,19297.49,3,0,education,0.1566,0.1479,Medium
63,54326.9,5.4,7015.49,674,2193.61,8,0,business,0.0404,0.1291,Medium
35,22940.01,1.4,6247.34,673,2707.07,9,0,business,0.118,0.2723,Medium
32,46063.52,5.2,14980.33,623,2440.35,0,0,medical,0.053,0.3252,Low
60,66626.1,0.5,10639.22,571,1346.2,8,0,debt_consolidation,0.0202,0.1597,High
40,62458.95,14.4,5855.22,695,5732.88,7,0,business,0.0918,0.0937,Low
50,81031.02,7.7,11013.28,568,7296.83,13,0,debt_consolidation,0.09,0.1359,Low
58,52937.02,1.1,59435.53,776,5706.05,9,0,education,0.1078,1.1227,Medium
23,51100.8,5.1,13063.17,565,5769.85,11,0,medical,0.1129,0.2556,Medium
48,24312.9,7.1,11159.84,632,1081.78,11,0,home_improvement,0.0445,0.459,Low
46,105262.35,1.2,11171.09,729,1148.24,10,1,business,0.0109,0.1061,Low
50,42074.55,0.5,27424.88,644,8189.32,14,0,home_improvement,0.1946,0.6518,Medium
33,30038.42,2.2,12245.17,681,4521.74,3,0,education,0.1505,0.4076,Low
33,182399.38,0.7,15506.16,662,10042.14,10,0,business,0.0551,0.085,Low
22,113555.03,4.2,20538.36,532,2254.69,12,1,business,0.0199,0.1809,High
57,39187.99,2.8,29216.77,572,3829.04,1,0,debt_consolidation,0.0977,0.7455,High
58,19142.46,3.1,8634.29,629,3267.11,14,0,debt_consolidation,0.1707,0.451,Medium
22,34226.8,3.9,7499.45,642,17621.12,2,0,business,0.5148,0.2191,Medium
56,107965.59,20.1,8704.74,708,17786.22,9,1,debt_consolidation,0.1647,0.0806,Medium
46,53549.23,7.9,19768.31,656,2146.03,8,0,debt_consolidation,0.0401,0.3692,Low
31,24966.29,5.0,21175.66,639,5530.26,9,0,debt_consolidation,0.2215,0.8481,Medium
28,72547.06,2.3,15026.8,619,9473.25,1,0,home_improvement,0.1306,0.2071,Medium
64,44137.76,0.1,24039.89,715,10847.23,7,0,debt_consolidation,0.2458,0.5446,High
60,35441.86,0.6,21188.26,596,2615.72,9,0,other,0.0738,0.5978,Medium
63,36812.02,6.6,9199.61,559,6686.64,0,0,education,0.1816,0.2499,Medium
42,94201.96,2.3,5433.07,637,5479.96,14,0,debt_consolidation,0.0582,0.0577,Medium
40,64428.94,2.0,10264.38,717,4564.33,3,0,medical,0.0708,0.1593,Low
28,23317.77,11.0,18442.48,603,606.97,2,0,debt_consolidation,0.026,0.7909,Medium
49,58899.88,3.3,17966.64,667,3156.42,12,0,education,0.0536,0.305,Medium
60,51730.74,11.5,4528.34,575,3602.97,9,0,home_improvement,0.0696,0.0875,Low
46,39727.39,10.9,3240.04,590,8637.47,1,0,home_improvement,0.2174,0.0816,Medium
50,40788.66,0.4,20217.67,765,4099.96,2,0,home_improvement,0.1005,0.4957,Low
37,31808.02,14.5,20516.39,484,13498.61,2,0,debt_consolidation,0.4244,0.645,High
40,35197.73,0.4,16575.5,590,1484.73,13,0,education,0.0422,0.4709,Medium
36,56662.15,16.6,23000.05,511,14414.68,8,0,business,0.2544,0.4059,Medium
63,42668.45,3.0,15156.5,587,2936.1,2,0,debt_consolidation,0.0688,0.3552,Medium
27,64398.19,7.2,6019.18,715,3011.03,8,0,home_improvement,0.0468,0.0935,Low
36,33107.34,6.1,11088.9,770,3815.48,3,1,education,0.1152,0.3349,Low
47,69824.99,3.7,12754.9,550,1298.25,0,0,debt_consolidation,0.0186,0.1827,High
43,94581.98,4.8,9489.32,707,5287.23,7,0,education,0.0559,0.1003,Medium
44,48854.81,15.0,9389.78,544,47851.34,9,0,debt_consolidation,0.9794,0.1922,High
29,63596.47,13.1,12637.76,597,2197.18,4,0,education,0.0345,0.1987,Low
55,64849.3,5.3,8126.87,671,3329.05,1,0,home_improvement,0.0513,0.1253,High
40,38137.41,5.4,3719.51,508,7892.6,8,1,debt_consolidation,0.2069,0.0975,High
57,64970.1,1.4,14245.81,595,4589.03,6,0,business,0.0706,0.2193,Low
62,15768.71,8.8,28200.05,643,11073.81,5,1,business,0.7022,1.7882,High
37,12922.39,5.0,3558.42,484,1394.57,1,0,business,0.1079,0.2753,Medium
51,41575.27,8.8,14758.13,584,1883.78,5,0,other,0.0453,0.355,High
28,67287.71,5.4,7283.65,609,5953.9,11,1,home_improvement,0.0885,0.1082,Medium
35,46979.82,1.8,20090.25,591,317.65,13,0,other,0.0068,0.4276,High
51,71177.84,1.1,16789.99,608,1622.45,6,0,debt_consolidation,0.0228,0.2359,High
50,26879.85,0.4,25124.76,676,1055.22,13,0,other,0.0393,0.9347,Medium
40,76223.09,4.4,8050.1,666,5165.19,11,0,business,0.0678,0.1056,Low
59,110680.87,1.7,13897.12,751,3261.17,13,0,business,0.0295,0.1256,Low
32,34606.43,5.0,59502.18,629,1512.95,14,0,medical,0.0437,1.7193,High
37,72077.66,0.3,15089.3,528,5441.83,4,0,business,0.0755,0.2093,High
62,49583.29,2.4,20447.57,480,9142.06,14,0,business,0.1844,0.4124,High
50,61139.92,1.5,31005.15,757,1611.87,4,0,home_improvement,0.0264,0.5071,Low
49,110570.19,2.3,7867.19,645,4381.34,11,0,education,0.0396,0.0712,Medium
39,57736.89,0.3,3978.72,674,5839.05,3,0,debt_consolidation,0.1011,0.0689,Low
31,71841.75,6.4,4828.28,715,7784.13,13,0,debt_consolidation,0.1083,0.0672,Low
54,26068.36,0.6,6661.6,666,1365.27,9,0,debt_consolidation,0.0524,0.2555,Medium
27,70743.82,0.1,10389.15,747,2123.09,11,0,business,0.03,0.1469,Low
64,109645.05,14.6,17997.16,709,4319.22,0,0,debt_consolidation,0.0394,0.1641,Medium
54,30891.91,1.1,23668.68,729,4691.9,9,0,medical,0.1519,0.7662,Low
40,41709.68,8.8,7007.51,584,30627.01,6,0,debt_consolidation,0.7343,0.168,Medium
58,69082.96,16.7,48379.99,712,9315.16,2,0,business,0.1348,0.7003,Low
44,61321.88,3.8,29144.12,684,3485.0,14,0,home_improvement,0.0568,0.4753,Medium
30,24838.15,3.7,9862.12,573,3672.72,4,0,education,0.1479,0.397,Medium
52,53234.17,2.3,55753.57,777,3842.96,12,0,home_improvement,0.0722,1.0473,Low
35,41508.73,2.8,19075.13,642,1799.83,12,0,home_improvement,0.0434,0.4595,Medium
57,30202.27,3.3,12834.84,509,3844.35,7,0,home_improvement,0.1273,0.4249,Medium
40,96602.74,0.8,7614.34,708,24077.24,1,0,home_improvement,0.2492,0.0788,Medium
23,49154.82,2.3,6843.19,690,621.08,3,0,debt_consolidation,0.0126,0.1392,Low
57,80139.51,8.5,23443.87,628,4982.04,8,0,home_improvement,0.0622,0.2925,Low
60,27263.21,1.0,14154.35,696,25310.46,10,0,education,0.9283,0.5192,High
28,65806.43,6.5,17234.86,583,19592.23,12,0,home_improvement,0.2977,0.2619,Medium
60,83353.41,5.3,6754.53,688,9982.0,14,0,medical,0.1198,0.081,Low
64,43430.87,0.3,18519.11,710,5107.81,1,0,medical,0.1176,0.4264,Medium
43,38231.3,0.1,13968.72,678,10067.23,7,0,debt_consolidation,0.2633,0.3654,Medium
60,25536.5,2.2,6966.91,651,6374.53,8,0,debt_consolidation,0.2496,0.2728,Medium
31,31760.34,5.9,5690.58,638,18970.49,11,1,debt_consolidation,0.5973,0.1792,Medium
28,39092.4,2.0,13672.57,764,8736.94,2,0,home_improvement,0.2235,0.3497,Low
49,30092.9,5.5,20147.26,606,2704.9,14,0,other,0.0899,0.6695,Medium
50,33390.5,5.5,25252.85,658,23568.01,4,1,education,0.7058,0.7563,High
30,53053.09,8.2,15363.38,642,4089.17,3,0,other,0.0771,0.2896,Medium
59,56325.02,0.5,8235.2,677,2091.9,9,0,debt_consolidation,0.0371,0.1462,Low
48,84577.41,4.3,13526.46,751,6545.77,12,0,business,0.0774,0.1599,Low
56,33493.72,0.3,16533.72,747,9739.62,9,1,home_improvement,0.2908,0.4936,Medium
33,49592.39,1.0,8445.61,703,4598.34,11,0,business,0.0927,0.1703,Medium
52,39781.28,2.0,10068.35,670,5616.1,7,0,education,0.1412,0.2531,Low
56,38400.18,6.1,13593.5,683,18817.92,7,0,debt_consolidation,0.49,0.354,Medium
57,41853.49,18.2,15261.65,764,4206.28,10,0,debt_consolidation,0.1005,0.3646,Low
46,44440.76,2.1,6280.49,563,9151.08,4,0,debt_consolidation,0.2059,0.1413,Low
42,55558.85,3.7,9594.5,626,12718.86,4,0,debt_consolidation,0.2289,0.1727,Low
24,41556.99,1.5,14531.98,595,2689.17,14,0,education,0.0647,0.3497,High
51,90550.71,5.6,17999.18,704,4785.8,13,0,business,0.0529,0.1988,Low
38,20906.17,2.3,14526.91,631,16051.87,0,0,home_improvement,0.7678,0.6948,High
58,83031.62,3.3,15917.69,523,12044.97,4,0,medical,0.1451,0.1917,Medium
44,40771.89,4.2,15582.13,600,3177.35,0,0,education,0.0779,0.3822,Low
43,44604.21,5.8,8159.27,663,3975.26,11,0,other,0.0891,0.1829,High
42,48785.69,0.3,30540.71,687,274.22,13,0,education,0.0056,0.626,Low
22,69760.35,4.0,10606.9,637,11800.6,3,0,education,0.1692,0.152,High
51,31566.58,2.8,8493.34,575,7610.47,6,0,medical,0.2411,0.2691,High
31,35297.6,0.7,5569.61,764,1206.15,10,0,other,0.0342,0.1578,Medium
48,62961.57,1.2,9798.23,691,8707.93,11,0,debt_consolidation,0.1383,0.1556,Low
52,20971.31,10.8,8807.49,685,5692.69,10,0,business,0.2714,0.42,High
25,48190.48,10.3,10657.99,672,8297.36,1,0,home_improvement,0.1722,0.2212,Medium
58,32896.95,0.2,16172.21,561,7815.7,13,0,debt_consolidation,0.2376,0.4916,Medium
30,29610.53,5.8,27275.91,659,4262.11,14,0,debt_consolidation,0.1439,0.9211,Medium
60,21606.9,4.0,21760.39,466,1685.41,0,0,debt_consolidation,0.078,1.0071,High
44,72124.64,14.1,3991.46,683,3100.82,1,0,medical,0.043,0.0553,Low
55,53072.43,11.9,24463.46,385,3196.6,6,0,debt_consolidation,0.0602,0.4609,Medium
64,35026.47,4.3,18264.36,589,1153.57,2,0,other,0.0329,0.5214,High
43,45148.89,0.7,39372.6,653,5094.38,4,0,other,0.1128,0.872,High
37,28383.37,3.1,9111.93,671,8599.67,0,0,business,0.303,0.321,Low
21,37492.91,6.5,7298.45,549,2422.01,9,0,education,0.0646,0.1947,Medium
51,44392.55,15.2,22447.78,596,6259.31,9,0,home_improvement,0.141,0.5057,Medium
51,50613.58,2.3,20999.36,547,7870.13,14,0,debt_consolidation,0.1555,0.4149,High
62,59637.02,7.7,8900.81,743,8049.51,9,0,education,0.135,0.1492,Low
62,19872.14,5.7,11470.89,593,2586.99,7,0,home_improvement,0.1302,0.5772,Medium
54,59729.9,0.4,17805.23,645,30189.56,3,0,medical,0.5054,0.2981,High
29,20686.82,4.1,16469.08,667,5046.77,12,0,medical,0.2439,0.7961,High
42,60825.64,1.0,13072.41,703,1839.94,9,0,other,0.0302,0.2149,Low
33,44061.63,5.8,14120.9,690,3496.69,1,0,education,0.0794,0.3205,Low
45,84603.42,4.7,8176.43,697,1458.3,7,0,home_improvement,0.0172,0.0966,Low
38,34988.11,18.1,11836.25,556,3479.07,9,0,business,0.0994,0.3383,Low
32,72433.2,13.7,5818.88,683,13288.88,13,0,home_improvement,0.1835,0.0803,Medium
60,27345.39,0.0,13316.06,539,7464.26,4,0,education,0.273,0.4869,High
37,51686.09,0.4,5872.91,682,17586.63,1,1,debt_consolidation,0.3403,0.1136,Medium
35,17694.33,7.3,6890.53,751,5656.97,8,0,other,0.3197,0.3894,High
62,76231.61,5.8,90417.33,562,13236.3,5,0,debt_consolidation,0.1736,1.1861,Medium
35,116242.84,8.1,4273.59,536,1728.53,7,0,business,0.0149,0.0368,Medium
35,34575.09,1.6,23979.43,783,1973.81,14,0,debt_consolidation,0.0571,0.6935,Medium
59,52120.59,9.5,15730.28,603,6796.14,11,0,medical,0.1304,0.3018,Low
33,61201.01,2.9,15997.21,696,9860.15,11,0,business,0.1611,0.2614,Low
37,22581.19,1.5,7043.2,521,9301.38,1,0,business,0.4119,0.3119,Medium
52,33706.52,0.1,20700.58,723,1920.71,12,0,education,0.057,0.6141,Low
29,32679.23,10.3,4489.2,735,16679.89,4,0,debt_consolidation,0.5104,0.1374,Low
60,163330.63,3.8,9934.54,777,852.48,10,0,home_improvement,0.0052,0.0608,Low
40,82693.91,18.5,13509.84,793,18214.76,2,0,business,0.2203,0.1634,Low
46,43978.61,6.3,36240.95,576,1697.01,7,0,home_improvement,0.0386,0.824,Medium
47,72368.06,0.4,19798.36,749,17476.08,0,0,debt_consolidation,0.2415,0.2736,Low
41,54481.95,4.4,10311.18,690,2953.3,8,0,home_improvement,0.0542,0.1893,Low
38,65941.19,0.1,11301.05,646,5569.59,5,0,home_improvement,0.0845,0.1714,Medium
33,28947.61,4.1,18845.37,669,4551.08,12,0,debt_consolidation,0.1572,0.651,High
36,97410.39,2.2,6456.16,815,1440.46,0,0,education,0.0148,0.0663,Low
29,33393.94,5.2,26002.95,577,5272.94,2,0,debt_consolidation,0.1579,0.7786,Medium
32,34269.6,3.9,12620.88,664,1859.64,12,0,medical,0.0543,0.3683,Medium
64,65848.61,1.5,7902.05,743,2993.05,7,0,home_improvement,0.0455,0.12,Low
58,58272.2,0.9,5785.11,675,39393.59,7,0,home_improvement,0.676,0.0993,Medium
39,49591.68,2.6,2986.22,545,5633.74,2,0,debt_consolidation,0.1136,0.0602,Low
27,74592.86,21.7,38218.88,658,3557.12,9,0,home_improvement,0.0477,0.5124,Low
55,27432.19,2.9,4307.09,512,9294.4,7,0,medical,0.3388,0.157,High
38,123275.48,6.9,17813.55,618,7727.07,14,0,business,0.0627,0.1445,Medium
36,38164.93,0.3,17331.44,551,2117.65,5,0,medical,0.0555,0.4541,Medium
59,46901.01,2.4,10036.34,600,2010.28,14,0,other,0.0429,0.214,Medium
24,124232.91,4.3,12481.27,731,13677.75,6,0,business,0.1101,0.1005,Low
45,34381.71,7.0,10503.95,608,6100.17,1,0,debt_consolidation,0.1774,0.3055,Medium
52,81758.19,3.8,15271.17,645,27414.57,0,0,home_improvement,0.3353,0.1868,Low
60,44039.36,3.6,10578.08,780,1043.72,10,0,education,0.0237,0.2402,Low
33,32179.43,7.2,11231.41,673,13487.55,12,0,education,0.4191,0.349,Medium
37,40462.48,1.9,12712.49,645,7358.53,12,0,education,0.1819,0.3142,Low
57,65064.87,0.5,19438.29,626,2140.19,0,0,business,0.0329,0.2987,Medium
26,81400.21,2.1,19141.57,679,7106.45,13,1,other,0.0873,0.2352,Medium
39,54874.44,0.9,12395.77,756,1693.74,2,0,home_improvement,0.0309,0.2259,Low
33,22049.12,16.9,11478.25,573,7126.25,6,1,education,0.3232,0.5206,High
46,67357.25,4.3,18730.5,680,11610.4,8,0,home_improvement,0.1724,0.2781,Medium
34,45658.0,3.0,7975.63,548,4228.02,14,0,home_improvement,0.0926,0.1747,Low
51,28247.45,12.2,6638.55,503,3792.14,12,0,debt_consolidation,0.1342,0.235,High
24,58290.64,11.5,5973.21,675,2424.86,1,0,medical,0.0416,0.1025,Low
59,86415.28,2.7,15421.32,662,11423.45,5,0,debt_consolidation,0.1322,0.1785,Medium
28,49185.76,10.4,25759.88,497,5653.72,7,0,debt_consolidation,0.1149,0.5237,High
45,77782.08,0.3,13940.02,578,3599.8,10,1,debt_consolidation,0.0463,0.1792,Low
33,61771.54,10.8,15654.01,605,15406.57,8,0,education,0.2494,0.2534,Low
52,62171.51,1.9,9782.33,684,12966.74,9,0,debt_consolidation,0.2086,0.1573,Medium
58,42077.0,4.2,15618.12,765,4905.23,11,0,debt_consolidation,0.1166,0.3712,Medium
58,73817.29,1.6,14503.43,547,5239.07,2,1,business,0.071,0.1965,Medium
48,77426.89,20.9,17849.4,630,11423.74,4,0,home_improvement,0.1475,0.2305,Low
50,72862.83,0.4,3182.65,788,4880.26,4,0,other,0.067,0.0437,Low
23,41902.75,3.0,17276.66,751,1571.42,11,0,medical,0.0375,0.4123,Low
48,80220.94,4.9,19504.36,466,5666.62,10,0,home_improvement,0.0706,0.2431,Medium
23,59465.84,4.8,19229.36,621,8512.82,7,0,debt_consolidation,0.1432,0.3234,High
54,30146.9,6.7,12422.42,682,13248.23,0,0,business,0.4394,0.412,Medium
36,40507.96,6.4,38294.12,708,19013.37,10,0,other,0.4694,0.9453,High
42,37601.36,7.9,23446.22,740,24160.87,2,0,education,0.6425,0.6235,Low
52,18143.21,1.3,31919.52,511,3832.78,5,0,education,0.2112,1.7592,High
58,80959.68,2.3,17536.54,667,5048.89,5,0,home_improvement,0.0624,0.2166,Low
28,231097.13,2.4,13369.11,669,1264.12,3,0,debt_consolidation,0.0055,0.0579,Low
28,89695.33,15.6,19053.07,740,2812.61,14,0,other,0.0314,0.2124,Low
26,53179.57,2.6,9176.3,690,1259.29,4,0,home_improvement,0.0237,0.1725,Low
34,37876.67,1.3,21959.7,688,16293.01,9,0,debt_consolidation,0.4301,0.5798,High
52,30867.47,5.0,10174.09,680,4890.53,12,1,debt_consolidation,0.1584,0.3296,Medium
55,52855.8,2.8,9381.37,650,5611.13,2,0,debt_consolidation,0.1062,0.1775,Low
30,79550.97,1.4,6064.74,745,9236.82,14,0,home_improvement,0.1161,0.0762,Low
23,34986.19,6.3,24430.94,571,4999.8,12,0,medical,0.1429,0.6983,High
32,176686.12,1.1,44735.2,749,5575.87,3,0,debt_consolidation,0.0316,0.2532,Low
51,24538.62,5.0,30358.87,635,3698.27,13,0,education,0.1507,1.2371,High
49,54844.06,2.8,22939.61,606,6255.46,13,0,debt_consolidation,0.1141,0.4183,Medium
25,50774.38,1.9,23331.88,634,13648.33,9,0,debt_consolidation,0.2688,0.4595,Low
45,49183.49,14.6,22855.58,635,22284.4,9,1,debt_consolidation,0.4531,0.4647,High
61,36885.45,2.0,12383.47,795,2817.83,0,0,business,0.0764,0.3357,Low
51,51084.34,2.1,10626.94,552,11350.18,5,0,medical,0.2222,0.208,High
41,39148.38,10.2,7448.84,546,1701.43,4,0,education,0.0435,0.1903,Low
40,93334.46,0.7,40829.83,565,1700.11,13,0,medical,0.0182,0.4375,Medium
59,110236.91,0.6,11845.35,632,3388.85,13,0,medical,0.0307,0.1075,Low
42,40365.4,1.7,14551.92,587,3222.82,4,0,debt_consolidation,0.0798,0.3605,High
24,21536.72,4.5,6809.46,458,3554.63,11,0,business,0.165,0.3162,High
33,57458.81,2.4,8396.77,595,3727.1,12,1,education,0.0649,0.1461,High
62,56432.31,4.7,7400.38,557,7633.82,3,0,other,0.1353,0.1311,High
40,51668.63,0.9,10769.24,729,14559.89,8,0,education,0.2818,0.2084,Medium
33,63989.63,1.5,19586.75,700,21298.46,10,0,medical,0.3328,0.3061,High
37,97808.22,4.2,17672.91,678,8737.03,12,0,home_improvement,0.0893,0.1807,Low
56,74346.07,1.2,19169.92,512,13601.05,10,1,education,0.1829,0.2578,Medium
53,63941.1,2.7,13233.02,763,2474.48,8,0,home_improvement,0.0387,0.207,Low
21,71464.62,4.3,20937.12,584,9404.03,12,0,debt_consolidation,0.1316,0.293,Medium
35,55588.85,18.2,12228.71,715,3094.63,4,1,debt_consolidation,0.0557,0.22,Low
33,30554.88,0.4,17564.84,699,12442.88,6,1,medical,0.4072,0.5748,Medium
37,101237.87,3.1,10555.34,585,6860.52,2,0,debt_consolidation,0.0678,0.1043,Low
44,51600.77,2.5,25914.37,677,6228.43,14,0,other,0.1207,0.5022,Medium
28,30547.26,8.7,7808.73,657,2807.45,0,0,business,0.0919,0.2556,High
47,27889.64,11.5,26263.34,735,3031.09,0,0,business,0.1087,0.9417,Low
43,30980.1,11.9,16599.98,597,1476.0,2,0,debt_consolidation,0.0476,0.5358,Medium
28,26466.82,2.4,33199.57,663,3035.14,2,1,debt_consolidation,0.1147,1.2543,High
28,68489.94,1.8,8987.62,569,2687.85,4,0,education,0.0392,0.1312,Low
46,44911.28,3.0,11632.41,749,2611.57,7,0,home_improvement,0.0581,0.259,Low
33,72258.29,2.1,11441.42,640,3591.84,5,0,debt_consolidation,0.0497,0.1583,Low
59,87968.74,6.3,7958.79,575,27760.71,7,0,debt_consolidation,0.3156,0.0905,Medium
57,77295.5,1.2,43635.4,699,17406.08,6,0,debt_consolidation,0.2252,0.5645,Low
48,67306.47,5.4,8712.98,735,15757.74,0,0,medical,0.2341,0.1295,Low
45,56600.02,13.1,7672.16,612,3240.32,13,1,business,0.0572,0.1355,Medium
36,44570.1,1.6,31931.34,816,5047.46,9,0,debt_consolidation,0.1132,0.7164,Medium
22,46081.96,5.6,21157.95,771,3544.37,14,0,education,0.0769,0.4591,Low
38,65655.83,0.8,11917.17,653,1885.05,7,0,business,0.0287,0.1815,Low
37,30313.31,0.6,4396.18,615,4910.96,0,1,business,0.162,0.145,Medium
50,47717.7,0.6,37362.2,545,6045.97,4,0,home_improvement,0.1267,0.783,Medium
59,33812.27,0.7,42940.95,564,11876.26,2,0,debt_consolidation,0.3512,1.2699,High
33,88123.19,1.2,19268.65,499,5404.67,6,1,business,0.0613,0.2187,Medium
52,70159.65,4.1,18259.75,697,722.87,4,0,business,0.0103,0.2603,Low
49,142732.46,7.3,15103.21,644,2487.35,1,0,business,0.0174,0.1058,Low
50,33561.99,0.7,10323.81,607,3170.46,14,1,home_improvement,0.0945,0.3076,High
38,35410.48,10.2,27614.42,422,1297.55,0,1,business,0.0366,0.7798,Medium
33,50450.63,9.2,10614.15,692,3131.86,13,0,business,0.0621,0.2104,Low
63,34107.44,6.5,18671.12,646,10205.3,9,0,home_improvement,0.2992,0.5474,Medium
41,64139.13,2.8,15227.99,651,3187.0,5,0,medical,0.0497,0.2374,Low
50,47787.69,0.0,13265.51,650,8927.53,5,0,home_improvement,0.1868,0.2776,Medium
41,38397.0,6.6,8011.17,732,5244.82,13,0,debt_consolidation,0.1366,0.2086,Low
37,84440.49,10.6,6522.62,520,10142.85,7,0,debt_consolidation,0.1201,0.0772,High
60,19442.29,2.0,17974.08,838,1554.1,8,0,debt_consolidation,0.0799,0.9244,Medium
39,64283.39,6.3,10311.02,544,7145.62,12,0,debt_consolidation,0.1112,0.1604,Medium
35,37213.76,0.3,14569.75,631,2810.77,1,0,business,0.0755,0.3915,Medium
29,73745.72,6.2,15067.03,433,13861.07,12,0,home_improvement,0.188,0.2043,Medium
30,83127.25,0.4,16086.77,662,1763.79,4,0,debt_consolidation,0.0212,0.1935,Medium
64,15706.42,4.4,12432.2,624,11799.55,4,0,debt_consolidation,0.7512,0.7915,High
51,44098.84,4.6,19712.73,648,4929.36,14,0,medical,0.1118,0.447,Low
43,50468.05,1.8,12720.34,679,6408.16,13,0,other,0.127,0.252,Low
50,15079.36,0.4,11566.22,609,5446.68,9,0,medical,0.3612,0.767,High
53,54933.32,14.9,20810.97,774,1193.29,7,0,education,0.0217,0.3788,Low
29,37645.68,3.8,13575.44,609,8229.17,8,0,business,0.2186,0.3606,Low
21,26826.25,4.3,15357.5,692,4222.18,4,0,medical,0.1574,0.5725,Low
64,35410.21,4.8,23564.08,580,14235.67,4,0,business,0.402,0.6654,High
55,32478.81,11.1,17210.76,731,7793.26,14,0,home_improvement,0.2399,0.5299,Low
31,36848.54,0.3,23368.28,566,10091.2,2,0,debt_consolidation,0.2738,0.6342,Medium
54,53774.88,11.2,5173.99,630,4282.58,13,0,debt_consolidation,0.0796,0.0962,Low
36,80067.34,1.4,65243.11,600,7683.15,5,0,home_improvement,0.096,0.8148,Medium
29,47149.66,0.4,20585.16,674,8979.36,6,1,business,0.1904,0.4366,Low
52,85082.7,5.4,19135.29,579,11414.23,2,1,debt_consolidation,0.1342,0.2249,Medium
35,29057.19,18.9,12298.2,594,9846.06,14,0,debt_consolidation,0.3388,0.4232,Medium
32,52915.13,0.3,5431.81,636,12924.72,1,0,debt_consolidation,0.2442,0.1026,Medium
53,140548.2,2.8,20562.12,614,2700.33,13,0,home_improvement,0.0192,0.1463,Medium
34,22130.62,3.8,25989.27,652,4631.0,13,1,education,0.2092,1.1743,High
28,21712.02,1.5,4802.49,586,3622.06,11,0,debt_consolidation,0.1668,0.2212,Low
28,92965.7,20.3,22731.84,590,6773.81,12,0,home_improvement,0.0729,0.2445,Low
47,54735.22,5.1,33738.86,647,4139.13,1,0,debt_consolidation,0.0756,0.6164,Medium
32,36288.28,9.3,32933.19,761,2766.84,8,0,other,0.0762,0.9075,Low
21,27866.02,2.7,18374.84,625,3239.73,5,0,other,0.1163,0.6594,Low
63,48146.6,2.2,12749.06,707,4460.79,13,0,home_improvement,0.0926,0.2648,Low
60,52406.69,4.0,23593.56,681,4023.62,1,0,other,0.0768,0.4502,Low
62,52536.51,2.9,17125.41,585,2327.33,4,0,other,0.0443,0.326,High
31,27730.17,6.3,16626.78,708,4857.47,6,0,business,0.1752,0.5996,Medium
59,41420.27,1.5,9738.88,642,5400.32,0,1,home_improvement,0.1304,0.2351,Low
63,36899.69,3.0,5075.16,730,2902.49,13,1,debt_consolidation,0.0787,0.1375,Low
51,67725.76,11.3,22343.12,850,3233.54,10,0,business,0.0477,0.3299,Low
37,28560.37,7.1,10996.83,653,15010.62,12,0,medical,0.5256,0.385,High
53,50920.14,0.9,7419.87,747,1299.46,7,0,home_improvement,0.0255,0.1457,Low
52,182976.54,10.9,6854.62,733,5381.9,10,0,business,0.0294,0.0375,Low
49,27601.76,4.4,11981.29,615,18989.68,12,0,home_improvement,0.688,0.4341,High
41,33737.61,5.7,6413.92,613,3894.1,14,0,education,0.1154,0.1901,High
41,46773.35,1.7,25519.04,545,9763.33,5,0,business,0.2087,0.5456,High
60,11258.43,2.9,18489.1,742,1369.74,0,0,business,0.1217,1.6421,Medium
43,24018.66,8.2,26116.84,579,1171.02,7,0,debt_consolidation,0.0488,1.0873,High
26,57259.35,2.0,7197.56,603,4840.71,12,0,business,0.0845,0.1257,Low
42,44898.74,0.9,5783.16,802,2427.42,4,0,home_improvement,0.0541,0.1288,Low
58,83062.91,2.4,38338.41,609,8073.27,6,0,education,0.0972,0.4616,High
57,43518.33,0.4,8264.36,781,6564.57,9,0,business,0.1508,0.1899,Low
28,41644.64,6.3,14147.39,806,20816.27,3,0,debt_consolidation,0.4998,0.3397,Low
61,34494.83,0.8,8449.42,580,8615.65,1,1,business,0.2498,0.2449,Medium
55,41298.33,1.7,8158.41,709,4308.06,11,0,education,0.1043,0.1975,Low
31,26747.76,10.6,19090.18,688,7451.71,7,0,education,0.2786,0.7137,Medium
44,45536.39,3.9,12366.65,713,4505.38,3,0,home_improvement,0.0989,0.2716,Low
41,30163.01,1.9,29383.82,744,1716.62,13,0,education,0.0569,0.9741,Medium
22,26758.76,4.0,4581.56,505,9028.44,7,0,home_improvement,0.3374,0.1712,Medium
60,35606.07,1.2,13218.04,697,7583.82,8,0,home_improvement,0.213,0.3712,Low
39,61425.26,0.1,9830.7,706,2792.24,12,0,business,0.0455,0.16,Medium
59,52634.54,4.6,11528.52,611,17040.94,10,0,debt_consolidation,0.3238,0.219,Low
48,68446.2,6.3,12020.32,725,2843.84,12,0,debt_consolidation,0.0415,0.1756,Low
37,30896.0,10.6,19651.38,749,21118.94,3,0,debt_consolidation,0.6835,0.636,Low
26,48698.42,7.4,11953.01,611,4499.08,7,0,other,0.0924,0.2454,High
39,114794.18,13.1,12027.15,546,1304.76,3,0,debt_consolidation,0.0114,0.1048,Low
58,98593.18,21.3,37993.02,799,22126.13,13,0,business,0.2244,0.3853,Low
48,25917.7,6.8,6425.35,584,11441.31,7,0,business,0.4414,0.2479,Medium
22,29607.95,10.1,6963.85,543,10647.12,0,0,debt_consolidation,0.3596,0.2352,Medium
58,114546.39,5.6,40715.45,666,600.28,1,0,debt_consolidation,0.0052,0.3554,Low
57,61437.47,0.9,37248.12,469,899.7,11,0,debt_consolidation,0.0146,0.6063,Medium
24,44561.92,1.0,4554.9,656,11184.61,11,0,debt_consolidation,0.251,0.1022,Medium
42,42141.75,0.6,48330.68,717,11603.15,9,0,debt_consolidation,0.2753,1.1468,High
46,54925.33,14.3,18908.43,605,1562.74,2,1,education,0.0285,0.3443,Medium
63,55270.62,5.6,8733.13,692,7005.93,1,0,debt_consolidation,0.1268,0.158,Low
56,37549.65,7.8,13403.72,688,4705.47,9,1,medical,0.1253,0.357,Low
33,45179.55,2.0,10324.91,690,1882.49,7,1,business,0.0417,0.2285,High
52,36897.15,3.1,13364.98,618,3320.22,14,0,debt_consolidation,0.09,0.3622,Low
37,53336.18,0.2,10415.01,653,21857.05,9,0,debt_consolidation,0.4098,0.1953,Low
61,33901.56,11.0,6591.53,665,2446.35,11,1,business,0.0722,0.1944,Low
56,26007.15,9.6,6044.51,656,1222.87,10,0,debt_consolidation,0.047,0.2324,Low
39,102507.16,7.7,15200.86,637,3368.71,8,0,debt_consolidation,0.0329,0.1483,Medium
55,47344.8,0.3,8264.05,794,452.52,8,0,education,0.0096,0.1745,Low
60,114522.58,1.0,5686.19,676,3965.94,0,0,home_improvement,0.0346,0.0497,Low
48,18654.8,2.0,18377.92,683,1324.62,13,0,medical,0.071,0.9851,Medium
21,23748.23,1.5,18260.99,552,2066.98,12,0,other,0.087,0.7689,Medium
62,61907.55,9.1,18267.13,834,6007.08,12,0,home_improvement,0.097,0.2951,Low
38,47364.76,1.1,13998.45,720,1480.02,8,0,home_improvement,0.0312,0.2955,Low
60,27478.38,3.8,7895.54,677,2159.52,7,0,home_improvement,0.0786,0.2873,Medium
53,86530.11,4.2,27504.78,788,16893.14,7,0,medical,0.1952,0.3179,High
32,31731.12,2.8,22671.48,556,5562.69,2,0,other,0.1753,0.7145,High
28,89257.02,1.4,50899.41,562,6094.4,7,0,home_improvement,0.0683,0.5703,Low
44,47324.46,16.1,28458.4,735,8181.58,1,1,other,0.1729,0.6013,Medium
36,28710.97,2.7,16172.86,751,4991.97,1,0,business,0.1739,0.5633,Low
24,35088.57,6.5,38559.59,502,10737.72,3,0,debt_consolidation,0.306,1.0989,High
58,97350.83,1.0,13965.26,571,7906.34,6,0,debt_consolidation,0.0812,0.1435,Medium
64,42240.15,8.7,14034.22,529,2109.6,11,1,home_improvement,0.0499,0.3322,High
47,79711.6,1.2,12985.24,727,6789.91,3,0,home_improvement,0.0852,0.1629,Low
29,98737.5,5.6,9873.17,658,1417.23,1,0,medical,0.0144,0.1,Low
36,47088.7,3.5,50781.64,687,538.29,13,0,education,0.0114,1.0784,High
32,43844.45,0.8,8114.36,567,13971.8,4,0,debt_consolidation,0.3187,0.1851,High
51,40035.26,0.1,4941.39,671,4360.84,7,0,debt_consolidation,0.1089,0.1234,Low
44,58457.12,13.4,10099.1,527,11874.0,12,0,education,0.2031,0.1728,Medium
34,104085.19,0.7,16633.26,716,4792.22,13,0,home_improvement,0.046,0.1598,Low
45,26541.95,6.1,9657.03,794,8213.91,6,0,debt_consolidation,0.3095,0.3638,Low
54,54697.66,5.3,10793.24,469,13178.51,6,0,debt_consolidation,0.2409,0.1973,Medium
23,53526.91,2.1,4219.1,760,1519.74,8,0,debt_consolidation,0.0284,0.0788,Low
44,19888.69,1.0,6313.11,642,6918.11,11,0,other,0.3478,0.3174,Medium
62,31453.55,1.0,6057.6,678,8511.49,4,0,debt_consolidation,0.2706,0.1926,Medium
29,34847.25,4.4,22079.27,619,7970.84,3,0,business,0.2287,0.6336,High
46,71826.93,4.0,5764.51,565,1453.73,9,0,debt_consolidation,0.0202,0.0803,Medium
40,78391.87,10.4,9046.15,784,4692.72,10,0,other,0.0599,0.1154,Low
60,19193.19,5.1,11926.88,600,8779.98,11,1,business,0.4574,0.6214,High
30,67480.98,8.6,6994.03,773,8126.22,14,0,other,0.1204,0.1036,Low
39,63257.18,0.2,15765.59,714,20280.7,8,0,home_improvement,0.3206,0.2492,Medium
23,65459.92,5.6,17499.95,632,7963.02,10,0,home_improvement,0.1216,0.2673,Medium
44,52911.34,1.3,32116.62,787,2716.72,10,0,education,0.0513,0.607,Low
25,78843.48,1.5,13381.5,647,10704.46,12,0,other,0.1358,0.1697,Medium
23,88058.83,6.4,3753.92,756,10815.59,10,0,debt_consolidation,0.1228,0.0426,Medium
47,21656.64,7.9,9449.49,751,2156.04,0,0,home_improvement,0.0996,0.4363,Low
36,47840.98,2.3,11264.34,549,38728.1,14,0,other,0.8095,0.2354,High
35,43163.72,7.8,28948.61,589,39307.7,12,0,home_improvement,0.9106,0.6707,High
55,36813.74,2.9,11648.84,635,3097.13,5,0,other,0.0841,0.3164,Low
32,39055.77,9.7,17057.66,636,1475.43,10,0,business,0.0378,0.4367,Low
61,53819.54,0.1,11141.88,687,1970.59,2,0,home_improvement,0.0366,0.207,Medium
64,25634.53,0.4,18487.72,513,1771.62,5,1,home_improvement,0.0691,0.7212,Medium
46,68549.48,7.5,9148.14,647,1538.89,6,0,business,0.0224,0.1335,Medium
54,40759.29,4.9,4897.78,695,2895.45,0,0,education,0.071,0.1202,Low
43,75911.49,4.1,2759.21,719,1861.49,14,0,education,0.0245,0.0363,Low
51,35955.39,4.8,18123.85,604,18264.65,5,0,debt_consolidation,0.508,0.5041,Medium
40,34994.4,13.3,16266.27,569,1235.01,7,0,business,0.0353,0.4648,High
32,30554.53,5.3,17003.79,624,6352.69,4,0,medical,0.2079,0.5565,Medium
43,36055.79,5.2,14346.94,694,3758.28,4,0,home_improvement,0.1042,0.3979,Low
24,32836.14,7.1,4118.83,554,6832.54,6,0,debt_consolidation,0.2081,0.1254,High
43,60923.46,10.1,9064.25,628,4445.16,7,0,education,0.073,0.1488,Low
21,82747.88,1.5,12578.37,614,5530.77,13,0,debt_consolidation,0.0668,0.152,Medium
45,59512.05,4.8,8621.88,527,13495.98,14,0,other,0.2268,0.1449,Medium
22,47159.41,4.4,18795.71,524,3071.94,6,0,business,0.0651,0.3985,Medium
50,62532.63,0.7,12173.72,769,1363.34,2,0,education,0.0218,0.1947,Low
23,48136.22,3.7,19827.56,715,4741.76,5,0,home_improvement,0.0985,0.4119,Low
41,49726.17,0.4,26717.96,731,2524.62,8,0,home_improvement,0.0508,0.5373,Low
45,42052.77,1.0,17434.65,623,6583.97,13,0,business,0.1566,0.4146,Medium
40,74480.72,12.2,14786.47,662,2810.64,1,0,other,0.0377,0.1985,Low
42,13589.25,0.6,6071.81,696,2555.45,8,0,education,0.188,0.4468,Medium
41,16874.79,4.3,13841.49,776,14329.73,2,0,other,0.8491,0.8202,Medium
53,81929.32,2.0,5105.76,681,27722.78,2,0,other,0.3384,0.0623,High
58,44432.94,4.1,6477.52,597,2340.48,9,0,education,0.0527,0.1458,High
35,77545.25,1.3,15895.68,703,5094.97,1,0,debt_consolidation,0.0657,0.205,Low
35,36169.11,2.9,6251.73,423,3446.73,12,0,debt_consolidation,0.0953,0.1728,Medium
45,113223.84,10.1,52106.79,579,6437.67,13,0,medical,0.0569,0.4602,Low
41,45786.32,2.4,23114.64,658,3673.95,2,1,debt_consolidation,0.0802,0.5048,High
44,61371.19,2.2,13763.59,702,8490.66,12,0,home_improvement,0.1383,0.2243,Low
25,39199.8,3.0,2497.72,706,2146.58,6,0,education,0.0548,0.0637,Medium
26,31301.9,0.5,4278.2,618,13259.91,2,0,other,0.4236,0.1367,Low
63,20527.81,2.4,52436.8,639,4343.84,0,0,home_improvement,0.2116,2.5543,High
64,72609.57,0.0,9616.25,624,20767.73,3,0,medical,0.286,0.1324,High
43,59737.11,3.5,27178.93,705,20876.99,12,0,home_improvement,0.3495,0.455,High
24,51371.88,9.4,9776.98,693,5877.79,6,0,debt_consolidation,0.1144,0.1903,Low
47,27741.7,4.0,7336.03,642,3561.32,12,0,home_improvement,0.1284,0.2644,Medium
38,99482.1,4.7,7045.85,599,2965.62,12,0,home_improvement,0.0298,0.0708,Medium
41,51685.69,0.2,5318.99,681,6945.63,5,0,business,0.1344,0.1029,Low
48,69664.38,9.8,18777.38,658,7380.91,11,0,other,0.1059,0.2695,Low
55,48947.64,2.4,16786.21,771,3551.56,11,0,business,0.0726,0.3429,Medium
42,28432.53,18.4,9659.41,646,2405.47,9,1,debt_consolidation,0.0846,0.3397,Low
60,80516.56,0.6,3845.54,633,2050.85,2,0,home_improvement,0.0255,0.0478,Low
43,61413.45,14.5,11500.74,584,12287.74,14,0,home_improvement,0.2001,0.1873,Medium
23,44770.07,5.0,18701.25,772,1894.88,0,0,medical,0.0423,0.4177,Low
60,60890.67,0.3,50290.81,657,2868.03,7,0,business,0.0471,0.8259,Low
30,73774.75,17.8,24706.69,669,5329.5,12,0,home_improvement,0.0722,0.3349,Low
45,68193.4,0.1,14992.87,787,9875.03,1,0,debt_consolidation,0.1448,0.2199,Low
28,20833.9,6.6,8043.28,743,6150.48,4,1,education,0.2952,0.386,Low
31,23269.51,11.0,28225.38,539,1942.15,2,1,education,0.0835,1.2129,High
25,70715.82,1.0,14310.51,746,3304.06,3,0,debt_consolidation,0.0467,0.2024,Low
57,34611.45,2.1,14690.6,743,2717.26,13,0,education,0.0785,0.4244,Low
58,29018.64,4.1,27133.42,510,11368.66,2,0,debt_consolidation,0.3918,0.935,Medium
49,59044.82,5.7,11543.75,771,9292.66,2,0,business,0.1574,0.1955,Low
25,28581.87,10.3,22884.51,604,1851.89,14,0,business,0.0648,0.8006,Medium
29,38577.69,7.2,6500.52,711,4039.07,14,0,debt_consolidation,0.1047,0.1685,Low
22,75066.89,2.3,8704.02,609,5767.71,2,0,education,0.0768,0.1159,Medium
21,22992.63,8.6,17728.71,832,1532.16,9,0,debt_consolidation,0.0666,0.771,Low
60,24732.37,16.9,12888.46,667,11135.31,10,0,medical,0.4502,0.5211,Low
50,21905.69,1.3,11429.05,722,5986.91,10,0,debt_consolidation,0.2733,0.5217,Low
31,31869.91,0.4,6547.17,662,8663.72,14,0,home_improvement,0.2718,0.2054,Medium
48,51090.69,2.8,23776.62,566,1519.8,7,0,medical,0.0297,0.4654,High
64,35975.95,10.7,4962.42,643,4887.43,10,0,debt_consolidation,0.1358,0.1379,High
32,103950.96,0.8,22606.74,538,4462.77,0,0,medical,0.0429,0.2175,Low
59,61553.06,10.8,13774.42,674,2304.9,1,0,education,0.0374,0.2238,Low
46,48561.73,24.3,13903.78,633,4011.33,1,0,debt_consolidation,0.0826,0.2863,Low
33,92383.57,0.3,12969.06,539,10147.13,8,0,medical,0.1098,0.1404,Medium
28,25199.93,3.4,7952.64,614,2376.35,6,0,other,0.0943,0.3156,Medium
48,75605.61,2.0,13081.92,563,4906.96,9,0,education,0.0649,0.173,Medium
50,43558.96,2.5,16636.86,613,16562.49,6,0,medical,0.3802,0.3819,Low
29,39039.87,3.0,17107.49,638,1280.52,7,1,debt_consolidation,0.0328,0.4382,Medium
59,66538.47,6.7,12582.28,708,4787.89,12,0,home_improvement,0.072,0.1891,Low
51,39884.61,4.5,12482.71,580,2905.57,1,0,other,0.0728,0.313,Medium
41,53688.37,16.2,12427.53,584,7490.1,9,1,debt_consolidation,0.1395,0.2315,High
54,46632.11,2.0,11456.0,677,4031.54,10,0,home_improvement,0.0865,0.2457,Low
51,57138.07,3.9,4634.0,655,10786.58,0,0,other,0.1888,0.0811,Low
45,38042.52,8.4,9776.2,710,7139.85,11,0,business,0.1877,0.257,Low
32,77915.58,2.3,7163.26,634,5797.19,5,0,debt_consolidation,0.0744,0.0919,Low
21,17639.76,3.1,12122.24,694,9338.41,14,0,medical,0.5294,0.6872,Medium
42,67538.04,5.8,7704.53,418,4126.95,14,0,home_improvement,0.0611,0.1141,Medium
60,19041.58,9.9,16431.33,591,3163.67,14,0,debt_consolidation,0.1661,0.8629,High
57,33633.43,2.7,27254.3,653,5681.31,2,0,medical,0.1689,0.8103,Medium
21,63651.59,3.8,11027.75,641,3580.58,12,0,education,0.0563,0.1732,Low
21,17910.91,18.5,15730.02,662,1983.99,1,0,business,0.1108,0.8782,Low
62,53275.95,0.2,10057.86,720,2098.37,2,0,home_improvement,0.0394,0.1888,Medium
62,24694.28,3.0,12556.93,608,1798.51,3,0,education,0.0728,0.5085,High
41,30196.01,5.1,30226.12,674,4777.46,4,0,business,0.1582,1.001,High
35,29509.37,0.0,5286.15,631,4989.51,9,0,debt_consolidation,0.1691,0.1791,Medium
37,25042.59,4.5,8914.55,687,1333.36,9,1,medical,0.0532,0.356,High
42,20644.31,0.3,14233.71,689,11439.06,14,0,business,0.5541,0.6894,High
58,138080.72,9.7,12086.21,562,11972.84,3,0,medical,0.0867,0.0875,Medium
55,44746.31,8.2,10667.26,678,4173.88,7,0,debt_consolidation,0.0933,0.2384,Low
36,26404.47,0.2,6581.15,697,9902.86,5,0,debt_consolidation,0.375,0.2492,Medium
28,37009.8,0.3,17318.04,662,3441.25,6,0,home_improvement,0.093,0.4679,Medium
37,49927.66,7.0,12574.33,680,1406.88,3,0,medical,0.0282,0.2518,Low
37,40564.66,2.3,19648.47,663,4421.46,11,0,medical,0.109,0.4844,Medium
46,26018.92,4.3,24920.61,588,3627.71,12,0,education,0.1394,0.9578,High
33,31269.05,1.6,13027.68,613,6044.1,13,0,business,0.1933,0.4166,Medium
37,88686.08,0.9,29596.37,664,8631.36,6,1,home_improvement,0.0973,0.3337,High
58,24310.01,1.8,25015.61,644,11873.23,4,0,debt_consolidation,0.4884,1.029,High
37,18061.08,1.4,10281.82,597,2225.66,10,0,education,0.1232,0.5692,Medium
34,40377.28,3.0,32167.99,595,23955.3,11,0,medical,0.5933,0.7967,High
26,18660.08,6.9,19804.01,644,2304.19,1,0,medical,0.1235,1.0612,High
55,31104.67,4.0,28761.98,539,4929.47,8,0,debt_consolidation,0.1585,0.9247,Medium
34,26213.54,4.7,4459.48,610,6826.92,1,0,business,0.2604,0.1701,Low
28,26328.46,3.2,19974.92,750,4093.15,11,0,other,0.1555,0.7587,Low
35,50754.97,2.0,16106.58,672,921.16,1,0,medical,0.0181,0.3173,Low
47,55744.19,0.8,8183.07,614,1807.77,2,0,debt_consolidation,0.0324,0.1468,Low
33,32762.81,2.2,5436.11,613,3749.89,3,0,home_improvement,0.1145,0.1659,Low
51,46761.19,5.5,12206.45,842,5813.13,6,0,debt_consolidation,0.1243,0.261,Low
55,31956.78,6.6,13766.09,647,2237.75,4,0,medical,0.07,0.4308,Medium
26,59899.25,3.2,9386.63,693,6997.88,6,0,business,0.1168,0.1567,Low
25,23415.84,5.2,8517.68,592,6721.66,0,0,education,0.287,0.3637,Medium
42,53242.93,1.2,9609.4,689,8133.31,3,0,debt_consolidation,0.1528,0.1805,Medium
43,55300.67,9.8,8919.12,540,4674.55,1,0,education,0.0845,0.1613,Medium
45,157627.45,10.0,23355.87,618,3633.18,5,0,debt_consolidation,0.023,0.1482,Low
54,20389.56,1.9,8250.59,627,7053.27,1,0,other,0.3459,0.4046,Medium
46,184957.29,4.0,4978.78,478,4400.4,3,0,medical,0.0238,0.0269,Medium
25,71563.63,4.7,21406.69,687,13575.54,13,0,debt_consolidation,0.1897,0.2991,Medium
46,122229.7,3.2,23121.25,610,2046.25,4,0,education,0.0167,0.1892,Low
40,77082.58,12.1,12429.02,716,16903.02,7,0,home_improvement,0.2193,0.1612,Low
26,30583.93,6.7,6791.2,629,7840.67,4,0,education,0.2564,0.222,Low
26,68112.77,5.6,4173.25,572,4992.66,11,0,debt_consolidation,0.0733,0.0613,High
38,35142.75,3.7,13641.77,692,5667.96,1,0,debt_consolidation,0.1613,0.3882,Low
24,46907.26,0.4,18171.13,639,5159.29,14,0,debt_consolidation,0.11,0.3874,High
37,27245.88,0.6,8203.39,653,4702.66,9,0,home_improvement,0.1726,0.3011,Medium
34,34914.28,1.8,21616.54,691,13443.8,12,0,business,0.385,0.6191,High
34,76763.79,1.2,5659.25,667,16254.52,14,0,medical,0.2117,0.0737,Low
33,61021.3,15.2,13945.31,599,6438.39,13,0,debt_consolidation,0.1055,0.2285,Medium
27,81806.76,2.6,3942.71,514,7700.43,7,0,medical,0.0941,0.0482,High
64,24369.66,10.5,7560.45,574,2027.78,7,1,medical,0.0832,0.3102,Medium
35,19240.63,8.5,4669.01,635,3119.43,9,0,business,0.1621,0.2427,Low
39,85038.37,8.4,18741.01,648,6654.87,0,0,medical,0.0783,0.2204,Low
63,81947.69,1.2,16393.56,766,4563.0,8,0,home_improvement,0.0557,0.2,Low
64,54489.8,3.0,58066.24,816,6639.43,7,0,other,0.1218,1.0656,Low
55,60452.48,1.9,15011.27,641,1774.37,0,0,debt_consolidation,0.0294,0.2483,Low
37,75547.67,17.6,10323.12,685,6104.53,8,0,business,0.0808,0.1366,Low
55,53678.19,10.5,7195.37,613,25571.58,14,0,home_improvement,0.4764,0.134,Medium
39,64108.59,1.4,24136.59,596,2445.76,10,0,education,0.0381,0.3765,Medium
40,73674.45,1.9,65233.41,633,6228.54,8,1,home_improvement,0.0845,0.8854,High
56,46781.48,3.8,24474.83,602,3590.87,7,0,other,0.0768,0.5232,High
55,41241.59,1.6,15169.33,590,9992.77,10,0,debt_consolidation,0.2423,0.3678,Medium
52,59339.27,8.7,13930.92,606,5657.32,9,0,business,0.0953,0.2348,Medium
64,152102.06,8.6,5019.25,595,3428.52,6,0,debt_consolidation,0.0225,0.033,Medium
60,32085.46,6.4,22648.85,651,2719.15,5,0,other,0.0847,0.7059,Low
44,39522.68,5.8,8682.8,662,7103.14,4,0,debt_consolidation,0.1797,0.2197,Medium
37,20369.51,4.0,6496.69,558,3586.47,5,0,education,0.1761,0.3189,Low
27,60925.17,2.1,11940.42,678,34930.11,0,0,education,0.5733,0.196,Low
63,37610.3,9.1,8371.56,643,5692.73,0,0,other,0.1514,0.2226,Low
21,24338.96,9.8,7674.72,634,7250.83,8,0,other,0.2979,0.3153,Medium
55,47486.69,0.3,9963.27,676,1147.49,14,0,medical,0.0242,0.2098,Low
52,103498.85,2.5,4296.85,770,5635.14,5,0,business,0.0544,0.0415,Low
56,41109.19,0.1,11426.66,639,1345.76,2,0,business,0.0327,0.278,Medium
33,43033.88,9.1,15438.36,575,4041.3,8,0,debt_consolidation,0.0939,0.3587,Low
26,101504.0,1.0,7377.8,691,10008.75,2,0,business,0.0986,0.0727,Low
34,48898.2,5.6,29981.31,693,18930.15,8,0,education,0.3871,0.6131,Medium
57,26800.61,2.2,9477.4,671,12426.38,13,1,other,0.4636,0.3536,High
35,69182.25,8.5,6997.11,648,5562.92,4,0,debt_consolidation,0.0804,0.1011,Low
24,86016.69,3.6,21810.76,562,13720.05,0,0,home_improvement,0.1595,0.2536,High
60,44347.54,2.0,13886.94,558,20534.38,10,0,home_improvement,0.463,0.3131,High
36,52325.89,2.0,29885.34,619,2229.52,4,0,education,0.0426,0.5711,Low
48,25448.35,2.0,35046.4,568,11921.96,9,1,medical,0.4685,1.3771,Medium
36,31720.12,7.8,5832.08,715,2694.34,1,0,debt_consolidation,0.0849,0.1839,Medium
24,41501.31,6.2,50807.21,524,4189.5,12,0,business,0.1009,1.2242,High
46,50943.14,1.9,3258.63,645,6910.63,1,0,debt_consolidation,0.1357,0.064,Medium
48,35958.69,3.4,6241.86,638,12830.83,12,0,home_improvement,0.3568,0.1736,Medium
52,40725.53,0.4,5990.63,695,4117.49,0,0,other,0.1011,0.1471,Medium
22,46078.03,8.8,30006.34,708,2063.26,9,0,medical,0.0448,0.6512,Medium
51,29761.99,1.5,18241.29,588,1208.76,14,1,home_improvement,0.0406,0.6129,High
23,42855.94,11.0,15769.2,753,3847.51,3,0,home_improvement,0.0898,0.3679,Low
28,87375.48,4.5,3147.02,566,15301.24,3,0,business,0.1751,0.036,Low
44,36387.8,4.2,13179.03,719,3248.33,4,0,education,0.0893,0.3622,Low
35,31242.5,0.9,57694.6,698,12057.75,14,0,debt_consolidation,0.3859,1.8466,High
63,139046.3,0.4,18203.02,505,2639.54,14,0,debt_consolidation,0.019,0.1309,Low
51,54874.35,4.0,10972.12,565,5292.55,3,0,debt_consolidation,0.0964,0.1999,Medium
29,33308.93,3.2,25559.54,722,6180.09,12,0,debt_consolidation,0.1855,0.7673,Low
59,67626.17,0.6,14580.17,663,9161.43,1,0,education,0.1355,0.2156,Low
22,55717.73,9.0,9897.68,655,2090.01,4,0,home_improvement,0.0375,0.1776,Low
28,36860.91,2.7,8887.67,443,3831.23,7,0,education,0.1039,0.2411,Medium
27,47835.54,1.5,18497.31,636,11984.7,5,0,home_improvement,0.2505,0.3867,High
64,42373.58,7.8,11285.13,596,1625.29,4,0,education,0.0384,0.2663,Medium
59,80421.88,12.2,14768.46,551,8481.04,6,0,home_improvement,0.1055,0.1836,Low
62,68917.9,1.8,3313.53,704,1817.22,0,0,home_improvement,0.0264,0.0481,Low
36,16789.81,7.5,12510.41,654,4292.91,5,0,medical,0.2557,0.7451,High
55,126938.05,5.3,7072.11,581,5125.45,1,0,business,0.0404,0.0557,Low
50,42439.79,22.9,24892.16,589,2858.37,4,0,debt_consolidation,0.0673,0.5865,Low
30,115980.99,1.1,7076.55,659,9198.22,9,0,business,0.0793,0.061,Low
58,70124.36,16.2,8441.04,687,5561.31,3,0,debt_consolidation,0.0793,0.1204,Low
38,55498.71,1.9,5934.89,710,8082.36,12,0,business,0.1456,0.1069,Low
25,46766.33,2.7,21968.38,693,2890.19,11,0,education,0.0618,0.4697,High
49,194733.77,2.2,18218.68,648,13934.51,6,0,debt_consolidation,0.0716,0.0936,Low
59,42794.94,1.6,6919.42,583,9147.61,8,0,debt_consolidation,0.2137,0.1617,Medium
54,35043.12,5.9,7665.15,677,4232.27,8,0,debt_consolidation,0.1208,0.2187,Low
63,36656.48,4.4,21496.45,571,1888.39,9,0,medical,0.0515,0.5864,Medium
43,49046.77,1.8,45513.06,658,14658.8,0,0,debt_consolidation,0.2989,0.9279,Low
25,49003.98,0.7,17478.41,637,2234.72,6,0,education,0.0456,0.3567,Low
50,80984.41,1.9,26607.1,714,6918.65,6,0,debt_consolidation,0.0854,0.3285,Low
26,71619.63,2.4,11402.67,708,5262.78,4,0,medical,0.0735,0.1592,Low
64,71664.11,2.4,7062.62,697,4599.64,7,0,debt_consolidation,0.0642,0.0986,Low
24,43734.0,2.2,12082.55,688,1986.28,9,0,debt_consolidation,0.0454,0.2763,Low
49,68752.0,0.2,25630.24,643,2249.96,3,0,business,0.0327,0.3728,Low
43,72449.74,3.1,9511.51,774,15588.46,10,1,medical,0.2152,0.1313,Low
26,47114.54,9.0,10852.46,697,6158.0,0,0,education,0.1307,0.2303,Medium
52,56364.8,1.0,50761.84,769,10627.83,12,0,business,0.1886,0.9006,Low
62,72403.92,0.8,38496.53,734,820.84,3,1,debt_consolidation,0.0113,0.5317,Medium
38,54479.66,3.2,14559.02,616,3348.78,10,0,home_improvement,0.0615,0.2672,Medium
35,57141.68,2.3,27109.42,605,9402.94,1,0,medical,0.1646,0.4744,Medium
60,99066.6,4.1,6546.51,689,2958.21,12,0,education,0.0299,0.0661,Low
52,54693.86,14.7,19909.79,555,1170.27,2,0,debt_consolidation,0.0214,0.364,Low
29,36175.38,7.2,14244.09,622,8516.11,12,0,medical,0.2354,0.3937,Medium
57,25013.23,5.8,17204.2,595,1028.73,3,0,debt_consolidation,0.0411,0.6878,High
30,51874.13,2.7,5962.91,648,7012.74,6,0,other,0.1352,0.1149,Medium
40,41533.95,1.7,5271.17,480,5924.4,11,0,education,0.1426,0.1269,Medium
26,73435.08,3.9,9544.86,821,3838.0,8,0,education,0.0523,0.13,Low
23,107888.01,10.8,5883.03,706,5074.66,3,0,business,0.047,0.0545,Low
62,29294.28,10.5,7557.84,733,4861.21,1,1,medical,0.1659,0.258,Medium
31,31479.01,2.9,63043.86,662,9466.55,9,0,medical,0.3007,2.0027,High
63,48432.21,1.4,27971.72,746,7316.21,14,0,debt_consolidation,0.1511,0.5775,Medium
37,32860.75,1.3,16446.34,695,11202.84,12,0,education,0.3409,0.5005,High
52,43870.05,0.2,17502.5,716,24987.83,9,0,debt_consolidation,0.5696,0.399,High
24,37493.14,9.2,17157.75,689,2579.76,3,1,home_improvement,0.0688,0.4576,Medium
24,29617.22,1.5,11913.68,759,4397.25,7,0,other,0.1485,0.4022,Low
37,74083.1,2.2,16222.26,594,2519.97,10,0,home_improvement,0.034,0.219,Low
61,50901.16,8.3,23580.43,775,13229.21,1,0,home_improvement,0.2599,0.4633,Low
39,122416.49,0.6,11632.39,637,4132.61,11,1,home_improvement,0.0338,0.095,Low
25,58659.41,3.1,31770.47,586,4288.3,13,0,business,0.0731,0.5416,High
52,93364.47,0.7,11544.5,685,4730.33,11,1,medical,0.0507,0.1236,High
42,34050.56,2.9,7365.59,562,2550.14,7,0,business,0.0749,0.2163,Medium
26,33839.92,0.2,15637.07,611,744.35,4,0,other,0.022,0.4621,Medium
55,148811.44,3.6,11902.31,628,6186.16,12,0,medical,0.0416,0.08,Low
42,36153.97,7.9,11461.95,633,2834.34,1,0,business,0.0784,0.317,High
21,30498.27,5.6,22653.53,728,5165.28,7,1,home_improvement,0.1694,0.7428,Medium
40,27292.77,3.6,10742.98,716,32784.86,1,0,home_improvement,1.2012,0.3936,High
42,127755.72,8.8,7631.69,625,18665.75,3,0,business,0.1461,0.0597,Low
31,42729.78,1.3,10570.18,685,3943.26,1,0,medical,0.0923,0.2474,Low
33,59975.78,8.9,8572.06,819,6446.15,5,0,business,0.1075,0.1429,Low
62,52875.67,1.6,8514.22,554,7818.17,2,0,medical,0.1479,0.161,High
23,34142.4,2.3,24033.4,570,8787.81,6,0,debt_consolidation,0.2574,0.7039,Medium
29,42270.66,0.7,7234.46,654,2846.87,5,0,medical,0.0673,0.1711,Medium
32,74820.11,0.5,14344.75,850,3353.65,0,0,education,0.0448,0.1917,Low
43,26557.6,13.4,10945.32,584,9118.96,8,0,debt_consolidation,0.3434,0.4121,High
34,68671.13,1.1,12506.74,603,3296.34,11,0,home_improvement,0.048,0.1821,High
53,100410.18,2.0,3936.31,695,10513.98,6,1,debt_consolidation,0.1047,0.0392,High
38,56737.33,3.8,19658.99,726,3149.41,13,0,other,0.0555,0.3465,Low
61,95482.68,2.1,11289.61,651,12876.22,0,0,education,0.1349,0.1182,Low
29,24693.45,10.2,23930.35,668,3256.13,3,0,business,0.1319,0.9691,Medium
43,19633.23,11.5,16981.41,649,7069.15,3,0,other,0.36,0.8649,High
30,55343.92,2.0,13753.87,664,9991.35,5,1,other,0.1805,0.2485,Medium
39,36564.29,0.5,13419.23,534,2943.14,14,0,other,0.0805,0.367,High
25,76067.96,1.2,51209.48,664,21305.35,2,0,home_improvement,0.2801,0.6732,Low
43,41972.84,3.2,8251.48,653,17493.24,12,0,debt_consolidation,0.4168,0.1966,Medium
50,52764.62,1.7,15918.77,679,4729.12,1,0,education,0.0896,0.3017,Low
45,51046.48,3.0,15418.24,607,8254.59,2,0,home_improvement,0.1617,0.302,High
48,51867.21,7.1,5073.97,690,7222.49,12,0,debt_consolidation,0.1392,0.0978,Low
54,37372.01,2.7,12896.04,715,4393.89,3,0,debt_consolidation,0.1176,0.3451,Medium
45,24777.12,1.1,5247.4,850,1250.19,13,0,debt_consolidation,0.0505,0.2118,Low
30,43932.26,2.2,12826.29,613,3800.31,13,0,education,0.0865,0.2919,Medium
34,101216.88,6.8,5046.33,572,1588.39,7,0,debt_consolidation,0.0157,0.0499,Low
62,36155.55,2.8,16794.18,664,4467.72,10,0,business,0.1236,0.4645,High
50,36055.93,1.4,6273.36,692,28353.11,11,0,debt_consolidation,0.7863,0.174,High
61,53041.17,2.8,13264.83,660,2963.44,7,1,education,0.0559,0.2501,Medium
45,27212.96,3.0,5040.77,660,1593.85,0,0,other,0.0586,0.1852,Medium
34,80962.72,1.8,17771.51,606,9881.81,13,0,education,0.1221,0.2195,Medium
55,28542.01,27.2,12744.6,525,5801.7,11,0,home_improvement,0.2033,0.4465,Medium
54,42418.99,7.3,11963.5,750,19771.96,8,0,debt_consolidation,0.4661,0.282,Low
30,174460.6,5.9,14530.77,779,1189.83,3,0,home_improvement,0.0068,0.0833,Low
55,27686.99,9.7,18292.71,591,3314.02,13,1,home_improvement,0.1197,0.6607,Medium
31,102353.25,5.5,7977.89,601,2004.46,3,0,medical,0.0196,0.0779,Medium
31,52084.57,7.8,13223.99,523,8510.12,13,1,other,0.1634,0.2539,High
41,55891.02,2.7,10099.46,618,9761.11,13,0,other,0.1746,0.1807,Low
41,32706.18,3.5,29179.32,677,3047.38,12,0,business,0.0932,0.8921,Medium
42,73084.77,0.2,10457.21,598,7151.5,11,0,home_improvement,0.0979,0.1431,Medium
27,40824.5,1.6,8245.1,710,22107.05,11,0,debt_consolidation,0.5415,0.202,Medium
37,27614.81,2.3,5416.96,575,3613.93,3,0,home_improvement,0.1309,0.1962,High
22,101501.64,4.9,11379.07,700,14754.96,6,0,other,0.1454,0.1121,Low
32,40419.82,3.1,8826.2,675,987.89,1,0,medical,0.0244,0.2184,Medium
62,19347.3,4.7,16594.52,623,5004.67,6,0,debt_consolidation,0.2587,0.8577,Medium
38,42857.95,6.2,15263.79,630,17941.97,9,0,home_improvement,0.4186,0.3561,Low
31,73426.1,0.2,18373.73,707,1364.16,10,0,business,0.0186,0.2502,Low
36,67790.74,1.5,6276.11,850,12095.86,12,0,debt_consolidation,0.1784,0.0926,Low
38,35580.76,0.9,2592.65,640,1975.77,13,0,home_improvement,0.0555,0.0729,Medium
55,30069.28,1.0,13351.86,730,3315.42,1,1,business,0.1103,0.444,Low
46,24758.18,3.5,21892.74,780,3401.57,2,0,home_improvement,0.1374,0.8842,Low
36,48466.03,6.7,10549.4,597,3515.44,10,0,medical,0.0725,0.2177,Medium
26,52865.06,1.6,38989.2,579,8980.11,10,0,business,0.1699,0.7375,Medium
64,69876.2,8.7,12405.85,651,2318.73,4,1,education,0.0332,0.1775,Medium
63,45500.7,11.1,8590.98,664,66151.59,13,0,business,1.4538,0.1888,Medium
62,44831.49,2.2,17151.93,690,4506.82,0,0,home_improvement,0.1005,0.3826,Low
32,42648.76,5.7,30595.73,586,11667.32,12,0,business,0.2736,0.7174,Medium
33,52910.17,0.6,13018.58,710,10303.94,10,0,other,0.1947,0.246,High
24,45851.71,6.8,20998.54,561,3938.16,7,1,debt_consolidation,0.0859,0.458,High
59,78397.21,0.9,10366.94,649,5597.15,14,0,education,0.0714,0.1322,Low
22,57263.72,5.8,10508.48,675,3640.36,5,1,education,0.0636,0.1835,Medium
46,51740.75,2.7,26138.38,540,6676.98,3,1,education,0.129,0.5052,High
47,48008.52,13.2,4615.32,684,1795.67,13,0,home_improvement,0.0374,0.0961,Low
47,30610.17,3.1,7119.33,632,8058.91,13,0,debt_consolidation,0.2633,0.2326,High
35,49004.81,0.2,18927.08,614,7483.53,2,0,other,0.1527,0.3862,Medium
28,35480.41,3.3,10870.85,675,8244.09,6,0,debt_consolidation,0.2323,0.3064,High
27,58295.23,7.9,15980.24,533,5759.28,11,0,home_improvement,0.0988,0.2741,Low
60,44159.81,5.2,18393.76,682,1764.62,12,0,medical,0.04,0.4165,Low
32,112663.11,17.0,6057.87,554,2606.53,5,0,medical,0.0231,0.0538,Medium
33,26082.62,9.3,6028.07,678,7518.36,8,0,education,0.2882,0.2311,Medium
63,10401.87,3.7,26682.53,659,3697.04,1,0,home_improvement,0.3554,2.5649,High
37,56040.59,1.2,10596.94,770,2185.66,5,0,business,0.039,0.1891,Low
37,35538.67,0.0,8906.22,770,12231.76,9,1,home_improvement,0.3442,0.2506,High
56,53131.77,19.7,16682.58,712,3229.07,0,1,debt_consolidation,0.0608,0.314,Low
41,26428.05,13.9,24043.53,644,3406.23,3,1,home_improvement,0.1289,0.9097,Medium
28,127322.67,1.6,21315.01,649,4322.73,3,0,business,0.034,0.1674,Low
25,40406.44,5.1,17625.34,559,6875.19,8,0,debt_consolidation,0.1701,0.4362,Medium
46,34407.41,6.5,26758.01,506,5416.53,8,0,debt_consolidation,0.1574,0.7777,Medium
36,126152.41,4.3,18137.84,736,13634.17,7,1,debt_consolidation,0.1081,0.1438,Medium
56,74620.58,9.3,9580.93,615,6364.45,14,0,debt_consolidation,0.0853,0.1284,Medium
48,98199.39,0.4,15635.42,579,7118.9,7,0,debt_consolidation,0.0725,0.1592,Medium
49,44977.23,11.3,21375.56,508,2562.5,10,0,education,0.057,0.4752,Low
32,50184.17,2.5,8220.94,661,1547.08,4,0,home_improvement,0.0308,0.1638,Low
57,36374.99,3.3,9503.82,629,6575.59,10,0,debt_consolidation,0.1808,0.2613,Medium
50,34312.46,2.9,15037.22,595,19849.1,2,0,debt_consolidation,0.5785,0.4382,High
43,59821.43,3.8,20178.03,591,9640.87,12,0,business,0.1612,0.3373,Medium
36,40772.94,4.6,13174.6,671,12622.96,9,0,business,0.3096,0.3231,High
34,148807.61,6.2,15595.74,654,5487.98,14,0,other,0.0369,0.1048,Low
30,74702.04,3.7,3004.42,512,10571.41,4,1,business,0.1415,0.0402,High
27,125697.16,5.8,34876.81,578,10050.48,9,0,debt_consolidation,0.08,0.2775,Low
57,16085.28,2.1,21276.67,719,3769.87,6,1,business,0.2344,1.3227,High
49,126463.69,13.8,20674.65,589,3692.33,12,0,business,0.0292,0.1635,Low
23,14876.33,0.3,19640.39,723,3258.48,7,0,home_improvement,0.219,1.3202,Low
35,26096.19,3.9,20711.22,650,3128.17,7,0,education,0.1199,0.7936,Medium
56,20407.88,0.5,30780.41,611,1221.43,1,0,other,0.0598,1.5082,High
39,55355.13,2.9,26144.05,617,2648.55,6,0,debt_consolidation,0.0478,0.4723,High
33,48576.81,1.5,17272.46,696,2720.19,3,1,debt_consolidation,0.056,0.3556,Medium
62,72944.9,13.8,21663.99,574,4291.43,3,0,debt_consolidation,0.0588,0.297,High
41,46899.76,0.1,15782.02,542,17071.49,12,0,education,0.364,0.3365,High
57,90449.79,2.5,8463.15,591,6567.01,8,1,education,0.0726,0.0936,Medium
47,30750.25,7.6,9848.49,549,11953.73,6,0,debt_consolidation,0.3887,0.3203,Medium
49,91498.82,1.0,10381.73,564,1065.46,11,0,debt_consolidation,0.0116,0.1135,Medium
40,48273.1,8.5,12063.63,563,11942.35,4,0,medical,0.2474,0.2499,Medium
45,159202.16,9.8,11585.73,660,8104.73,13,0,business,0.0509,0.0728,Low
26,75807.58,6.2,6681.39,492,8668.41,4,0,business,0.1143,0.0881,Medium
56,42115.42,1.2,15159.51,657,4268.54,6,0,business,0.1014,0.3599,Medium
22,48192.73,1.6,20800.51,640,26775.26,11,0,debt_consolidation,0.5556,0.4316,Medium
42,29597.41,0.9,10103.88,706,7841.33,13,1,home_improvement,0.2649,0.3414,Medium
52,58669.78,1.0,10996.25,674,1997.73,12,0,business,0.034,0.1874,Low
36,42104.16,0.2,21007.24,671,3678.32,8,0,home_improvement,0.0874,0.4989,Medium
38,70409.55,9.7,14967.59,569,10966.22,5,0,home_improvement,0.1557,0.2126,Medium
25,25109.47,3.8,22671.39,616,6198.48,9,0,debt_consolidation,0.2468,0.9029,Medium
56,41571.23,2.0,20766.42,527,5872.23,6,0,home_improvement,0.1413,0.4995,High
50,27453.24,1.7,8311.24,743,11100.87,12,0,education,0.4043,0.3027,Medium
39,28320.16,3.9,15303.51,757,5691.34,13,0,other,0.201,0.5404,Low
43,66371.64,2.0,19150.26,686,16777.45,3,1,medical,0.2528,0.2885,Medium
54,86012.95,10.0,8796.79,551,20583.57,8,0,education,0.2393,0.1023,Low
33,15271.25,1.2,6633.29,700,3393.87,7,0,education,0.2222,0.4343,High
63,124360.17,10.7,13213.43,612,15083.16,8,0,home_improvement,0.1213,0.1063,Low
49,98917.71,5.5,3793.0,515,1811.34,4,0,home_improvement,0.0183,0.0383,Medium
56,25000.78,15.7,1822.3,619,4783.71,10,0,education,0.1913,0.0729,Low
42,74118.6,0.1,19157.98,731,4786.78,11,0,debt_consolidation,0.0646,0.2585,Low
56,38945.05,0.3,8468.41,632,8602.6,0,0,other,0.2209,0.2174,Low
29,46674.33,3.5,11146.77,658,3736.27,14,0,debt_consolidation,0.08,0.2388,Medium
59,66239.17,12.2,15439.73,553,4810.34,7,0,debt_consolidation,0.0726,0.2331,Medium
39,62317.52,6.6,13038.59,630,12755.49,11,0,debt_consolidation,0.2047,0.2092,Medium
58,36809.16,4.9,8432.14,627,20831.57,7,0,debt_consolidation,0.5659,0.2291,Medium
26,36731.27,0.2,43297.12,567,12932.01,12,0,debt_consolidation,0.3521,1.1787,High
35,37831.1,2.2,12744.93,663,15782.71,6,0,debt_consolidation,0.4172,0.3369,Medium
40,86804.5,2.1,69845.2,627,2357.03,6,0,home_improvement,0.0272,0.8046,High
29,19323.78,3.9,7601.75,692,1348.22,4,0,business,0.0698,0.3934,Medium
52,45208.62,1.5,10656.74,607,12841.95,7,0,business,0.2841,0.2357,Medium
24,107610.49,1.6,13558.39,660,2534.78,2,0,debt_consolidation,0.0236,0.126,Low
38,69692.76,4.8,13970.4,590,3171.03,14,0,education,0.0455,0.2005,Low
25,82907.6,14.5,24198.08,521,6820.88,10,0,debt_consolidation,0.0823,0.2919,Medium
40,45522.9,5.4,3302.51,734,6993.94,4,0,home_improvement,0.1536,0.0725,Low
43,27397.81,5.5,33398.44,611,7903.64,9,0,home_improvement,0.2885,1.219,Medium
31,50404.91,21.4,4337.8,575,3442.9,9,0,home_improvement,0.0683,0.0861,Medium
57,34736.01,0.8,8380.1,690,3994.98,8,0,debt_consolidation,0.115,0.2412,Medium
42,149543.6,0.2,13781.84,650,8159.72,10,0,debt_consolidation,0.0546,0.0922,Low
24,45293.17,6.8,17087.93,543,2543.85,7,0,debt_consolidation,0.0562,0.3773,Low
49,67422.19,2.9,11853.24,632,3619.47,8,0,medical,0.0537,0.1758,Low
64,114828.62,2.8,10025.23,516,17101.73,7,0,business,0.1489,0.0873,Medium
54,28328.55,1.3,13418.06,595,10020.38,13,0,education,0.3537,0.4736,High
33,15679.9,3.5,10523.45,757,3578.76,5,0,education,0.2282,0.6711,High
62,62630.45,2.9,25595.06,564,1273.79,6,0,debt_consolidation,0.0203,0.4087,High
29,68814.08,2.1,20231.88,592,3236.99,11,0,business,0.047,0.294,Low
62,39852.95,2.9,17466.53,665,8023.89,12,0,debt_consolidation,0.2013,0.4383,High
51,27498.13,2.4,24678.39,563,5454.38,13,1,education,0.1983,0.8974,High
27,57234.35,14.1,16463.3,591,5335.8,12,0,debt_consolidation,0.0932,0.2876,Medium
24,48442.2,19.6,11578.0,732,47423.64,13,0,other,0.979,0.239,Medium
39,57589.8,9.2,5088.78,575,10228.58,5,0,other,0.1776,0.0884,Medium
62,27820.32,23.2,40864.76,629,13135.3,1,0,debt_consolidation,0.4721,1.4688,Medium
50,57664.55,1.5,26206.81,592,7164.15,0,0,debt_consolidation,0.1242,0.4545,Medium
51,73848.26,9.3,6466.68,608,13615.2,0,0,debt_consolidation,0.1844,0.0876,High
55,23087.72,2.6,20731.26,660,9555.8,11,0,home_improvement,0.4139,0.8979,Medium
41,101743.31,6.9,17616.11,650,25434.67,6,0,education,0.25,0.1731,Low
51,55672.77,1.1,7585.8,601,1633.14,7,0,medical,0.0293,0.1363,Low
39,75017.17,8.4,30674.38,640,2790.2,0,0,home_improvement,0.0372,0.4089,Medium
51,25862.12,0.4,14753.0,723,1725.15,11,0,medical,0.0667,0.5704,Low
52,68960.73,1.6,6709.1,642,3532.64,0,0,medical,0.0512,0.0973,Low
22,21540.26,8.6,6434.23,648,5402.73,13,0,business,0.2508,0.2987,Medium
30,30512.04,6.9,17147.08,591,15104.81,6,0,home_improvement,0.495,0.562,Medium
22,55920.35,3.5,7533.26,691,28017.25,10,0,education,0.501,0.1347,Low
22,42703.02,5.6,8595.51,569,5403.63,12,0,education,0.1265,0.2013,High
44,49699.42,1.0,17236.45,756,5435.23,11,0,home_improvement,0.1094,0.3468,Medium
37,128501.19,5.5,8987.93,641,6359.98,4,0,education,0.0495,0.0699,Low
52,49311.23,0.0,10077.92,625,4645.88,12,0,medical,0.0942,0.2044,Medium
36,69902.09,9.0,8317.19,744,2879.99,8,0,business,0.0412,0.119,Low
36,47411.35,3.6,20000.25,706,4795.51,8,0,debt_consolidation,0.1011,0.4218,Medium
59,46714.4,14.4,28087.81,762,3023.23,14,0,home_improvement,0.0647,0.6013,Medium
51,30057.46,3.3,4798.99,722,4182.37,6,0,home_improvement,0.1391,0.1597,Low
63,58927.38,2.8,7402.1,601,5400.41,11,0,medical,0.0916,0.1256,Medium
44,174161.74,3.0,3470.57,610,5381.11,6,0,business,0.0309,0.0199,Low
21,51222.36,2.2,14413.25,668,5196.79,1,0,home_improvement,0.1015,0.2814,Medium
31,42894.38,0.9,15107.1,623,3371.5,1,1,home_improvement,0.0786,0.3522,High
41,86687.96,9.2,7556.55,727,8790.7,12,0,business,0.1014,0.0872,Low
24,81748.39,2.5,10280.16,574,11288.14,9,0,debt_consolidation,0.1381,0.1258,Medium
27,61054.9,3.8,17584.89,639,2110.82,10,0,medical,0.0346,0.288,Medium
46,42016.41,0.1,33903.78,620,4921.41,0,0,business,0.1171,0.8069,Medium
32,86873.97,0.3,8571.35,618,6549.33,13,0,debt_consolidation,0.0754,0.0987,High
51,52076.29,4.5,14266.57,648,6013.41,6,0,debt_consolidation,0.1155,0.2739,Medium
37,77410.69,10.6,18537.54,617,6212.33,4,0,other,0.0803,0.2395,Low
53,32544.1,3.4,39274.33,618,1248.26,0,0,debt_consolidation,0.0384,1.2068,Medium
31,36557.62,0.9,17004.39,561,19841.82,6,0,home_improvement,0.5427,0.4651,High
48,51453.82,0.6,42001.04,646,4640.68,6,0,debt_consolidation,0.0902,0.8163,High
52,26433.74,11.5,5626.08,593,4588.46,9,0,education,0.1736,0.2128,Medium
21,40743.41,6.0,17105.56,591,9174.61,2,0,debt_consolidation,0.2252,0.4198,Low
48,25854.26,16.9,11366.88,641,1450.68,2,0,debt_consolidation,0.0561,0.4396,Low
62,22643.4,0.4,13164.76,670,4158.53,3,0,home_improvement,0.1836,0.5814,Low
27,165710.3,11.6,6444.31,787,3638.95,6,0,education,0.022,0.0389,Low
22,36152.91,9.3,27821.16,598,13065.96,12,0,debt_consolidation,0.3614,0.7695,High
62,37778.05,11.2,18942.81,707,5292.45,6,0,debt_consolidation,0.1401,0.5014,Low
44,51026.97,0.0,15183.97,628,2649.69,10,0,business,0.0519,0.2976,Medium
24,28828.83,6.8,4778.72,768,5180.58,12,0,education,0.1797,0.1658,Low
64,38145.61,4.0,23110.39,806,4825.19,12,0,debt_consolidation,0.1265,0.6058,Low
39,122664.05,4.3,8965.64,572,2329.19,7,0,other,0.019,0.0731,Medium
46,58632.81,3.2,8346.46,661,4455.4,12,0,home_improvement,0.076,0.1423,High
31,80261.14,6.8,5406.97,678,12735.26,8,0,home_improvement,0.1587,0.0674,Low
60,107666.8,40.0,10939.04,761,7696.88,4,1,medical,0.0715,0.1016,Low
63,54465.61,6.2,9587.02,576,15437.74,14,0,debt_consolidation,0.2834,0.176,High
31,43887.17,5.7,29881.53,731,6895.54,14,0,debt_consolidation,0.1571,0.6809,Medium
23,23934.42,5.3,7315.42,653,6213.74,9,0,medical,0.2596,0.3056,Medium
32,40479.59,5.9,8679.22,503,1094.37,10,0,business,0.027,0.2144,Low
23,45195.42,2.1,9374.85,643,8799.74,7,0,business,0.1947,0.2074,Medium
62,32740.27,1.9,8173.39,704,1628.98,0,1,home_improvement,0.0498,0.2496,Low
47,106150.45,7.7,6022.8,759,17271.14,14,0,business,0.1627,0.0567,Low
22,85062.99,0.3,19723.13,663,5055.17,10,0,medical,0.0594,0.2319,Low
36,80239.49,7.1,12042.25,645,6462.38,1,0,other,0.0805,0.1501,Low
22,46253.79,8.4,9666.27,506,3813.62,7,0,home_improvement,0.0824,0.209,Medium
50,29245.59,3.7,9037.31,677,1818.34,7,0,debt_consolidation,0.0622,0.309,High
40,95225.28,12.0,14406.25,598,7312.33,8,0,home_improvement,0.0768,0.1513,Low
58,57969.98,3.2,9077.13,627,1291.99,11,0,home_improvement,0.0223,0.1566,Low
48,72152.79,1.0,12824.38,721,3561.29,6,0,home_improvement,0.0494,0.1777,Low
45,66811.04,2.2,17792.39,693,3143.83,7,0,debt_consolidation,0.0471,0.2663,Low
52,57257.48,11.8,16426.08,688,2811.73,1,1,business,0.0491,0.2869,Medium
30,133226.76,25.4,31655.29,579,12625.16,7,1,other,0.0948,0.2376,High
62,35288.17,2.7,24029.03,537,4781.77,14,0,debt_consolidation,0.1355,0.6809,High
60,42004.63,0.9,16290.0,594,3163.78,14,0,business,0.0753,0.3878,Low
53,111366.22,1.7,16798.02,550,1855.3,11,0,other,0.0167,0.1508,Low
33,51074.04,4.0,43317.4,737,7953.67,2,0,home_improvement,0.1557,0.8481,Low
61,46029.29,4.2,8275.97,665,11736.95,9,0,business,0.255,0.1798,Low
62,43195.71,5.0,18004.69,798,5516.14,3,0,debt_consolidation,0.1277,0.4168,Low
57,68847.65,9.0,7962.32,686,7529.87,11,1,business,0.1094,0.1156,Medium
36,43711.11,6.2,22030.99,764,12104.17,6,0,home_improvement,0.2769,0.504,Low
42,41325.02,1.5,19596.43,684,5456.56,6,0,education,0.132,0.4742,Medium
40,68282.43,2.5,11529.93,739,16937.12,5,0,business,0.248,0.1689,Low
63,51360.7,9.2,29103.88,651,21095.76,0,0,debt_consolidation,0.4107,0.5666,Medium
47,29592.51,5.0,13851.24,750,7318.51,8,0,debt_consolidation,0.2473,0.468,Low
61,49811.85,0.9,16340.36,719,1833.68,2,0,medical,0.0368,0.328,Medium
36,98446.23,2.0,5067.03,539,9181.36,9,0,business,0.0933,0.0515,High
54,71872.79,7.8,51617.73,722,6472.37,14,1,debt_consolidation,0.0901,0.7182,High
52,104714.18,0.9,7190.4,704,1653.22,3,0,home_improvement,0.0158,0.0687,Medium
46,34007.96,5.9,6335.58,496,3734.11,14,1,education,0.1098,0.1863,High
45,83710.1,4.1,19395.04,639,6897.13,1,0,business,0.0824,0.2317,Medium
22,35445.14,0.8,14806.36,734,5165.07,4,0,medical,0.1457,0.4177,Low
32,26470.96,5.8,5325.54,476,2850.34,13,0,debt_consolidation,0.1077,0.2012,Medium
60,32809.33,0.8,7987.02,704,2833.11,5,0,medical,0.0863,0.2434,High
29,52349.89,2.5,10482.22,680,2599.3,10,0,home_improvement,0.0497,0.2002,Medium
32,81959.11,1.8,8553.0,654,4616.64,5,0,other,0.0563,0.1044,High
46,57251.43,5.9,15029.77,850,4728.48,13,0,medical,0.0826,0.2625,Low
29,45404.17,7.6,23354.89,708,28006.93,10,0,other,0.6168,0.5144,Low
30,29257.59,0.9,49958.61,607,3797.95,13,0,medical,0.1298,1.7075,Medium
52,69749.51,8.4,5332.73,627,577.78,13,0,education,0.0083,0.0765,Low
54,79364.89,0.0,12839.78,722,2444.4,13,0,education,0.0308,0.1618,Low
40,56905.19,3.8,14055.2,699,2817.87,0,1,business,0.0495,0.247,Low
59,28964.92,3.6,13942.54,629,5687.66,13,0,home_improvement,0.1964,0.4813,High
22,73449.59,4.9,15057.63,730,2974.45,13,0,home_improvement,0.0405,0.205,Low
21,90546.82,1.4,14042.22,567,21698.16,3,0,home_improvement,0.2396,0.1551,Medium
56,105504.45,0.0,26818.82,721,4714.01,9,0,business,0.0447,0.2542,Low
44,39385.44,3.0,16854.13,613,3035.6,3,0,education,0.0771,0.4279,Medium
47,60970.93,0.4,5391.41,702,3309.34,2,0,home_improvement,0.0543,0.0884,Low
22,37523.93,11.1,6060.14,795,4224.98,6,0,education,0.1126,0.1615,Low
51,30909.51,1.0,23029.81,501,9258.42,3,0,home_improvement,0.2995,0.745,High
34,108185.44,2.8,17958.16,622,3707.3,6,0,business,0.0343,0.166,Medium
22,65009.17,2.8,11320.63,475,6214.24,2,0,education,0.0956,0.1741,Medium
49,93561.46,4.0,17735.92,701,5859.15,12,0,home_improvement,0.0626,0.1896,Low
35,26571.31,7.6,19285.91,743,1801.76,3,0,business,0.0678,0.7258,Low
32,56625.21,3.2,24503.0,597,6679.86,2,0,debt_consolidation,0.118,0.4327,Medium
57,63205.69,0.1,11628.98,685,7084.11,3,0,home_improvement,0.1121,0.184,Low
48,32335.17,7.4,21549.13,676,7480.62,14,0,medical,0.2313,0.6664,Medium
40,103147.91,0.4,12374.4,678,3741.72,11,0,debt_consolidation,0.0363,0.12,Low
59,43357.72,5.1,5517.97,702,4173.1,9,0,debt_consolidation,0.0962,0.1273,Low
44,61501.55,8.1,16861.33,694,3233.57,3,0,education,0.0526,0.2742,Low
41,37230.02,1.7,28558.81,614,9528.02,11,0,home_improvement,0.2559,0.7671,Medium
30,26978.52,3.0,21326.58,621,1796.27,13,0,home_improvement,0.0666,0.7905,High
34,77383.59,0.1,27435.9,531,5450.96,3,0,medical,0.0704,0.3545,Medium
57,59250.86,8.1,14849.65,480,31969.01,2,1,debt_consolidation,0.5395,0.2506,Medium
38,55194.9,6.1,8047.39,647,5329.38,10,0,other,0.0966,0.1458,Low
44,42655.68,1.3,15001.5,787,16871.8,5,0,debt_consolidation,0.3955,0.3517,Medium
34,58449.29,2.5,10671.35,572,3598.61,14,0,debt_consolidation,0.0616,0.1826,Low
54,92329.48,5.9,16263.27,603,5925.24,11,0,education,0.0642,0.1761,Medium
32,34825.15,2.2,13838.89,655,2680.92,4,1,debt_consolidation,0.077,0.3974,High
42,64869.73,0.9,24770.69,623,1433.49,5,0,debt_consolidation,0.0221,0.3818,Low
26,54243.86,3.7,5825.66,648,2948.18,11,0,debt_consolidation,0.0543,0.1074,Low
56,44702.86,6.4,3286.63,678,2809.96,6,0,business,0.0629,0.0735,Low
56,21530.41,1.9,14004.58,667,2901.39,3,0,medical,0.1348,0.6504,Medium
42,48727.74,0.6,10792.12,573,7498.88,13,0,debt_consolidation,0.1539,0.2215,High
34,68620.34,8.8,9784.01,565,3762.18,10,0,home_improvement,0.0548,0.1426,Low
36,57640.82,1.5,8742.96,667,3065.76,8,0,education,0.0532,0.1517,Medium
56,23876.81,3.6,13074.03,542,3509.61,0,0,home_improvement,0.147,0.5475,High
45,91448.16,5.9,17111.03,737,3342.38,11,0,debt_consolidation,0.0365,0.1871,Low
52,111743.36,1.9,18582.22,673,3860.24,7,0,other,0.0345,0.1663,Medium
53,46409.12,5.2,2418.38,740,15671.23,12,0,education,0.3377,0.0521,Low
56,155676.93,3.1,12553.93,691,10833.88,1,0,other,0.0696,0.0806,Low
40,32377.69,4.2,4584.06,644,604.37,2,0,education,0.0187,0.1416,Medium
38,25950.61,4.5,22793.03,731,3367.45,1,0,home_improvement,0.1298,0.8783,High
58,29513.09,8.7,19403.13,648,9258.48,9,0,debt_consolidation,0.3137,0.6574,Medium
23,55412.99,5.3,7048.26,617,5544.1,5,0,home_improvement,0.1,0.1272,Low
43,20147.31,1.5,14089.15,518,3117.5,4,0,home_improvement,0.1547,0.6993,High
52,41963.0,0.3,4016.12,638,1291.27,12,0,business,0.0308,0.0957,Medium
36,212622.84,0.0,17363.09,586,9393.54,6,1,debt_consolidation,0.0442,0.0817,High
25,23111.55,11.7,17514.84,591,6447.55,8,0,business,0.279,0.7578,High
24,37288.69,14.2,21054.08,610,916.72,6,0,home_improvement,0.0246,0.5646,Medium
41,29201.22,0.5,19397.83,691,508.4,10,0,education,0.0174,0.6643,Medium
60,42514.12,3.3,9671.51,568,7000.5,8,0,debt_consolidation,0.1647,0.2275,High
34,41188.79,0.8,7205.55,545,9951.01,12,0,medical,0.2416,0.1749,Medium
59,35074.14,14.9,8797.39,507,4638.48,4,1,other,0.1322,0.2508,Medium
51,45335.59,1.4,12390.99,684,21890.2,14,0,debt_consolidation,0.4828,0.2733,Medium
34,67278.96,3.5,6258.41,704,6903.88,13,0,business,0.1026,0.093,Low
26,97995.12,0.9,10855.62,607,4000.38,2,1,business,0.0408,0.1108,Medium
32,42522.44,2.0,10856.97,612,7554.7,2,0,home_improvement,0.1777,0.2553,Medium
36,49162.8,1.6,26124.18,719,1825.96,3,0,debt_consolidation,0.0371,0.5314,High
37,61798.1,3.2,17719.25,638,2946.33,11,0,education,0.0477,0.2867,Low
43,26426.19,2.7,8676.4,680,1794.71,1,0,home_improvement,0.0679,0.3283,Medium
34,45418.49,2.0,15915.3,668,9148.36,2,0,debt_consolidation,0.2014,0.3504,Medium
27,38072.01,0.6,17197.05,570,10297.39,10,0,debt_consolidation,0.2705,0.4517,Medium
52,78902.37,3.3,4716.88,684,7818.92,8,0,other,0.0991,0.0598,Low
35,117702.17,9.5,46418.09,663,5923.27,8,0,home_improvement,0.0503,0.3944,Low
64,33238.65,6.6,11976.48,604,933.81,11,0,education,0.0281,0.3603,Low
37,92966.56,6.4,7781.57,623,16505.75,7,0,debt_consolidation,0.1775,0.0837,Medium
61,23642.8,2.3,13522.53,540,496.74,1,0,business,0.021,0.5719,Medium
64,54194.62,6.2,7698.38,714,5216.57,12,0,debt_consolidation,0.0963,0.142,Medium
54,55826.19,3.1,4648.68,665,3031.11,11,0,home_improvement,0.0543,0.0833,Low
25,23342.77,0.8,18731.02,660,3674.92,8,0,debt_consolidation,0.1574,0.8024,Medium
47,32395.88,2.7,13703.72,656,3089.81,4,0,home_improvement,0.0954,0.423,Low
43,30857.64,0.7,15626.41,681,5000.76,7,1,business,0.1621,0.5064,High
60,25445.66,0.6,4842.21,530,15187.11,5,1,home_improvement,0.5968,0.1903,High
34,12924.64,0.1,17560.99,850,5012.76,1,0,debt_consolidation,0.3878,1.3586,High
35,44195.37,1.7,11658.49,707,4971.7,0,0,education,0.1125,0.2638,Low
63,46939.42,2.0,6297.96,679,3205.27,3,1,business,0.0683,0.1342,Medium
53,46755.5,6.0,7739.04,798,2739.45,3,0,business,0.0586,0.1655,Low
51,71887.17,3.9,34313.17,678,7830.03,6,0,home_improvement,0.1089,0.4773,Low
55,18603.12,9.8,10277.93,804,5378.19,1,0,debt_consolidation,0.2891,0.5525,Medium
37,40516.92,1.0,33403.23,820,8024.46,3,1,debt_consolidation,0.198,0.8244,High
48,176308.21,1.5,7515.99,759,13132.54,9,1,other,0.0745,0.0426,Low
39,76372.5,14.2,9465.58,650,2830.46,14,0,education,0.0371,0.1239,Low
43,76590.77,2.9,10409.91,645,21321.24,10,0,debt_consolidation,0.2784,0.1359,Medium
52,29486.94,7.8,21266.16,621,5630.62,0,0,business,0.1909,0.7212,High
60,44446.79,3.4,15505.94,715,4784.37,6,0,debt_consolidation,0.1076,0.3489,Low
33,15522.87,3.2,14779.71,568,6855.74,10,0,debt_consolidation,0.4416,0.9521,Medium
40,65692.57,0.8,24895.37,638,7743.85,2,0,medical,0.1179,0.379,Low
55,98730.53,9.5,19223.07,475,7421.8,11,0,other,0.0752,0.1947,Low
25,23744.38,0.4,5906.9,567,18947.46,7,0,medical,0.7979,0.2488,High
29,27461.98,1.9,23689.7,658,2736.41,12,0,business,0.0996,0.8626,Medium
49,48242.03,5.6,7027.71,697,1107.13,11,1,home_improvement,0.0229,0.1457,Medium
26,52925.84,3.5,24125.74,731,2395.69,0,0,debt_consolidation,0.0453,0.4558,Low
45,37389.2,10.7,17399.92,656,3959.85,11,0,education,0.1059,0.4654,Low
51,32608.07,0.2,18787.44,606,1698.01,0,0,business,0.0521,0.5761,Medium
42,32783.2,5.2,10255.65,603,3367.81,12,0,business,0.1027,0.3128,Low
22,47833.64,3.2,6977.04,598,1844.1,13,0,debt_consolidation,0.0386,0.1459,Low
25,65714.09,0.8,12199.02,813,1454.74,12,0,home_improvement,0.0221,0.1856,Low
47,47827.16,6.8,15926.94,616,8216.55,12,0,debt_consolidation,0.1718,0.333,Low
45,45595.76,2.6,18847.93,681,11101.07,14,0,business,0.2435,0.4134,Medium
28,20340.57,3.8,9804.14,631,3334.9,8,0,business,0.1639,0.482,Medium
21,75624.03,17.1,8911.33,698,12134.81,4,0,debt_consolidation,0.1605,0.1178,Low
40,47777.25,3.3,11039.92,572,10615.15,10,0,home_improvement,0.2222,0.2311,Medium
64,39406.53,8.7,21576.3,607,2244.75,3,0,debt_consolidation,0.057,0.5475,Medium
43,55690.74,7.3,4525.74,686,5046.57,3,0,debt_consolidation,0.0906,0.0813,Medium
52,32147.66,5.4,11291.52,596,2817.63,7,0,business,0.0876,0.3512,Medium
31,39817.84,11.4,8809.5,704,6206.77,8,0,home_improvement,0.1559,0.2212,Low
59,51730.03,1.4,18002.11,692,3862.63,14,0,business,0.0747,0.348,Medium
44,34916.78,8.6,25411.16,650,20221.16,13,0,home_improvement,0.5791,0.7277,High
31,21529.13,2.4,5024.48,633,1537.14,6,0,debt_consolidation,0.0714,0.2334,Medium
49,19846.12,8.4,16165.17,635,2385.96,14,0,education,0.1202,0.8145,High
46,61259.02,3.4,22711.59,716,5710.64,7,0,other,0.0932,0.3707,Low
36,48264.21,9.7,7413.31,691,5588.22,1,0,debt_consolidation,0.1158,0.1536,Low
55,47418.38,11.3,23884.56,776,2397.35,14,0,debt_consolidation,0.0506,0.5037,Low
40,27421.94,4.6,7356.5,550,2809.18,14,0,medical,0.1024,0.2683,Medium
23,48519.71,3.5,19063.19,535,3765.65,9,1,debt_consolidation,0.0776,0.3929,High
21,40125.72,7.6,26994.96,622,2272.49,6,0,home_improvement,0.0566,0.6727,Low
21,36314.38,1.6,8476.69,632,3060.21,3,0,debt_consolidation,0.0843,0.2334,Medium
37,47215.36,0.1,11400.4,644,4491.4,7,1,business,0.0951,0.2415,Medium
22,56852.5,2.6,26059.22,772,3480.44,9,0,home_improvement,0.0612,0.4584,Low
49,117589.08,3.5,3230.44,677,2762.08,7,0,home_improvement,0.0235,0.0275,Low
40,65032.78,1.8,17893.57,668,6433.69,9,0,debt_consolidation,0.0989,0.2751,Medium
26,75265.82,2.4,39295.66,606,2006.05,1,0,other,0.0267,0.5221,High
28,85163.44,0.7,2234.21,638,6118.05,8,0,debt_consolidation,0.0718,0.0262,Medium
49,33456.08,1.6,25499.83,662,4281.27,5,1,debt_consolidation,0.128,0.7622,High
53,41754.3,1.4,21916.38,638,1533.9,10,0,home_improvement,0.0367,0.5249,Medium
23,31180.39,1.8,12935.4,663,1980.38,4,0,medical,0.0635,0.4148,Low
55,34859.78,1.8,17084.25,683,576.94,14,0,other,0.0165,0.4901,Low
25,39572.07,4.1,15481.44,724,10084.72,13,0,debt_consolidation,0.2548,0.3912,Low
47,34446.83,1.4,9637.91,724,3886.78,8,0,other,0.1128,0.2798,Low
64,54833.21,14.1,28065.43,679,6380.92,2,0,other,0.1164,0.5118,Low
32,60865.49,3.6,13309.64,751,9282.08,4,0,other,0.1525,0.2187,Low
40,25512.62,0.7,16918.63,676,2212.94,4,0,other,0.0867,0.6631,Medium
40,41938.48,1.6,7509.79,587,3147.17,7,0,medical,0.075,0.1791,High
29,42168.73,6.5,3291.33,522,3196.74,13,0,home_improvement,0.0758,0.078,High
59,23477.48,0.1,6585.98,760,10911.42,8,0,medical,0.4647,0.2805,High
24,33420.58,13.9,40034.79,605,7340.2,11,0,home_improvement,0.2196,1.1979,High
39,75866.17,2.9,19663.55,724,3330.36,14,0,business,0.0439,0.2592,Low
58,75379.36,3.7,10309.03,769,16644.85,8,0,debt_consolidation,0.2208,0.1368,Low
47,21707.33,22.3,18834.09,576,1207.74,4,0,home_improvement,0.0556,0.8676,High
63,62072.88,3.5,17218.03,583,8165.01,13,0,debt_consolidation,0.1315,0.2774,Medium
33,23502.36,14.8,4534.45,724,2769.59,1,0,home_improvement,0.1178,0.1929,Low
33,40105.1,12.3,22246.28,685,2277.15,9,0,home_improvement,0.0568,0.5547,Medium
42,46692.57,14.2,4251.97,630,20118.39,13,0,education,0.4309,0.0911,Medium
48,71423.89,8.4,9161.36,674,30032.77,5,0,debt_consolidation,0.4205,0.1283,Medium
42,44923.04,1.8,7419.91,710,24636.28,3,0,business,0.5484,0.1652,Low
63,29527.25,2.1,15072.73,718,3415.02,8,0,home_improvement,0.1157,0.5105,Low
39,27120.07,2.3,15162.64,768,3752.62,7,0,medical,0.1384,0.5591,Low
28,53316.14,19.4,2201.5,599,7877.31,13,0,medical,0.1477,0.0413,Medium
28,35706.94,2.2,27946.72,746,10609.69,12,0,debt_consolidation,0.2971,0.7826,Medium
62,39960.76,0.6,13869.8,807,1541.73,5,0,medical,0.0386,0.3471,Low
46,79636.86,7.5,23806.43,693,9272.46,1,0,business,0.1164,0.2989,Low
46,60928.05,2.3,13628.1,773,2077.92,2,0,debt_consolidation,0.0341,0.2237,Low
43,108385.32,4.9,14848.01,636,3870.28,1,0,debt_consolidation,0.0357,0.137,Medium
63,29463.32,12.9,5649.89,666,4937.98,5,1,business,0.1676,0.1918,Low
33,34385.98,4.3,8376.98,692,4395.03,3,1,business,0.1278,0.2436,High
48,53736.28,5.1,11742.42,664,2355.51,0,1,education,0.0438,0.2185,High
29,121710.28,5.1,20284.48,594,3562.9,8,0,business,0.0293,0.1667,Low
40,32944.09,4.7,10194.33,563,6231.85,5,0,debt_consolidation,0.1892,0.3094,High
39,49971.36,0.9,8677.34,729,5555.62,1,0,home_improvement,0.1112,0.1736,Low
59,94903.42,3.0,7769.45,722,8756.39,14,0,medical,0.0923,0.0819,Low
32,50259.78,0.0,16565.64,516,1431.01,2,0,home_improvement,0.0285,0.3296,High
35,81634.07,4.9,12645.4,706,8396.72,7,0,debt_consolidation,0.1029,0.1549,Low
51,130449.92,4.3,7866.17,681,15251.79,8,0,debt_consolidation,0.1169,0.0603,Low
34,56815.36,1.9,11894.63,608,10917.66,8,0,debt_consolidation,0.1922,0.2094,Medium
31,61650.73,3.7,8503.91,680,916.68,4,0,home_improvement,0.0149,0.1379,Low
46,71073.69,3.4,7427.96,574,5504.67,3,0,education,0.0774,0.1045,Low
62,31188.8,1.4,5121.14,617,5205.36,4,1,debt_consolidation,0.1669,0.1642,High
47,23370.19,1.7,5911.63,585,2748.85,11,0,other,0.1176,0.2529,High
31,53062.52,7.2,12943.63,721,11565.18,0,0,home_improvement,0.2179,0.2439,Low
58,35862.06,7.0,3960.39,625,7931.06,2,0,education,0.2211,0.1104,Medium
54,82982.01,3.2,8058.39,612,5988.26,10,0,home_improvement,0.0722,0.0971,Low
63,57362.64,6.3,19697.03,594,2358.34,8,0,debt_consolidation,0.0411,0.3434,Low
39,82281.84,3.0,24081.37,710,5087.08,14,0,debt_consolidation,0.0618,0.2927,Low
26,26881.01,9.5,16682.1,700,13039.71,14,0,home_improvement,0.4851,0.6206,High
58,80883.75,2.0,21797.44,621,18255.86,11,1,home_improvement,0.2257,0.2695,Medium
62,15531.43,13.1,13518.26,685,3622.87,7,0,business,0.2332,0.8703,Medium
48,28006.58,3.9,7103.92,418,3203.22,12,0,home_improvement,0.1144,0.2536,Medium
21,67246.43,3.8,20160.87,583,6775.01,13,0,home_improvement,0.1007,0.2998,High
55,38128.58,5.6,17890.36,746,1962.8,12,0,education,0.0515,0.4692,Low
60,40008.58,2.1,9662.7,632,921.12,12,0,debt_consolidation,0.023,0.2415,Low
28,51720.9,6.4,9196.25,559,3740.19,3,1,home_improvement,0.0723,0.1778,Medium
27,99805.39,1.9,12998.73,791,7377.35,0,0,debt_consolidation,0.0739,0.1302,Low
31,18753.12,2.5,26366.44,520,2533.05,2,1,other,0.1351,1.4059,High
59,91523.7,5.6,10662.0,552,7874.17,12,0,medical,0.086,0.1165,Low
24,94252.26,2.4,2156.88,580,3520.13,13,0,medical,0.0373,0.0229,Low
45,38094.04,1.1,17327.8,592,7188.0,3,0,debt_consolidation,0.1887,0.4549,Medium
32,34632.84,10.3,6866.4,759,7517.27,3,0,medical,0.217,0.1983,Low
46,46212.92,12.8,17448.98,635,10968.9,12,0,debt_consolidation,0.2374,0.3776,Low
58,34266.18,4.9,17051.48,836,2598.01,0,0,home_improvement,0.0758,0.4976,Low
32,58243.53,8.3,33628.77,495,2434.69,5,0,debt_consolidation,0.0418,0.5774,High
63,62162.43,21.6,12587.69,730,2039.69,10,0,other,0.0328,0.2025,Low
57,22539.97,4.8,17990.52,618,6417.38,10,0,other,0.2847,0.7981,Medium
44,30940.52,12.0,14475.94,618,13404.69,11,0,home_improvement,0.4332,0.4678,High
36,27103.83,2.2,22635.27,613,11606.81,8,0,other,0.4282,0.8351,High
33,54575.69,6.0,1587.47,627,2089.52,7,0,debt_consolidation,0.0383,0.0291,Low
45,75823.69,0.3,8899.0,721,5678.43,1,0,other,0.0749,0.1174,Low
24,28660.7,7.8,11520.47,598,12050.47,6,0,home_improvement,0.4204,0.4019,Low
31,75556.66,8.9,13739.77,650,6765.86,2,1,education,0.0895,0.1818,High
52,30871.86,2.6,6448.65,737,1591.58,5,0,home_improvement,0.0516,0.2089,Low
27,70214.56,5.1,15959.72,481,20821.36,1,0,business,0.2965,0.2273,High
31,42537.2,9.8,22682.53,814,12630.53,7,0,debt_consolidation,0.2969,0.5332,Low
48,39306.68,10.8,8816.48,748,4565.1,3,0,business,0.1161,0.2243,Low
61,86788.14,0.6,7455.54,690,4476.71,5,0,business,0.0516,0.0859,Low
43,119831.92,8.8,16937.17,683,5426.66,2,1,home_improvement,0.0453,0.1413,Low
43,18566.71,1.6,14699.22,670,14446.63,0,0,home_improvement,0.7781,0.7917,Medium
48,66152.49,6.5,15368.84,603,3231.81,1,0,home_improvement,0.0489,0.2323,Low
63,53565.86,2.0,5589.54,720,16742.56,12,0,home_improvement,0.3126,0.1043,Medium
46,68114.22,0.3,68985.63,636,3950.77,9,0,debt_consolidation,0.058,1.0128,Medium
45,23878.72,1.2,3038.4,571,12562.97,13,0,education,0.5261,0.1272,High
49,28505.14,2.6,22457.59,753,4403.71,7,0,education,0.1545,0.7878,Low
39,35041.39,6.8,8686.15,581,7708.71,11,0,education,0.22,0.2479,Medium
53,54531.45,0.5,81884.98,723,3180.0,13,0,debt_consolidation,0.0583,1.5016,Low
56,33984.95,8.4,17388.45,638,3869.42,5,0,education,0.1139,0.5116,Low
34,41709.68,29.0,25339.06,697,6065.45,11,1,education,0.1454,0.6075,Medium
34,74255.26,7.8,18011.26,574,6762.03,3,1,education,0.0911,0.2426,Medium
55,136544.63,3.2,3082.27,572,1175.83,8,1,business,0.0086,0.0226,Medium
50,71653.7,4.2,14291.49,712,2967.85,6,1,business,0.0414,0.1994,Low
48,75334.81,0.0,16586.6,774,10640.19,14,0,medical,0.1412,0.2202,Medium
37,44760.19,1.2,17748.86,747,2588.75,0,0,business,0.0578,0.3965,Medium
23,31404.24,11.5,27169.2,677,12379.41,5,0,debt_consolidation,0.3942,0.8651,Medium
36,41648.52,0.1,15310.72,562,2973.11,3,0,home_improvement,0.0714,0.3676,High
50,47621.94,11.8,21651.41,477,5578.06,5,0,education,0.1171,0.4546,High
49,27444.78,0.6,8463.61,802,3668.69,10,0,home_improvement,0.1337,0.3084,Low
35,73685.43,0.7,4633.86,607,14933.73,7,1,medical,0.2027,0.0629,High
45,104791.22,1.0,7675.42,757,24409.22,12,0,home_improvement,0.2329,0.0732,Low
58,52115.15,8.0,8556.55,697,2775.69,8,1,home_improvement,0.0533,0.1642,High
62,84291.56,3.3,7681.11,482,5477.05,2,1,home_improvement,0.065,0.0911,High
58,89699.11,0.8,6411.33,637,2174.49,13,0,home_improvement,0.0242,0.0715,Medium
43,29221.93,5.8,7521.12,687,2375.64,1,0,home_improvement,0.0813,0.2574,Medium
45,20559.88,14.1,10256.59,517,11368.53,9,0,business,0.5529,0.4988,High
62,38196.23,4.2,7243.23,619,4691.89,6,0,other,0.1228,0.1896,High
27,51428.17,0.5,62342.48,564,5238.94,6,0,education,0.1019,1.2122,High
42,26955.27,0.3,5768.4,764,6432.8,2,0,debt_consolidation,0.2386,0.214,Medium
37,99818.8,7.9,17395.32,585,2923.47,13,0,home_improvement,0.0293,0.1743,Low
38,129884.49,4.9,9657.61,685,1632.05,4,0,home_improvement,0.0126,0.0744,Medium
61,53615.77,12.8,18436.63,584,2113.19,9,0,debt_consolidation,0.0394,0.3439,Low
30,30004.46,4.0,11553.62,597,2987.06,14,0,education,0.0996,0.3851,Low
30,62514.12,0.3,22257.64,637,14684.42,7,0,debt_consolidation,0.2349,0.356,Medium
27,29957.35,2.6,10511.67,659,6269.21,2,0,debt_consolidation,0.2093,0.3509,Medium
58,86816.05,5.4,14078.29,654,4865.21,7,0,home_improvement,0.056,0.1622,Low
47,43664.22,2.4,3552.74,516,1612.23,14,0,debt_consolidation,0.0369,0.0814,Medium
53,70518.22,39.0,5855.61,724,1604.06,2,1,business,0.0227,0.083,Low
21,76952.89,2.6,5257.79,774,2931.85,3,0,business,0.0381,0.0683,Low
64,64149.98,4.0,33184.66,665,4022.57,2,0,debt_consolidation,0.0627,0.5173,Medium
54,119687.61,1.3,23370.47,640,2696.51,4,0,education,0.0225,0.1953,Low
24,53591.01,0.8,15016.73,738,2566.18,11,0,debt_consolidation,0.0479,0.2802,Low
37,38116.49,5.2,25016.43,694,3188.23,14,0,business,0.0836,0.6563,High
24,17135.46,4.4,7271.46,650,2829.52,7,1,business,0.1651,0.4243,High
63,15646.76,0.0,32614.99,616,4129.89,4,0,medical,0.2639,2.0843,High
46,67915.47,1.7,14159.88,653,5681.26,6,0,medical,0.0837,0.2085,High
24,44715.61,5.2,11579.71,508,9050.79,12,0,education,0.2024,0.259,Low
21,32607.65,8.4,24560.41,673,2052.9,3,0,business,0.063,0.7532,Medium
27,28086.59,1.9,23698.19,770,4680.1,11,0,education,0.1666,0.8437,High
50,71002.98,5.2,5700.77,485,24829.56,9,1,business,0.3497,0.0803,Medium
29,29978.4,1.5,22405.85,467,3738.1,1,0,business,0.1247,0.7474,High
55,110783.21,5.9,12043.39,718,4818.79,5,0,other,0.0435,0.1087,Low
28,158814.69,6.0,15778.7,826,2423.44,11,0,education,0.0153,0.0994,Low
44,31256.47,0.7,10434.44,811,8435.85,4,0,home_improvement,0.2699,0.3338,Medium
39,68522.17,5.5,6916.7,634,2831.96,7,0,education,0.0413,0.1009,Low
56,61084.34,2.0,5932.04,704,24609.86,7,0,debt_consolidation,0.4029,0.0971,Low
63,29916.8,0.9,9209.76,750,3274.25,0,0,home_improvement,0.1094,0.3078,Low
47,30001.6,3.5,17353.2,538,3781.63,10,0,home_improvement,0.126,0.5784,High
52,46106.28,3.0,15567.55,508,6217.87,13,0,home_improvement,0.1349,0.3376,Medium
34,27744.84,7.4,15091.19,635,36473.76,11,0,business,1.3146,0.5439,High
38,84594.83,0.4,21550.4,580,1795.5,7,0,debt_consolidation,0.0212,0.2547,Low
48,43344.92,7.8,12921.53,678,11469.41,2,0,other,0.2646,0.2981,Low
49,27992.33,0.6,41648.54,624,6504.16,1,0,debt_consolidation,0.2323,1.4878,High
36,46887.45,1.2,16752.87,799,1006.99,10,1,education,0.0215,0.3573,Medium
55,61896.05,3.6,7389.66,709,4003.83,9,0,home_improvement,0.0647,0.1194,Low
51,34124.68,3.1,5984.88,640,5210.19,3,0,debt_consolidation,0.1527,0.1754,Medium
24,18096.15,22.5,16310.15,488,5138.29,9,0,home_improvement,0.2839,0.9013,High
57,52218.07,4.5,11744.38,689,14406.93,7,0,home_improvement,0.2759,0.2249,Medium
37,26675.48,2.0,6677.77,677,2511.1,12,0,education,0.0941,0.2503,Medium
59,32962.5,11.5,12154.53,634,1731.52,4,0,education,0.0525,0.3687,Low
46,61979.1,1.9,9599.23,607,1231.03,12,0,medical,0.0199,0.1549,High
59,36535.9,1.6,10236.33,610,11275.44,10,0,debt_consolidation,0.3086,0.2802,Medium
61,45681.29,3.4,30163.89,772,10749.06,6,0,medical,0.2353,0.6603,Medium
24,101369.3,12.2,20552.62,761,4964.15,7,1,home_improvement,0.049,0.2027,Low
50,41108.96,6.2,25049.28,626,2609.92,2,0,debt_consolidation,0.0635,0.6093,Low
50,134680.16,5.7,37428.54,687,4651.64,6,0,debt_consolidation,0.0345,0.2779,Medium
42,70966.08,6.5,14400.38,692,50613.63,6,0,home_improvement,0.7132,0.2029,Medium
31,30770.53,5.4,15544.42,552,4780.79,8,0,home_improvement,0.1554,0.5052,High
22,38631.5,7.1,16251.87,598,6722.9,2,0,debt_consolidation,0.174,0.4207,Medium
64,26073.6,1.1,25998.32,760,1086.15,5,0,business,0.0417,0.9971,Medium
32,67422.1,1.0,25147.0,573,7044.49,6,0,debt_consolidation,0.1045,0.373,Medium
50,95059.41,2.2,9394.69,609,8812.51,13,0,business,0.0927,0.0988,Low
56,40978.51,9.5,6727.03,637,3122.72,8,1,home_improvement,0.0762,0.1642,Medium
38,19327.86,6.3,7008.53,636,4149.61,14,0,medical,0.2147,0.3626,Low
46,58702.34,4.2,13780.92,579,7378.09,11,0,debt_consolidation,0.1257,0.2348,High
27,31856.88,0.1,6376.1,624,4006.14,3,0,business,0.1258,0.2001,Medium
21,34360.59,1.3,16616.12,498,12187.74,3,0,debt_consolidation,0.3547,0.4836,High
46,57283.25,8.1,3728.32,703,1710.74,11,0,education,0.0299,0.0651,Low
43,90761.64,1.4,41037.36,644,5326.12,10,0,home_improvement,0.0587,0.4521,Low
46,70951.43,6.6,5866.88,537,7719.17,13,0,other,0.1088,0.0827,Medium
26,60763.86,1.0,9033.34,605,5346.51,4,0,other,0.088,0.1487,Medium
26,45314.12,4.7,9446.77,480,2060.36,12,0,home_improvement,0.0455,0.2085,Low
64,25330.94,4.9,32156.4,560,10204.56,9,0,education,0.4028,1.2694,Medium
28,58335.79,7.0,13301.83,514,1581.04,11,0,debt_consolidation,0.0271,0.228,Medium
44,70183.25,2.9,7046.76,835,2408.15,4,0,education,0.0343,0.1004,Low
42,36404.91,5.0,12793.85,674,4859.08,14,0,home_improvement,0.1335,0.3514,Low
39,40815.54,3.3,13723.7,655,7432.9,0,0,debt_consolidation,0.1821,0.3362,Low
57,85393.56,14.7,16849.82,577,2484.31,11,0,debt_consolidation,0.0291,0.1973,Low
38,40286.12,3.7,6926.95,674,1330.37,7,0,debt_consolidation,0.033,0.1719,Medium
51,42818.25,1.2,22713.32,664,6906.58,7,0,education,0.1613,0.5304,Medium
57,46901.27,5.5,14443.64,714,1186.5,8,0,education,0.0253,0.308,Low
50,68376.11,4.0,32211.34,613,6261.22,2,0,business,0.0916,0.4711,Low
62,56764.45,8.1,12038.97,603,6716.97,11,0,home_improvement,0.1183,0.2121,High
53,54700.68,1.0,12768.35,601,18054.49,11,0,home_improvement,0.3301,0.2334,Low
30,104708.4,1.5,12095.37,631,7772.19,5,0,business,0.0742,0.1155,Medium
57,39944.27,12.7,28310.86,664,3252.01,12,0,business,0.0814,0.7087,Low
32,30477.17,13.3,20148.88,756,5736.14,14,0,debt_consolidation,0.1882,0.6611,Medium
50,81719.59,2.9,8615.48,751,10174.86,14,0,business,0.1245,0.1054,Medium
47,55020.76,0.2,66519.04,635,6396.06,10,0,business,0.1162,1.209,High
59,36511.29,1.8,9091.83,850,4479.48,9,0,education,0.1227,0.249,Low
29,40948.37,1.4,9748.99,691,13656.01,8,0,home_improvement,0.3335,0.2381,Low
41,25926.87,2.7,23820.16,697,2101.24,3,0,other,0.081,0.9187,Medium
32,55041.36,1.9,12132.82,717,1464.32,8,0,education,0.0266,0.2204,Low
49,23606.79,8.8,6996.08,752,1009.14,5,0,education,0.0427,0.2963,Low
53,68941.53,0.0,27984.3,730,15560.55,3,0,business,0.2257,0.4059,Medium
63,37752.22,5.2,44421.68,606,2538.07,5,0,medical,0.0672,1.1766,High
35,24415.77,5.5,7222.35,623,3779.88,14,0,home_improvement,0.1548,0.2958,Low
22,84848.65,5.4,27852.42,546,5405.38,5,1,debt_consolidation,0.0637,0.3283,Medium
59,151478.23,3.7,9931.48,696,2694.43,3,0,debt_consolidation,0.0178,0.0656,Low
64,61001.9,4.7,3830.76,728,12739.26,9,1,home_improvement,0.2088,0.0628,Medium
38,42501.28,8.3,19753.31,732,12360.57,4,0,home_improvement,0.2908,0.4648,Low
23,30332.22,7.7,4346.5,673,8027.07,0,0,home_improvement,0.2646,0.1433,Low
27,55877.51,0.2,8620.42,703,4694.93,8,0,business,0.084,0.1543,Low
63,67397.71,0.2,11327.46,520,3061.87,10,0,home_improvement,0.0454,0.1681,High
38,49190.05,9.1,13098.53,617,2039.84,14,0,debt_consolidation,0.0415,0.2663,Low
64,76704.75,4.3,25742.39,610,5906.23,10,0,education,0.077,0.3356,Low
58,104500.26,15.8,9246.38,768,3136.73,6,0,other,0.03,0.0885,Medium
57,26112.15,2.8,30867.9,678,7644.34,4,0,business,0.2927,1.1821,High
53,56784.84,1.0,12646.0,675,2231.24,4,0,home_improvement,0.0393,0.2227,Low
64,18926.8,3.2,6962.41,544,1567.04,5,0,debt_consolidation,0.0828,0.3678,High
51,32629.62,2.9,19083.14,549,10397.85,10,0,other,0.3187,0.5848,Medium
31,70258.18,3.6,39343.52,635,4319.45,13,0,home_improvement,0.0615,0.56,High
24,47886.91,8.2,10134.14,712,8079.85,14,1,education,0.1687,0.2116,High
38,21906.77,5.3,7140.67,580,10651.36,7,0,debt_consolidation,0.4862,0.3259,Medium
24,82863.97,1.0,9452.46,768,3430.47,10,1,other,0.0414,0.1141,Medium
54,37361.02,6.6,4713.06,588,1140.83,2,0,education,0.0305,0.1261,Low
49,75015.02,4.5,16050.28,694,23245.22,12,0,home_improvement,0.3099,0.214,High
44,63344.35,4.3,5264.08,597,20210.42,7,1,education,0.3191,0.0831,High
42,32319.83,5.7,19632.12,751,6579.31,2,0,home_improvement,0.2036,0.6074,Low
22,75693.92,4.2,11386.42,804,4042.27,9,0,debt_consolidation,0.0534,0.1504,Low
64,57486.67,3.1,20257.52,700,3012.53,13,0,medical,0.0524,0.3524,High
26,53504.65,5.1,11410.52,601,6900.84,4,0,other,0.129,0.2133,High
62,38790.26,6.4,17879.29,580,8318.49,10,1,debt_consolidation,0.2144,0.4609,Medium
45,28244.05,1.3,7386.6,594,4635.55,4,0,debt_consolidation,0.1641,0.2615,High
41,39761.72,3.4,15794.06,614,2623.78,1,0,medical,0.066,0.3972,Low
36,39331.3,3.1,9010.08,605,10919.3,14,1,other,0.2776,0.2291,Medium
51,75042.47,0.2,19259.67,754,2912.09,0,1,education,0.0388,0.2566,High
34,21493.54,9.0,12253.93,660,10972.26,2,0,home_improvement,0.5105,0.5701,Medium
59,102268.55,2.4,25883.62,695,3854.41,9,0,business,0.0377,0.2531,Low
48,105113.68,0.4,11485.59,551,18592.21,3,0,home_improvement,0.1769,0.1093,Low
52,35578.55,3.1,8526.15,624,2069.9,6,0,other,0.0582,0.2396,Low
48,98793.48,0.9,14491.22,700,19048.7,6,0,education,0.1928,0.1467,Low
29,29649.75,6.1,54541.99,616,4564.51,12,0,other,0.1539,1.8395,High
42,86125.67,4.2,25500.18,676,5220.58,8,0,other,0.0606,0.2961,Low
52,32538.21,1.6,8259.93,619,2864.29,3,0,education,0.088,0.2538,High
25,82184.21,15.0,13331.64,746,2704.37,2,1,debt_consolidation,0.0329,0.1622,Medium
43,23892.11,1.7,8960.6,652,2144.46,11,0,home_improvement,0.0898,0.375,Low
25,84240.08,4.0,7923.39,602,2515.48,2,0,education,0.0299,0.0941,Low
62,93366.72,8.1,13476.05,675,7050.74,9,1,home_improvement,0.0755,0.1443,High
52,23510.76,3.6,11441.02,676,18572.12,9,0,home_improvement,0.7899,0.4866,Medium
30,118022.4,16.2,7153.73,727,10560.91,13,0,home_improvement,0.0895,0.0606,Medium
59,81572.56,9.3,8998.84,553,4691.45,0,0,debt_consolidation,0.0575,0.1103,Low
35,18051.86,12.7,13798.29,576,4092.25,5,1,home_improvement,0.2267,0.7643,Medium
27,38369.57,2.3,9443.51,669,22263.6,3,0,other,0.5802,0.2461,High
49,82355.53,4.0,13237.39,607,6263.68,4,0,debt_consolidation,0.0761,0.1607,Low
23,70372.36,9.2,8785.69,662,3340.85,13,0,home_improvement,0.0475,0.1248,Medium
39,51838.78,11.7,17691.57,670,9164.93,1,0,other,0.1768,0.3413,Low
30,77962.43,14.4,8847.47,578,6118.61,7,0,business,0.0785,0.1135,Low
48,31665.58,10.6,19545.34,673,8250.02,9,0,education,0.2605,0.6172,Medium
49,50195.54,6.6,11209.39,608,18578.1,14,1,debt_consolidation,0.3701,0.2233,Medium
35,32119.2,0.1,3686.86,524,2135.27,2,0,home_improvement,0.0665,0.1148,Low
55,52438.94,1.9,11402.91,649,1991.14,13,0,business,0.038,0.2174,Low
26,80863.31,0.7,18088.59,617,8170.4,6,0,debt_consolidation,0.101,0.2237,Low
32,72459.3,0.8,9589.04,599,7287.67,8,0,home_improvement,0.1006,0.1323,Medium
58,54799.97,1.7,11876.37,659,2188.08,8,0,home_improvement,0.0399,0.2167,Low
33,80406.22,0.4,19432.4,690,18862.85,7,0,medical,0.2346,0.2417,Low
49,84464.7,1.4,33254.08,606,7241.99,14,0,education,0.0857,0.3937,Medium
39,120410.43,15.7,26694.1,718,2831.7,13,0,other,0.0235,0.2217,Low
23,87880.58,1.9,14261.23,575,4287.63,2,0,other,0.0488,0.1623,Medium
28,68064.53,0.9,18691.6,606,1012.64,14,0,home_improvement,0.0149,0.2746,Medium
28,78201.62,6.3,14101.91,769,6309.36,4,0,home_improvement,0.0807,0.1803,Low
40,55369.25,8.8,5424.64,587,1884.46,9,0,business,0.034,0.098,Medium
24,42617.71,1.9,28558.86,649,3739.0,0,0,medical,0.0877,0.6701,High
41,75644.83,1.6,29425.38,589,4634.66,6,0,debt_consolidation,0.0613,0.389,Low
23,71579.37,1.4,4886.65,766,22622.89,10,1,debt_consolidation,0.316,0.0683,Low
28,56725.42,2.5,10619.92,582,14767.72,13,0,medical,0.2603,0.1872,Medium
43,44475.91,0.5,33547.5,785,862.13,3,0,business,0.0194,0.7543,Low
36,43259.54,5.5,15237.53,737,2466.16,13,0,medical,0.057,0.3522,Low
33,39960.42,8.6,7334.85,683,6499.52,8,0,education,0.1626,0.1835,Low
23,91844.66,5.4,27748.23,719,4946.81,9,0,medical,0.0539,0.3021,Low
29,88363.43,2.7,14323.29,807,13020.43,7,0,home_improvement,0.1473,0.1621,Low
34,86487.13,1.7,29065.48,607,2192.35,9,0,debt_consolidation,0.0253,0.3361,Medium
33,28971.58,2.6,14061.58,663,4275.81,14,0,education,0.1476,0.4853,Medium
27,40960.14,2.8,3666.96,650,2548.84,6,1,home_improvement,0.0622,0.0895,High
35,43101.12,5.5,39504.0,588,5622.5,14,0,other,0.1304,0.9165,High
27,36204.1,13.2,6874.39,617,3546.62,9,1,debt_consolidation,0.098,0.1899,Medium
58,124404.99,0.4,10277.32,673,8990.02,11,0,business,0.0723,0.0826,Medium
54,59888.05,15.3,27463.52,831,3203.93,3,0,home_improvement,0.0535,0.4586,Low
61,57774.6,12.1,52493.21,565,2798.69,1,1,business,0.0484,0.9086,Medium
42,38833.55,0.6,12842.13,649,35380.62,2,0,debt_consolidation,0.9111,0.3307,High
44,75436.46,1.0,16557.78,621,14642.28,7,0,medical,0.1941,0.2195,Medium
57,146644.77,1.9,6559.25,695,12064.56,5,0,medical,0.0823,0.0447,Low
64,51045.64,4.1,11315.34,697,2971.62,2,0,home_improvement,0.0582,0.2217,High
21,43618.76,0.7,25813.3,544,2145.2,9,0,debt_consolidation,0.0492,0.5918,High
30,46850.05,1.1,16070.62,664,972.58,10,0,business,0.0208,0.343,Low
63,41729.94,11.6,37833.62,484,6236.3,12,0,debt_consolidation,0.1494,0.9066,High
36,48950.6,0.6,5779.7,741,8227.87,1,0,debt_consolidation,0.1681,0.1181,Low
28,36107.76,2.5,5637.18,512,2431.21,7,0,medical,0.0673,0.1561,High
45,31467.97,7.2,8859.04,577,6917.52,8,0,debt_consolidation,0.2198,0.2815,Medium
32,48502.98,11.0,9119.35,685,1189.28,6,1,other,0.0245,0.188,Medium
45,51049.41,2.0,23719.39,598,56029.96,4,0,education,1.0975,0.4646,High
37,42763.61,0.9,10440.98,680,2198.99,13,0,debt_consolidation,0.0514,0.2442,Low
46,101568.54,6.7,6589.92,795,2337.89,7,0,debt_consolidation,0.023,0.0649,Low
34,60339.69,7.4,16956.72,736,2627.46,12,1,other,0.0435,0.281,High
61,71056.39,19.6,8423.35,611,11095.71,2,0,business,0.1562,0.1185,Low
56,72006.46,0.8,6931.65,632,9036.13,12,1,home_improvement,0.1255,0.0963,High
43,51654.0,6.2,25237.45,555,5621.12,3,1,other,0.1088,0.4886,High
63,54683.96,2.7,29038.3,734,35661.98,10,0,debt_consolidation,0.6521,0.531,Medium
26,31885.8,12.3,24036.25,690,6404.8,2,0,home_improvement,0.2009,0.7538,Medium
25,68049.55,2.6,8097.84,584,6646.46,11,0,medical,0.0977,0.119,Low
63,41495.6,3.0,9380.44,676,8204.55,12,0,other,0.1977,0.2261,Low
45,35600.83,0.7,18515.16,525,3313.83,2,0,education,0.0931,0.5201,Medium
38,93993.7,1.9,20853.71,679,1328.86,7,0,business,0.0141,0.2219,Medium
33,25181.87,2.6,11639.3,753,3859.93,2,0,debt_consolidation,0.1533,0.4622,Medium
63,115790.51,0.1,27530.38,708,1211.77,5,0,business,0.0105,0.2378,Low
34,111297.86,2.9,3915.36,673,10350.34,6,0,business,0.093,0.0352,Low
48,43865.33,2.0,9474.52,735,6375.6,0,0,medical,0.1453,0.216,High
38,119682.72,8.1,50476.28,615,2410.9,14,0,education,0.0201,0.4217,Low
48,31439.76,0.6,13246.62,477,3617.32,13,0,medical,0.1151,0.4213,High
47,80583.12,7.1,10030.48,761,7285.11,14,0,business,0.0904,0.1245,Low
52,49434.3,6.3,17757.27,721,7961.77,10,0,debt_consolidation,0.1611,0.3592,Low
29,19866.76,1.4,7526.69,677,5905.32,7,0,education,0.2972,0.3788,Medium
60,35756.76,0.4,3298.49,659,1400.48,7,0,business,0.0392,0.0922,Low
52,44924.95,9.2,80946.81,716,1200.69,10,1,home_improvement,0.0267,1.8018,High
40,72366.82,1.4,7980.1,716,3599.52,3,0,medical,0.0497,0.1103,Low
48,38617.42,0.8,15266.72,637,8451.65,7,0,medical,0.2189,0.3953,Low
53,42762.95,2.2,14827.5,755,3655.77,14,0,education,0.0855,0.3467,High
24,64247.1,2.6,17981.98,712,10770.92,5,0,home_improvement,0.1676,0.2799,Low
54,62570.42,2.0,8298.49,603,18670.89,6,1,home_improvement,0.2984,0.1326,Medium
23,46823.35,18.7,2838.99,835,2987.29,2,0,debt_consolidation,0.0638,0.0606,Low
46,42132.61,10.6,9016.03,588,1430.12,2,0,medical,0.0339,0.214,Low
28,78405.8,10.3,13606.98,494,10896.24,12,0,education,0.139,0.1735,Medium
26,42014.36,2.5,14207.78,545,43276.86,10,0,business,1.03,0.3382,High
36,27046.34,16.5,34125.55,746,4837.99,9,0,debt_consolidation,0.1789,1.2617,Low
44,40247.36,5.8,11266.17,749,2885.55,14,0,business,0.0717,0.2799,Low
59,64434.75,8.9,15137.74,574,13892.91,9,1,other,0.2156,0.2349,High
50,45494.86,3.5,8304.4,603,7326.71,8,0,home_improvement,0.161,0.1825,Medium
33,38124.72,0.9,9331.51,604,5557.17,9,0,business,0.1458,0.2448,Medium
25,26176.01,10.9,44449.37,719,4270.32,14,0,medical,0.1631,1.698,High
45,45616.81,3.3,8703.41,556,4909.16,9,0,medical,0.1076,0.1908,Low
40,54937.77,17.3,10645.27,729,2379.13,11,0,debt_consolidation,0.0433,0.1938,Low
38,29623.04,1.5,25628.06,665,29714.68,11,0,other,1.0031,0.8651,High
38,44594.08,24.4,41923.63,607,2861.64,8,0,education,0.0642,0.9401,Low
22,28369.0,1.3,21724.63,615,381.53,11,0,home_improvement,0.0134,0.7658,High
30,45963.87,2.3,21765.85,632,4568.27,2,0,education,0.0994,0.4735,Medium
32,116162.77,4.5,6302.73,633,7232.42,8,0,home_improvement,0.0623,0.0543,Medium
33,53415.52,5.9,18194.11,595,18443.02,2,0,business,0.3453,0.3406,High
31,22230.34,6.4,11109.44,818,3449.51,12,0,business,0.1552,0.4997,Medium
39,57847.48,3.2,17741.95,696,1726.78,3,0,medical,0.0299,0.3067,Low
55,94457.67,0.4,11298.8,723,12995.45,2,0,home_improvement,0.1376,0.1196,Low
59,24537.84,3.4,9483.37,662,2696.98,4,0,debt_consolidation,0.1099,0.3865,Low
46,29063.94,2.0,5569.19,673,7766.95,11,1,business,0.2672,0.1916,Medium
34,55780.2,5.4,12706.82,625,2121.44,3,0,other,0.038,0.2278,Low
64,46931.4,1.0,14811.15,741,2325.35,8,0,debt_consolidation,0.0495,0.3156,Low
44,89821.95,2.5,3817.05,657,3480.69,1,0,debt_consolidation,0.0388,0.0425,Low
61,44787.37,16.9,9246.2,597,1801.74,9,0,home_improvement,0.0402,0.2064,Low
21,74066.88,0.5,11399.53,437,1331.32,7,0,business,0.018,0.1539,Medium
63,105245.57,4.6,18844.07,580,3034.28,2,1,business,0.0288,0.179,Low
42,31767.7,0.5,9377.01,637,5113.21,14,0,home_improvement,0.161,0.2952,Medium
43,71241.88,0.9,19480.3,655,35770.73,8,0,other,0.5021,0.2734,Medium
39,40117.55,4.6,15808.99,557,6024.86,1,0,debt_consolidation,0.1502,0.3941,Medium
38,16193.77,2.9,22506.81,478,5254.85,6,0,debt_consolidation,0.3245,1.3898,Medium
32,62204.83,4.0,9720.78,827,5605.87,5,0,debt_consolidation,0.0901,0.1563,Low
48,66152.67,10.6,11277.58,650,6975.35,7,0,debt_consolidation,0.1054,0.1705,Low
48,22592.62,8.5,18810.64,624,4826.77,2,0,medical,0.2136,0.8326,High
53,39067.08,10.9,7241.9,665,11899.36,5,0,home_improvement,0.3046,0.1854,Medium
39,35900.17,4.8,12836.11,564,6373.19,10,0,medical,0.1775,0.3575,High
48,73496.56,3.4,24199.12,737,4368.6,1,0,business,0.0594,0.3293,Medium
57,22593.2,3.1,8955.01,612,2339.57,12,0,home_improvement,0.1035,0.3963,Low
46,51708.6,6.7,16265.87,592,7120.37,10,0,debt_consolidation,0.1377,0.3146,Low
55,15216.77,3.7,13345.67,602,12638.51,9,0,debt_consolidation,0.8305,0.877,High
54,59263.86,0.6,32243.0,596,9114.02,12,0,business,0.1538,0.544,Medium
55,52185.74,0.8,14031.56,560,3315.73,14,0,debt_consolidation,0.0635,0.2689,High
60,37968.79,2.2,18402.34,685,4964.9,9,1,home_improvement,0.1308,0.4847,Medium
36,100122.39,0.4,12085.8,697,19723.75,6,0,other,0.197,0.1207,Low
58,13205.98,1.4,9791.13,545,11161.19,2,0,debt_consolidation,0.8451,0.7414,Medium
33,48577.83,5.3,15305.36,628,7649.66,4,0,education,0.1575,0.3151,Medium
43,89214.54,0.1,9504.22,661,2954.87,2,0,debt_consolidation,0.0331,0.1065,Low
42,52281.84,4.6,24844.42,609,7132.41,9,0,debt_consolidation,0.1364,0.4752,Low
36,97055.0,7.4,27052.68,714,20257.54,14,0,business,0.2087,0.2787,Medium
48,39132.68,0.9,13949.44,775,5418.32,14,0,debt_consolidation,0.1385,0.3565,Low
55,45090.18,1.0,10251.98,688,599.07,0,0,home_improvement,0.0133,0.2274,Low
28,90819.42,0.1,15315.0,650,23426.98,0,0,home_improvement,0.2579,0.1686,Low
64,76670.85,3.6,6219.0,589,10499.28,9,0,home_improvement,0.1369,0.0811,Low
42,162694.04,5.3,8482.69,533,2661.02,3,0,home_improvement,0.0164,0.0521,Low
41,51606.78,3.1,6941.46,586,4353.15,4,0,debt_consolidation,0.0844,0.1345,Medium
46,54183.04,2.5,8559.18,709,4081.73,0,0,education,0.0753,0.158,Medium
60,38921.42,3.0,9246.63,571,3555.99,9,0,debt_consolidation,0.0914,0.2376,Medium
41,44266.04,7.6,6176.63,749,4612.11,11,0,medical,0.1042,0.1395,Low
45,84038.71,0.2,11387.9,619,9166.85,10,0,medical,0.1091,0.1355,High
61,49014.3,7.7,11896.95,559,18204.63,2,0,other,0.3714,0.2427,Medium
21,32740.05,5.5,18838.76,668,2902.17,2,0,debt_consolidation,0.0886,0.5754,Medium
26,40618.3,1.4,14233.24,580,10027.52,1,0,other,0.2469,0.3504,High
43,46856.06,3.7,31174.61,719,2524.72,5,0,home_improvement,0.0539,0.6653,Low
43,33817.86,0.3,19021.15,585,12700.26,13,0,education,0.3755,0.5624,High
63,38988.44,2.4,54456.03,488,6578.55,12,0,medical,0.1687,1.3967,High
63,29735.68,1.0,6701.06,608,4747.34,1,0,debt_consolidation,0.1596,0.2253,High
43,39683.77,0.1,24305.22,523,3967.36,3,0,debt_consolidation,0.1,0.6125,Medium
52,87825.27,2.2,5213.42,712,12215.68,4,0,debt_consolidation,0.1391,0.0594,Low
50,50221.31,6.5,25234.01,733,1660.54,2,0,business,0.0331,0.5024,Low
33,167822.09,12.7,16816.06,604,12192.7,0,0,education,0.0727,0.1002,High
63,33458.71,5.4,11664.65,775,3135.53,0,1,education,0.0937,0.3486,Medium
38,62489.09,2.6,15156.84,583,9279.82,0,0,medical,0.1485,0.2425,Low
43,54781.23,38.0,9951.16,625,5591.92,5,0,business,0.1021,0.1816,High
35,67861.2,1.7,9402.25,563,1993.88,3,0,business,0.0294,0.1385,Low
53,36205.47,1.0,17370.55,516,3734.44,5,0,debt_consolidation,0.1031,0.4798,Medium
41,40772.68,3.1,5054.57,680,2404.71,10,0,education,0.059,0.124,Low
59,60091.75,3.5,16279.97,770,1649.14,0,0,home_improvement,0.0274,0.2709,Low
43,38088.41,2.2,12390.81,614,6619.82,4,0,debt_consolidation,0.1738,0.3253,High
47,20196.51,5.9,10980.51,650,1264.07,0,0,debt_consolidation,0.0626,0.5437,Medium
64,94393.34,1.0,9943.88,550,2670.04,3,0,medical,0.0283,0.1053,High
38,76423.65,3.6,15394.24,604,6742.11,8,0,business,0.0882,0.2014,Low
44,39792.41,3.5,24812.18,527,2172.51,5,0,business,0.0546,0.6235,Low
60,54674.82,8.7,50866.46,770,13102.62,11,0,debt_consolidation,0.2396,0.9303,Medium
62,81098.14,13.1,26163.08,554,25979.53,11,0,business,0.3203,0.3226,Medium
27,96000.69,5.4,22001.77,650,17620.97,12,0,debt_consolidation,0.1835,0.2292,Low
40,51644.02,1.8,8327.23,777,7238.05,3,0,home_improvement,0.1402,0.1612,Low
47,36582.32,5.8,9339.34,659,4341.4,9,0,debt_consolidation,0.1187,0.2553,Low
26,101939.44,1.4,13323.51,642,5415.16,6,1,debt_consolidation,0.0531,0.1307,High
47,51398.26,17.0,17437.38,676,18661.52,10,0,education,0.3631,0.3393,Medium
29,45542.49,8.6,10182.21,548,1760.92,11,0,education,0.0387,0.2236,High
51,55916.04,2.8,27210.74,504,1175.43,9,0,education,0.021,0.4866,High
41,87322.49,7.7,8927.42,669,4112.72,9,0,medical,0.0471,0.1022,Medium
46,48078.99,2.6,6275.04,660,5971.58,0,0,home_improvement,0.1242,0.1305,Medium
60,80257.83,0.4,24880.23,675,11202.52,12,0,education,0.1396,0.31,Medium
33,44166.81,6.1,15393.46,447,10479.54,0,0,education,0.2373,0.3485,High
43,66471.44,2.6,11246.64,542,16708.24,4,0,debt_consolidation,0.2514,0.1692,Medium
40,30514.46,13.3,5869.11,659,5021.57,6,0,education,0.1646,0.1923,Low
57,83684.14,1.8,24120.87,637,4665.72,8,0,other,0.0558,0.2882,Medium
48,34960.68,9.3,55672.68,723,5536.93,8,0,education,0.1584,1.5924,Medium
37,61675.59,5.7,17977.13,674,1993.83,9,0,home_improvement,0.0323,0.2915,Low
48,23311.82,9.6,9124.33,745,14925.99,7,0,education,0.6402,0.3914,High
61,49632.8,1.7,15406.92,740,3805.71,10,0,business,0.0767,0.3104,Medium
22,53855.6,3.1,18726.09,699,3834.56,1,0,medical,0.0712,0.3477,Low
45,34868.43,8.7,18013.78,641,5969.41,0,0,debt_consolidation,0.1712,0.5166,Low
61,46402.69,5.2,8202.5,676,2602.41,2,0,debt_consolidation,0.0561,0.1768,Low
26,55884.95,2.2,9867.18,684,4083.47,0,0,home_improvement,0.0731,0.1766,Low
31,64966.97,3.6,8534.17,746,7390.43,0,0,business,0.1138,0.1314,Low
58,51537.84,27.7,16678.73,622,15450.65,7,1,debt_consolidation,0.2998,0.3236,Medium
26,95437.03,6.8,12857.23,684,6101.38,2,0,debt_consolidation,0.0639,0.1347,Low
31,87477.0,4.8,26656.98,538,20881.98,1,0,debt_consolidation,0.2387,0.3047,Medium
34,48275.98,8.8,15494.78,620,4058.43,11,0,education,0.0841,0.321,Low
22,25205.93,2.9,20483.22,668,1230.94,5,0,education,0.0488,0.8126,Low
60,38424.94,15.0,11371.2,680,1521.97,0,0,business,0.0396,0.2959,Low
23,16081.7,4.0,4520.56,700,7204.62,11,0,home_improvement,0.448,0.2811,Medium
55,44731.58,2.0,29968.94,592,3952.97,1,0,home_improvement,0.0884,0.67,Medium
53,98802.36,0.4,14403.58,654,11741.14,3,0,business,0.1188,0.1458,Medium
44,72802.41,2.4,17117.87,610,5795.96,6,0,medical,0.0796,0.2351,High
39,51111.01,4.2,21809.71,797,5323.69,1,0,business,0.1042,0.4267,Low
38,34073.25,6.1,15593.63,529,2072.71,3,0,education,0.0608,0.4576,Medium
44,52112.08,10.4,4385.96,820,744.32,3,0,debt_consolidation,0.0143,0.0842,Low
55,142288.75,14.4,10817.57,704,3419.95,7,0,home_improvement,0.024,0.076,Medium
21,103140.69,0.5,10007.8,434,1946.9,14,0,business,0.0189,0.097,Medium
56,45472.02,4.6,10208.8,610,1420.36,6,0,home_improvement,0.0312,0.2245,Low
45,23365.75,5.5,11801.76,670,5617.77,6,0,business,0.2404,0.5051,Low
63,147863.99,0.9,13812.17,646,9561.23,8,1,medical,0.0647,0.0934,Medium
54,34049.82,3.9,42526.58,521,6899.03,2,0,debt_consolidation,0.2026,1.2489,High
45,63897.64,2.0,18288.87,557,6676.44,2,0,medical,0.1045,0.2862,Low
36,22485.85,0.4,20583.88,660,2544.98,9,0,business,0.1132,0.9154,Low
54,41708.39,0.3,10091.31,539,1768.26,8,0,home_improvement,0.0424,0.2419,Medium
49,22440.18,7.1,32613.63,717,2159.86,11,0,business,0.0962,1.4533,High
39,27420.8,4.8,14479.54,629,11356.29,1,1,business,0.4141,0.528,High
43,30873.15,6.3,13239.43,697,4221.5,2,0,education,0.1367,0.4288,Low
39,62224.39,5.8,4568.47,562,21443.43,11,0,medical,0.3446,0.0734,Medium
45,46721.28,0.7,20431.57,542,11432.66,8,0,education,0.2447,0.4373,Medium
36,190256.71,0.8,23363.06,733,21085.09,9,0,debt_consolidation,0.1108,0.1228,Low
29,86413.45,1.5,22961.46,645,4991.86,5,0,business,0.0578,0.2657,Low
21,87355.87,2.5,5755.79,518,5840.84,4,0,home_improvement,0.0669,0.0659,Medium
62,63059.49,14.0,23475.54,583,1636.78,8,0,business,0.026,0.3723,Low
39,56276.14,5.6,11084.17,666,5018.55,6,0,business,0.0892,0.197,Low
53,88834.35,1.5,6284.87,532,9730.65,13,0,business,0.1095,0.0707,Low
54,14904.07,0.3,48755.68,422,38590.01,1,0,home_improvement,2.5891,3.2711,High
36,35914.43,5.8,33113.65,529,3083.94,11,0,home_improvement,0.0859,0.922,High
64,24828.63,4.9,19752.77,712,2030.27,9,0,debt_consolidation,0.0818,0.7955,Medium
60,19107.87,5.6,18296.54,511,11610.92,8,0,other,0.6076,0.9575,Medium
38,33378.01,1.5,34186.89,726,2319.69,10,0,other,0.0695,1.0242,Medium
54,27614.77,3.6,9971.76,672,3423.55,14,0,home_improvement,0.124,0.3611,Low
45,89062.89,2.2,59254.83,590,23124.72,5,1,home_improvement,0.2596,0.6653,High
26,51318.98,8.5,13702.28,742,3529.45,13,0,home_improvement,0.0688,0.267,Low
41,17944.12,0.4,24279.19,542,9829.93,2,0,debt_consolidation,0.5478,1.353,High
26,57355.31,1.6,18462.56,600,15626.94,0,0,home_improvement,0.2725,0.3219,Medium
52,29551.9,4.6,7305.3,643,3052.1,3,0,home_improvement,0.1033,0.2472,Medium
61,50571.71,1.1,13521.39,613,4106.57,10,0,debt_consolidation,0.0812,0.2674,Low
63,59686.48,5.6,32547.71,654,4399.42,12,0,debt_consolidation,0.0737,0.5453,High
59,33683.35,0.7,8401.61,696,5795.96,7,0,debt_consolidation,0.1721,0.2494,Low
51,54648.66,0.1,30204.32,600,2225.6,4,1,debt_consolidation,0.0407,0.5527,Medium
62,59936.25,10.0,19898.24,768,3560.6,4,0,debt_consolidation,0.0594,0.332,Low
30,45155.37,2.0,6087.94,575,505.03,1,0,debt_consolidation,0.0112,0.1348,Low
50,34207.07,0.9,13358.24,627,2069.97,3,0,debt_consolidation,0.0605,0.3905,Low
38,49097.88,0.9,12967.45,684,7355.3,3,0,other,0.1498,0.2641,Medium
44,45718.44,10.9,7244.49,634,9823.72,10,0,debt_consolidation,0.2149,0.1585,Medium
29,57426.46,5.3,16001.64,534,9009.12,8,0,medical,0.1569,0.2786,Medium
51,42963.81,15.7,5919.77,646,18493.76,6,1,debt_consolidation,0.4304,0.1378,High
35,27010.75,8.0,22619.46,571,11252.04,12,0,home_improvement,0.4166,0.8374,Medium
24,45048.52,7.3,7840.63,787,3468.56,13,0,other,0.077,0.174,Low
60,57718.84,3.5,11074.55,763,9196.97,6,0,home_improvement,0.1593,0.1919,Low
29,53775.2,8.6,13337.28,658,1932.63,12,0,education,0.0359,0.248,Medium
29,46375.98,2.7,33182.12,625,2383.73,8,0,home_improvement,0.0514,0.7155,High
46,38433.84,8.8,6252.53,735,5964.01,8,0,other,0.1552,0.1627,Medium
24,37452.5,7.1,9879.97,744,2266.09,4,0,debt_consolidation,0.0605,0.2638,Low
37,39447.61,5.7,14653.93,687,1240.77,0,0,debt_consolidation,0.0315,0.3715,Medium
36,83958.68,2.0,12850.87,761,6577.98,1,0,home_improvement,0.0783,0.1531,Low
35,30518.08,5.0,14268.81,678,10837.44,10,1,medical,0.3551,0.4675,High
55,51302.5,3.5,11815.43,660,11682.91,13,0,business,0.2277,0.2303,Low
25,26134.23,3.1,15800.85,672,15316.75,7,0,medical,0.5861,0.6046,Medium
25,71852.17,23.2,4120.7,602,10522.17,5,0,medical,0.1464,0.0573,Low
40,37493.9,3.5,31248.8,712,3267.0,14,0,other,0.0871,0.8334,Medium
35,32441.49,0.2,12804.3,631,4550.32,9,0,debt_consolidation,0.1403,0.3947,Low
38,54596.46,4.9,67260.82,673,3747.98,7,0,home_improvement,0.0686,1.2319,High
22,14323.06,6.5,10910.76,625,4438.66,12,0,home_improvement,0.3099,0.7617,High
49,25597.79,10.8,24857.23,685,7196.47,2,0,debt_consolidation,0.2811,0.971,Medium
33,58715.24,5.0,8539.32,668,3494.66,2,0,other,0.0595,0.1454,Low
24,81414.04,0.1,13705.71,728,2644.63,5,0,home_improvement,0.0325,0.1683,Low
62,61418.64,0.6,7316.47,604,5113.28,10,1,business,0.0833,0.1191,High
30,52560.31,0.9,11032.42,601,22523.63,3,0,business,0.4285,0.2099,Medium
51,163602.02,1.2,8611.15,705,11145.23,3,0,debt_consolidation,0.0681,0.0526,Low
61,62673.89,8.0,17995.57,784,2052.48,10,0,business,0.0327,0.2871,Low
28,29078.19,1.9,36014.27,627,2763.21,3,1,debt_consolidation,0.095,1.2385,High
23,81824.41,1.9,17509.33,698,10409.91,1,0,debt_consolidation,0.1272,0.214,Low
29,35578.0,7.0,74750.97,579,5527.12,6,0,business,0.1553,2.101,High
50,34402.39,2.7,20415.57,611,2555.51,4,0,home_improvement,0.0743,0.5934,Medium
31,24576.19,0.3,7631.93,653,10534.83,13,1,home_improvement,0.4286,0.3105,High
55,39906.43,4.4,57273.54,674,3988.43,4,0,home_improvement,0.0999,1.4352,Medium
57,26509.34,0.7,23077.57,669,5454.41,13,0,education,0.2057,0.8705,High
62,64777.42,4.2,5794.25,630,3485.23,6,0,debt_consolidation,0.0538,0.0894,Low
33,46041.21,7.6,13191.39,534,1764.23,4,0,home_improvement,0.0383,0.2865,Medium
56,24822.93,13.3,21637.1,547,2994.11,0,1,business,0.1206,0.8716,High
33,47074.1,0.3,18736.9,754,6966.07,1,1,other,0.148,0.398,High
32,80572.74,1.8,21596.99,617,3286.37,13,0,debt_consolidation,0.0408,0.268,Low
57,110318.92,5.3,24602.66,647,2934.13,4,0,home_improvement,0.0266,0.223,Low
30,20034.12,1.9,9315.76,665,1771.22,12,0,debt_consolidation,0.0884,0.465,Medium
29,33217.34,3.0,18097.98,835,5216.92,12,0,business,0.157,0.5448,High
27,25727.73,0.1,15189.19,628,5352.03,6,0,debt_consolidation,0.208,0.5904,Low
22,58499.62,5.9,11478.21,730,2379.48,12,0,business,0.0407,0.1962,Medium
43,24234.8,10.7,22057.28,572,5130.36,11,0,home_improvement,0.2117,0.9101,Medium
59,83251.18,18.8,15039.24,609,5355.27,14,0,education,0.0643,0.1806,Low
60,89486.8,8.9,26122.44,688,5900.86,11,0,medical,0.0659,0.2919,Low
59,73795.97,0.2,16092.06,700,5614.96,9,0,education,0.0761,0.2181,Low
41,34247.07,5.3,11008.13,681,2824.76,1,0,home_improvement,0.0825,0.3214,Low
43,35342.46,3.4,14708.86,653,5958.96,7,0,home_improvement,0.1686,0.4162,Low
49,39014.02,13.9,20111.34,644,4710.23,12,0,home_improvement,0.1207,0.5155,Low
34,85181.33,11.6,13676.04,751,5633.13,12,0,business,0.0661,0.1606,Low
46,20972.85,22.1,10245.04,770,8813.57,4,0,business,0.4202,0.4885,Medium
25,59460.18,9.9,14702.06,642,10023.4,8,0,home_improvement,0.1686,0.2473,Low
51,30738.64,4.0,31453.04,646,7675.96,5,0,education,0.2497,1.0232,High
45,39747.0,6.3,19953.89,628,6627.7,2,0,other,0.1667,0.502,Medium
51,70832.39,16.7,16631.23,610,12915.46,13,0,debt_consolidation,0.1823,0.2348,Low
40,22977.64,4.3,11928.86,711,2530.67,11,0,debt_consolidation,0.1101,0.5191,Medium
64,42664.81,9.2,15221.12,636,2038.35,12,0,education,0.0478,0.3568,Low
37,45962.51,14.3,7549.33,667,13330.49,13,0,business,0.29,0.1642,Low
22,48112.81,4.2,12004.43,683,11847.64,5,0,home_improvement,0.2462,0.2495,Medium
45,46555.92,0.9,18369.72,398,9727.72,8,0,medical,0.2089,0.3946,High
33,64752.6,0.8,14279.78,599,3919.39,0,0,education,0.0605,0.2205,Low
59,39104.98,0.6,10697.28,657,17798.68,14,0,other,0.4551,0.2735,Medium
48,58846.25,3.2,6414.08,709,2571.17,0,0,medical,0.0437,0.109,Low
62,57810.14,3.3,12408.33,774,3063.35,7,0,debt_consolidation,0.053,0.2146,Low
26,56558.7,4.8,8582.14,651,1929.33,11,0,home_improvement,0.0341,0.1517,Low
23,63826.22,3.3,13145.41,531,3193.64,13,0,home_improvement,0.05,0.206,High
55,56446.03,18.1,15815.47,694,5130.48,6,0,medical,0.0909,0.2802,Medium
38,46871.43,1.7,31785.51,641,3308.17,10,1,debt_consolidation,0.0706,0.6781,Medium
31,25991.54,10.4,23343.6,810,7767.2,12,0,debt_consolidation,0.2988,0.8981,Low
40,96625.06,0.5,15418.82,748,6462.98,12,0,debt_consolidation,0.0669,0.1596,Low
25,114383.58,4.6,46881.15,547,8015.08,10,0,business,0.0701,0.4099,Medium
39,40957.75,5.2,17043.96,598,11906.13,11,0,home_improvement,0.2907,0.4161,Medium
42,61586.87,7.4,8698.36,768,12836.29,0,0,debt_consolidation,0.2084,0.1412,Low
39,37279.3,3.5,11739.57,658,5138.78,7,0,other,0.1378,0.3149,Medium
36,34196.89,1.1,62778.63,696,5760.64,4,0,debt_consolidation,0.1685,1.8357,Medium
44,50395.54,2.3,8686.11,629,2939.42,8,0,home_improvement,0.0583,0.1724,Low
61,199531.6,1.6,11155.45,794,25504.23,2,1,home_improvement,0.1278,0.0559,Low
24,108844.28,2.7,24343.29,662,1750.2,12,1,business,0.0161,0.2237,Medium
35,100988.99,3.8,7869.37,714,2313.37,4,1,education,0.0229,0.0779,Medium
45,63537.53,4.9,24777.74,535,3336.62,12,0,debt_consolidation,0.0525,0.39,Medium
64,30984.35,9.3,26869.58,553,687.34,6,0,debt_consolidation,0.0222,0.8672,High
55,82323.17,12.0,15887.08,816,4076.37,9,0,education,0.0495,0.193,Low
34,11835.95,3.1,36230.07,558,5132.48,10,0,home_improvement,0.4336,3.0608,High
39,59601.58,0.5,12099.95,699,2719.57,7,0,business,0.0456,0.203,Low
58,84875.35,8.0,23485.2,724,5304.42,2,0,debt_consolidation,0.0625,0.2767,Low
56,52877.97,3.2,3238.35,673,1616.82,0,0,debt_consolidation,0.0306,0.0612,Low
27,112385.05,4.0,20005.03,728,2213.64,14,0,debt_consolidation,0.0197,0.178,Medium
50,24029.95,4.5,30055.11,503,7664.69,11,0,medical,0.319,1.2507,High
39,109135.75,5.5,21676.78,747,7281.06,12,0,home_improvement,0.0667,0.1986,Low
45,45303.71,11.0,10677.0,461,5749.6,12,0,business,0.1269,0.2357,High
36,101254.39,15.2,5456.96,719,8682.28,5,0,debt_consolidation,0.0857,0.0539,Low
60,81641.94,14.1,26772.01,850,4716.91,4,1,business,0.0578,0.3279,Low
28,104509.71,8.3,8128.53,751,7677.98,10,0,education,0.0735,0.0778,Low
38,79836.24,11.0,8801.96,657,3324.01,4,0,business,0.0416,0.1102,Medium
48,69283.88,0.3,11419.27,632,1935.44,10,0,debt_consolidation,0.0279,0.1648,Low
36,97059.73,9.5,19993.28,649,5214.86,11,0,debt_consolidation,0.0537,0.206,Low
39,50399.66,0.4,27706.86,564,10737.75,11,1,medical,0.213,0.5497,High
62,66248.68,6.9,45403.8,635,4323.51,10,0,debt_consolidation,0.0653,0.6853,Low
37,48932.2,0.9,14768.06,533,2836.24,14,0,education,0.058,0.3018,High
33,34789.93,2.2,16307.59,581,7016.17,12,0,debt_consolidation,0.2017,0.4687,Medium
27,63797.75,1.0,17940.76,722,1459.62,5,0,home_improvement,0.0229,0.2812,Low
47,54088.29,2.9,10276.64,715,7710.71,13,0,home_improvement,0.1426,0.19,Medium
30,91902.83,2.7,20891.41,683,1847.85,2,0,medical,0.0201,0.2273,Low
54,44527.97,0.2,9653.9,663,6445.81,12,0,medical,0.1448,0.2168,Low
56,33511.85,8.9,26831.9,510,12540.76,4,0,medical,0.3742,0.8006,High
45,91263.37,9.6,7663.3,619,2177.02,14,0,other,0.0239,0.084,Low
26,50598.16,7.7,23419.35,644,19869.68,9,0,home_improvement,0.3927,0.4628,Medium
44,33004.05,9.4,23649.84,523,10508.82,10,0,debt_consolidation,0.3184,0.7166,Medium
38,98176.58,6.9,5450.72,538,8240.92,0,0,education,0.0839,0.0555,Low
43,77915.51,13.9,16943.25,727,3538.46,7,0,debt_consolidation,0.0454,0.2175,Low
26,123551.86,4.3,35404.7,676,11151.26,8,0,other,0.0903,0.2866,Low
49,41338.22,4.4,15943.06,558,5252.71,3,1,education,0.1271,0.3857,Medium
45,38545.4,9.8,14511.79,760,6125.17,4,1,debt_consolidation,0.1589,0.3765,Medium
37,28473.08,2.1,10343.22,729,18539.87,6,0,education,0.6511,0.3633,Medium
44,36921.43,0.3,18952.18,640,6293.56,12,0,other,0.1705,0.5133,High
31,40409.49,6.9,11324.1,549,5652.66,9,0,debt_consolidation,0.1399,0.2802,Low
46,68975.09,1.5,18614.56,778,5025.88,4,0,education,0.0729,0.2699,Low
54,30801.39,3.2,21989.85,784,2848.1,3,0,debt_consolidation,0.0925,0.7139,Medium
48,35183.47,1.4,16540.49,743,7129.08,7,0,business,0.2026,0.4701,Low
23,114499.83,8.8,27365.54,739,4224.95,10,0,debt_consolidation,0.0369,0.239,Low
31,11322.36,15.9,17837.92,646,14551.01,10,0,business,1.285,1.5753,High
58,62325.77,0.3,11247.63,659,13350.9,14,0,home_improvement,0.2142,0.1805,Medium
34,25714.02,1.3,4726.45,759,3721.52,11,1,debt_consolidation,0.1447,0.1838,Medium
46,32773.45,1.1,10602.55,670,4469.06,5,0,debt_consolidation,0.1364,0.3235,Low
41,99875.62,5.6,12698.34,583,1957.23,1,0,education,0.0196,0.1271,Medium
59,50806.94,2.8,19640.33,576,808.74,10,0,home_improvement,0.0159,0.3866,High
50,185079.0,3.0,4562.99,738,7081.48,3,0,education,0.0383,0.0247,Low
28,67064.24,0.9,4793.73,819,3250.32,12,0,medical,0.0485,0.0715,Low
40,32375.69,2.7,4474.7,693,8326.62,2,0,debt_consolidation,0.2572,0.1382,Medium
52,64787.6,1.8,13311.65,828,2439.95,11,0,business,0.0377,0.2055,Low
42,86248.35,4.7,6334.86,492,3993.81,1,0,medical,0.0463,0.0734,Low
27,63638.02,1.2,18285.36,551,4534.23,14,0,other,0.0712,0.2873,Low
29,44016.49,4.8,11077.82,609,4406.36,5,0,debt_consolidation,0.1001,0.2517,Low
21,21046.12,2.4,5473.55,491,1112.27,10,0,debt_consolidation,0.0528,0.2601,Medium
49,41721.72,2.1,25993.75,633,9386.19,14,0,debt_consolidation,0.225,0.623,Medium
28,112849.25,1.8,13831.19,744,4473.23,9,0,debt_consolidation,0.0396,0.1226,Low
24,32913.61,5.6,26645.88,487,1810.67,0,0,other,0.055,0.8095,Medium
55,39898.32,4.1,14325.2,724,12843.15,9,0,business,0.3219,0.359,Low
23,80550.9,9.5,35410.88,552,13276.43,3,0,medical,0.1648,0.4396,Medium
60,66826.25,1.4,20528.88,585,5618.95,7,0,home_improvement,0.0841,0.3072,Medium
27,25464.74,0.2,6161.85,639,4527.41,4,1,medical,0.1778,0.242,High
47,46429.56,1.0,10215.98,645,3906.11,2,0,business,0.0841,0.22,Low
21,99060.38,2.1,9481.9,731,2151.98,1,0,education,0.0217,0.0957,Medium
47,49674.12,1.0,3619.46,634,4570.26,10,1,business,0.092,0.0729,High
36,100269.37,0.4,23992.76,705,1011.49,10,0,debt_consolidation,0.0101,0.2393,Low
58,103144.68,2.9,18286.65,735,11529.86,5,0,business,0.1118,0.1773,Medium
27,30827.73,5.6,33559.1,660,2735.19,11,0,education,0.0887,1.0886,Medium
64,42297.26,7.0,5312.8,824,1430.96,3,0,education,0.0338,0.1256,Low
43,68104.72,2.5,7104.45,600,1859.89,6,1,home_improvement,0.0273,0.1043,Medium
61,22723.55,3.3,7814.71,585,4613.95,7,1,debt_consolidation,0.203,0.3439,High
31,43847.6,7.0,34461.85,587,6689.4,14,0,business,0.1526,0.7859,High
62,64414.44,2.2,33038.26,828,3594.8,8,0,other,0.0558,0.5129,Low
53,35913.71,7.7,6430.84,717,2984.66,12,0,other,0.0831,0.1791,Low
56,65778.84,17.1,17627.79,746,2294.7,6,0,medical,0.0349,0.268,Low
57,36312.37,10.6,20598.09,705,10042.21,8,0,business,0.2765,0.5672,Low
61,36111.76,3.0,12993.37,643,7817.24,3,0,business,0.2165,0.3598,High
37,71117.8,4.3,46423.3,662,6014.48,0,1,debt_consolidation,0.0846,0.6528,High
55,97151.07,6.3,3187.42,571,1906.53,6,0,home_improvement,0.0196,0.0328,High
25,34359.29,2.1,4340.25,817,3334.61,1,0,medical,0.097,0.1263,Low
52,26750.8,8.0,14974.0,642,3315.08,13,0,debt_consolidation,0.1239,0.5597,Medium
23,48116.08,2.9,6770.3,581,19383.61,14,0,medical,0.4028,0.1407,High
55,61910.85,9.4,24050.6,533,5313.99,9,0,debt_consolidation,0.0858,0.3885,Medium
34,34188.22,1.5,5336.65,788,3128.18,10,0,business,0.0915,0.1561,Low
51,112459.04,0.1,20392.56,734,20035.38,8,0,debt_consolidation,0.1782,0.1813,Medium
51,45550.63,5.0,13808.07,690,9157.56,5,0,debt_consolidation,0.201,0.3031,Low
37,34040.83,3.0,41673.85,500,9393.42,8,0,medical,0.2759,1.2242,High
44,128778.74,0.3,8516.12,682,13995.91,11,1,education,0.1087,0.0661,High
43,92343.55,3.3,36613.84,629,10749.18,7,0,debt_consolidation,0.1164,0.3965,Low
38,34073.86,0.9,22190.06,610,3370.1,8,0,home_improvement,0.0989,0.6512,Medium
34,83580.91,5.0,7748.19,762,4272.82,6,0,business,0.0511,0.0927,Low
35,35315.52,2.9,7919.17,543,6686.62,13,1,education,0.1893,0.2242,High
35,71954.43,0.9,26761.35,534,5359.4,10,0,education,0.0745,0.3719,Medium
26,119212.42,2.7,15044.58,517,1149.46,11,1,education,0.0096,0.1262,High
47,26784.57,1.3,12650.18,577,1600.93,2,0,home_improvement,0.0598,0.4723,Medium
35,37463.22,5.3,39539.73,539,4824.55,9,1,debt_consolidation,0.1288,1.0554,High
56,37876.44,1.7,22181.33,723,1206.14,11,0,business,0.0318,0.5856,Low
28,55983.05,8.6,8276.92,577,1728.4,4,0,education,0.0309,0.1478,Low
35,62110.31,0.1,9831.31,666,3332.64,2,0,medical,0.0537,0.1583,Low
23,46884.86,2.6,17677.12,599,5214.36,12,0,education,0.1112,0.377,Medium
33,21143.34,4.8,15699.15,729,8025.43,12,0,home_improvement,0.3796,0.7425,Medium
61,26489.26,0.1,21062.95,708,10094.36,2,0,other,0.3811,0.7951,Medium
54,31515.21,1.2,22428.04,654,6224.44,6,0,medical,0.1975,0.7116,Low
44,64857.53,2.0,34553.36,778,10800.82,11,0,other,0.1665,0.5327,Low
60,24402.6,0.1,10609.7,605,2681.18,5,0,debt_consolidation,0.1099,0.4348,Medium
52,31043.93,4.0,56748.39,622,2212.77,4,0,other,0.0713,1.8279,High
52,27810.77,5.0,23641.58,663,4237.32,11,0,debt_consolidation,0.1524,0.8501,Low
50,58142.51,1.3,15914.97,701,8327.8,4,0,debt_consolidation,0.1432,0.2737,Low
33,86324.7,3.9,12298.02,497,9439.28,10,0,debt_consolidation,0.1093,0.1425,Low
21,52948.61,35.2,16995.62,742,13246.59,7,0,business,0.2502,0.321,Low
54,132820.2,10.9,4610.29,601,7612.12,0,1,home_improvement,0.0573,0.0347,Low
35,52943.16,0.3,12621.39,702,23409.94,13,0,debt_consolidation,0.4422,0.2384,Low
64,46766.73,0.7,29676.97,588,9139.66,3,0,education,0.1954,0.6346,Medium
34,33120.71,3.4,10525.03,757,4667.1,4,1,debt_consolidation,0.1409,0.3178,High
49,54257.41,1.4,4275.56,732,10859.42,8,0,debt_consolidation,0.2001,0.0788,Medium
54,32422.63,0.4,6071.2,733,17074.81,13,0,medical,0.5266,0.1872,High
38,30046.8,1.5,11129.27,685,1566.66,0,1,business,0.0521,0.3704,Medium
27,29620.42,0.3,16349.11,635,3498.21,8,0,business,0.1181,0.5519,Medium
49,43821.78,3.8,8096.73,514,2207.82,5,0,other,0.0504,0.1848,Low
51,38175.48,3.4,5907.9,654,4373.17,2,1,other,0.1146,0.1548,Low
45,184862.38,0.0,8640.61,742,3196.26,2,0,home_improvement,0.0173,0.0467,Low
58,54431.05,3.3,42610.15,714,7426.39,10,0,home_improvement,0.1364,0.7828,Medium
34,53984.92,3.7,64988.34,591,13599.34,10,0,debt_consolidation,0.2519,1.2038,High
28,37198.42,4.7,18348.94,850,13522.48,3,0,home_improvement,0.3635,0.4933,Low
47,227007.26,17.5,15725.35,735,9871.2,14,0,debt_consolidation,0.0435,0.0693,Low
22,30885.01,20.3,26273.03,590,6348.61,4,0,education,0.2055,0.8506,Low
37,38682.6,3.7,5894.41,603,2367.58,11,0,home_improvement,0.0612,0.1524,Low
57,80789.75,9.3,9590.47,567,12781.81,8,0,debt_consolidation,0.1582,0.1187,Medium
34,54240.1,0.4,3802.94,639,14215.88,5,0,education,0.2621,0.0701,Medium
45,25938.46,3.8,17684.61,776,361.84,4,0,debt_consolidation,0.0139,0.6818,Low
50,49694.33,5.7,13012.8,686,27186.67,12,0,debt_consolidation,0.5471,0.2619,High
49,68860.8,4.2,8326.98,783,1478.79,5,0,debt_consolidation,0.0215,0.1209,Low
40,63323.37,1.3,42911.77,777,2521.93,5,1,education,0.0398,0.6777,Medium
41,68226.76,0.3,28146.74,760,8131.94,8,0,debt_consolidation,0.1192,0.4125,Low
42,146217.27,2.4,13109.01,785,2064.62,9,0,education,0.0141,0.0897,Medium
55,56149.05,5.2,8282.97,650,4855.43,6,0,debt_consolidation,0.0865,0.1475,Medium
57,72971.35,24.0,16099.82,664,2020.92,13,0,business,0.0277,0.2206,Low
36,14587.36,1.3,14229.72,540,8537.4,12,0,debt_consolidation,0.5852,0.9754,High
63,124589.85,12.5,9826.24,697,4107.68,14,1,home_improvement,0.033,0.0789,Medium
37,50640.13,0.4,7432.08,669,3480.71,6,0,home_improvement,0.0687,0.1468,High
36,31761.09,13.4,15451.8,810,8797.62,3,1,education,0.277,0.4865,Low
22,44461.81,8.9,15295.24,622,3565.41,4,1,education,0.0802,0.344,Medium
24,68272.4,0.1,6995.13,568,11142.85,6,0,medical,0.1632,0.1025,Low
41,82238.12,1.8,4114.29,534,2799.89,7,0,debt_consolidation,0.034,0.05,Medium
59,46740.97,0.3,10884.83,761,2467.74,5,0,medical,0.0528,0.2329,Medium
54,66218.89,27.0,5658.78,664,5604.25,7,0,debt_consolidation,0.0846,0.0855,Low
50,42975.76,2.8,8285.48,626,6738.21,13,0,medical,0.1568,0.1928,Medium
26,62681.0,5.4,9596.3,669,4600.15,8,0,medical,0.0734,0.1531,Low
37,54346.55,1.3,17537.74,549,3251.08,14,0,debt_consolidation,0.0598,0.3227,Low
59,56977.57,13.6,9536.2,545,2131.52,0,0,debt_consolidation,0.0374,0.1674,Medium
45,41961.92,1.6,15742.42,788,5644.4,13,0,debt_consolidation,0.1345,0.3752,Medium
25,59983.76,1.5,7771.55,666,5529.62,3,0,debt_consolidation,0.0922,0.1296,Medium
25,32426.35,1.9,16277.18,683,4059.85,8,0,other,0.1252,0.502,Low
40,54030.79,3.1,10999.35,651,19274.62,4,0,home_improvement,0.3567,0.2036,Low
36,35695.01,0.1,15913.87,599,2841.66,10,0,debt_consolidation,0.0796,0.4458,Medium
61,29826.97,4.6,29134.51,599,25144.28,3,1,home_improvement,0.843,0.9768,Medium
57,34448.43,0.2,11932.25,567,3907.04,8,0,debt_consolidation,0.1134,0.3464,Medium
60,44178.23,3.9,12188.54,741,11938.97,1,0,other,0.2702,0.2759,Low
29,37637.8,3.1,17449.9,688,6433.71,1,0,education,0.1709,0.4636,Low
25,59763.07,1.4,18293.27,607,13345.5,10,0,business,0.2233,0.3061,High
62,51013.52,2.0,3200.41,709,26959.45,14,0,debt_consolidation,0.5285,0.0627,Medium
22,81412.18,6.1,6717.66,585,6191.98,14,0,debt_consolidation,0.0761,0.0825,Low
29,46993.7,0.0,15409.86,732,2587.23,7,0,education,0.0551,0.3279,High
63,53655.73,1.9,35778.94,583,1426.62,7,0,other,0.0266,0.6668,High
56,124612.05,5.7,5491.67,662,3389.7,4,0,medical,0.0272,0.0441,Low
42,39363.03,0.8,9479.24,596,13052.94,5,0,education,0.3316,0.2408,Medium
42,42506.99,4.1,15464.98,768,13961.34,10,0,business,0.3284,0.3638,Medium
42,89477.66,0.9,7460.28,766,13101.78,4,0,home_improvement,0.1464,0.0834,Medium
54,30381.42,0.8,18489.94,708,4316.32,7,0,debt_consolidation,0.1421,0.6086,Low
49,94625.96,7.4,20545.79,644,11525.33,5,0,debt_consolidation,0.1218,0.2171,Low
58,43545.05,1.5,17389.22,612,7513.5,5,0,medical,0.1725,0.3993,Medium
53,32317.01,2.4,15073.18,667,2561.11,6,0,education,0.0792,0.4664,High
38,77080.7,6.5,7259.2,594,3541.13,1,0,debt_consolidation,0.0459,0.0942,Medium
27,43236.35,1.0,11188.51,721,21647.41,8,0,business,0.5007,0.2588,Medium
21,122044.83,3.8,28619.94,634,1577.42,2,0,debt_consolidation,0.0129,0.2345,Low
53,51050.92,12.5,16615.33,658,11384.63,8,0,education,0.223,0.3255,Low
21,50865.64,4.0,3281.75,670,2154.87,9,1,debt_consolidation,0.0424,0.0645,High
44,36568.73,0.3,21846.78,774,5507.59,4,0,business,0.1506,0.5974,Medium
24,45552.37,4.5,17066.55,646,18121.16,14,0,education,0.3978,0.3746,High
24,42773.67,0.5,10873.3,795,7321.35,13,0,home_improvement,0.1712,0.2542,Low
38,95386.39,1.7,11790.16,719,4827.25,0,0,education,0.0506,0.1236,Low
47,56658.73,9.5,9246.09,719,4218.54,9,0,other,0.0745,0.1632,Low
63,69757.16,0.1,13960.75,601,14672.55,3,0,education,0.2103,0.2001,Low
52,51495.44,0.4,13396.9,554,8981.78,5,0,home_improvement,0.1744,0.2602,Low
53,39915.66,2.3,11520.72,657,12589.9,2,0,home_improvement,0.3154,0.2886,Medium
48,59011.96,37.1,15644.78,565,11253.34,12,0,home_improvement,0.1907,0.2651,Medium
62,108594.21,1.7,12388.59,507,10186.87,12,0,home_improvement,0.0938,0.1141,Low
61,29021.83,0.9,24383.36,613,6320.96,11,0,debt_consolidation,0.2178,0.8401,High
56,60460.2,4.0,22040.77,520,2868.07,5,0,debt_consolidation,0.0474,0.3645,High
26,103599.8,3.7,5948.51,728,7303.34,13,0,home_improvement,0.0705,0.0574,Low
36,32617.81,3.0,16706.16,560,4057.7,10,0,medical,0.1244,0.5122,Medium
54,77730.71,14.7,11307.2,518,1327.87,14,0,medical,0.0171,0.1455,Low
43,77775.79,1.6,7466.39,606,18181.06,0,0,education,0.2338,0.096,Medium
62,25664.39,1.7,16293.36,697,2112.79,9,0,debt_consolidation,0.0823,0.6348,Medium
44,85409.98,0.8,17037.04,615,3662.56,9,0,home_improvement,0.0429,0.1995,Low
33,36422.46,6.0,70005.91,716,2359.32,8,0,business,0.0648,1.922,High
38,58654.81,1.9,3526.05,701,2575.91,14,0,debt_consolidation,0.0439,0.0601,Low
33,81803.11,8.1,10080.89,675,2196.96,8,0,home_improvement,0.0269,0.1232,Low
57,89325.35,17.8,60244.73,600,3434.06,10,0,debt_consolidation,0.0384,0.6744,Low
63,22744.42,0.2,8504.12,685,5885.06,3,0,debt_consolidation,0.2587,0.3739,Low
59,119886.56,24.9,16621.29,457,6251.16,1,0,home_improvement,0.0521,0.1386,Low
62,99604.65,1.5,15094.65,641,9514.3,11,1,home_improvement,0.0955,0.1515,Medium
37,82947.82,2.7,14066.46,744,3520.26,10,0,other,0.0424,0.1696,Low
35,58731.94,7.5,9521.48,600,618.92,7,0,business,0.0105,0.1621,Low
38,39424.83,5.5,9985.78,676,11564.17,6,0,business,0.2933,0.2533,Low
43,28521.37,7.5,16167.88,504,10248.77,0,0,home_improvement,0.3593,0.5668,High
50,21765.47,3.1,11925.03,709,2981.61,5,0,home_improvement,0.137,0.5479,Medium
54,67661.19,12.4,16047.67,625,9361.36,9,0,home_improvement,0.1384,0.2372,Low
24,82926.95,7.8,17801.57,624,5854.04,11,0,debt_consolidation,0.0706,0.2147,Medium
23,46989.96,1.8,24115.13,623,5939.07,4,1,other,0.1264,0.5132,High
27,38929.7,14.8,25294.1,673,6503.83,1,0,education,0.1671,0.6497,Low
38,50764.7,16.2,14808.27,615,2207.82,12,0,business,0.0435,0.2917,Low
62,35589.5,2.7,6831.16,660,2986.84,12,0,debt_consolidation,0.0839,0.1919,Medium
27,49553.34,5.3,28686.95,551,6815.17,12,0,debt_consolidation,0.1375,0.5789,Medium
60,34582.99,8.4,16473.47,616,4685.26,4,0,debt_consolidation,0.1355,0.4763,Medium
26,66570.69,8.5,22216.78,673,4806.04,5,0,education,0.0722,0.3337,Low
42,91302.62,0.1,17853.58,636,11284.99,9,0,other,0.1236,0.1955,Medium
21,63212.24,5.0,11867.02,678,601.64,12,0,education,0.0095,0.1877,Low
24,47087.71,18.2,11094.37,699,12600.63,5,1,home_improvement,0.2676,0.2356,High
63,80383.59,1.3,35435.58,699,5283.98,1,0,medical,0.0657,0.4408,Low
49,49486.4,7.9,14406.28,704,4730.51,0,0,other,0.0956,0.2911,Low
41,79116.31,3.8,13267.58,488,6437.55,3,0,home_improvement,0.0814,0.1677,Low
46,35665.1,1.3,8420.71,556,3576.74,14,0,home_improvement,0.1003,0.2361,Medium
34,38049.05,0.3,11572.66,795,2062.28,11,0,home_improvement,0.0542,0.3041,Low
29,29899.37,7.1,24465.41,728,8268.21,14,0,home_improvement,0.2765,0.8182,Medium
32,38842.18,1.9,14194.66,619,18376.57,14,0,business,0.4731,0.3654,High
62,80073.34,2.4,30048.18,697,11845.61,3,0,medical,0.1479,0.3753,Low
26,31701.72,3.3,16877.66,602,11608.56,8,0,medical,0.3662,0.5324,High
40,15486.44,3.5,14661.86,702,1428.61,11,0,debt_consolidation,0.0922,0.9467,Medium
44,39844.62,1.2,10522.17,573,9452.36,13,0,debt_consolidation,0.2372,0.2641,High
47,27258.9,5.6,14248.66,681,3352.33,0,0,home_improvement,0.123,0.5227,Medium
58,38093.33,5.9,8258.53,635,3056.17,10,1,debt_consolidation,0.0802,0.2168,Medium
28,140566.33,0.8,20074.88,710,4715.42,9,0,debt_consolidation,0.0335,0.1428,Low
21,31429.91,3.8,13332.5,837,14969.92,14,0,debt_consolidation,0.4763,0.4242,Low
44,67290.0,4.7,11901.66,656,2379.04,10,0,business,0.0354,0.1769,Medium
27,47093.6,1.0,11763.16,499,3653.63,0,0,home_improvement,0.0776,0.2498,High
39,59055.94,11.2,20755.27,666,1616.83,7,0,business,0.0274,0.3514,Low
42,38001.08,3.3,9430.7,643,1149.58,4,0,debt_consolidation,0.0303,0.2482,Low
55,87611.99,0.6,25349.31,460,3677.22,8,1,other,0.042,0.2893,High
50,60683.29,2.0,10599.67,589,11855.97,5,0,other,0.1954,0.1747,High
49,61532.31,3.2,20010.71,709,12778.47,9,0,other,0.2077,0.3252,Low
42,51505.66,0.1,10346.76,733,5800.62,2,0,debt_consolidation,0.1126,0.2009,Low
31,91856.29,0.2,9668.58,734,5102.73,0,1,medical,0.0556,0.1053,Low
40,64865.8,0.3,33246.23,780,2939.84,9,0,home_improvement,0.0453,0.5125,Low
49,59009.42,3.9,20391.15,627,1321.75,12,0,education,0.0224,0.3456,Low
61,67936.08,2.0,14407.73,572,1605.18,5,0,debt_consolidation,0.0236,0.2121,Low
62,20333.22,11.2,5629.49,525,13790.94,10,0,home_improvement,0.6782,0.2768,High
54,53845.83,4.1,17376.4,650,1634.1,2,0,medical,0.0303,0.3227,Low
21,47476.4,7.1,24865.25,602,1207.58,3,0,home_improvement,0.0254,0.5237,Medium
51,87929.63,5.8,15091.36,581,2559.21,2,0,other,0.0291,0.1716,High
50,34526.61,3.7,13645.42,518,1006.39,6,0,home_improvement,0.0291,0.3952,Low
38,54206.33,6.8,15103.25,619,11257.16,11,0,business,0.2077,0.2786,Medium
37,128273.53,3.9,17481.96,584,4599.57,10,0,home_improvement,0.0359,0.1363,Low
58,48394.55,2.4,9501.72,592,3379.79,10,0,debt_consolidation,0.0698,0.1963,High
34,25206.65,2.9,13301.06,790,6685.7,8,0,home_improvement,0.2652,0.5277,Low
43,145360.19,9.1,14515.08,648,8934.96,4,0,home_improvement,0.0615,0.0999,Low
45,34276.89,4.1,23793.7,637,5112.47,5,0,debt_consolidation,0.1491,0.6941,High
35,29147.11,2.4,3721.17,715,4867.42,4,0,home_improvement,0.167,0.1277,Medium
42,29727.26,1.0,24186.77,611,1712.13,2,0,debt_consolidation,0.0576,0.8136,High
23,70532.74,3.4,5351.25,689,2841.18,2,0,debt_consolidation,0.0403,0.0759,Low
39,93797.17,1.5,9061.87,705,8417.77,3,0,medical,0.0897,0.0966,Low
64,118208.05,15.6,13380.41,572,4760.01,4,0,education,0.0403,0.1132,Low
54,49397.75,3.4,20683.06,630,13145.54,6,0,education,0.2661,0.4187,Low
55,29928.4,0.0,26008.39,533,9893.67,13,0,home_improvement,0.3306,0.869,Medium
21,36865.36,0.5,8976.14,561,985.14,8,0,debt_consolidation,0.0267,0.2435,High
41,49850.91,1.7,19258.02,591,6986.28,4,0,business,0.1401,0.3863,High
49,48504.29,0.5,8044.19,678,4813.17,1,0,debt_consolidation,0.0992,0.1658,Low
26,94291.76,11.2,6788.01,564,1066.48,12,0,education,0.0113,0.072,Low
57,25366.71,9.6,34287.81,660,931.12,8,0,home_improvement,0.0367,1.3516,Medium
21,28064.53,17.7,33358.7,627,2739.15,4,1,other,0.0976,1.1886,High
21,41986.15,6.1,11124.76,626,3522.83,5,0,medical,0.0839,0.265,Medium
47,58959.27,5.2,5749.66,710,8941.23,8,0,home_improvement,0.1516,0.0975,Low
41,39287.9,12.9,6844.89,786,2026.24,3,1,other,0.0516,0.1742,Medium
36,37720.48,14.6,26042.22,520,18680.26,10,1,education,0.4952,0.6904,High
64,88156.88,10.5,17181.02,693,8260.41,13,0,business,0.0937,0.1949,Low
60,62067.42,9.9,7050.04,810,4300.33,13,0,debt_consolidation,0.0693,0.1136,Low
46,29960.6,5.6,14903.07,727,6568.78,11,1,other,0.2192,0.4974,Medium
36,37992.57,0.0,8399.63,698,22007.31,2,0,debt_consolidation,0.5792,0.2211,Medium
48,63475.45,2.8,5273.47,505,4052.48,3,0,debt_consolidation,0.0638,0.0831,Low
21,26094.73,5.0,7104.27,749,4133.15,7,0,debt_consolidation,0.1584,0.2722,Low
56,63282.66,4.0,25521.02,783,7277.04,11,0,debt_consolidation,0.115,0.4033,Low
30,41278.66,8.6,4889.09,703,1906.03,6,0,other,0.0462,0.1184,Low
63,58771.02,8.5,12318.04,724,4703.97,6,0,home_improvement,0.08,0.2096,Low
37,52048.55,4.6,6901.32,734,2857.91,10,1,debt_consolidation,0.0549,0.1326,Medium
43,28038.19,0.1,27204.85,705,9568.15,0,0,debt_consolidation,0.3412,0.9702,High
27,35656.62,2.3,11923.57,714,4609.25,1,0,debt_consolidation,0.1293,0.3344,Low
64,101083.33,1.3,24703.88,520,9377.81,2,0,debt_consolidation,0.0928,0.2444,Low
27,160437.69,2.1,8648.15,849,3976.23,0,0,debt_consolidation,0.0248,0.0539,Low
64,20463.11,4.8,15170.17,728,1506.62,8,0,debt_consolidation,0.0736,0.7413,Low
35,82583.2,0.3,8982.14,724,16951.36,8,0,debt_consolidation,0.2053,0.1088,Low
54,56829.36,0.1,5911.43,679,2378.41,13,0,home_improvement,0.0419,0.104,High
24,138848.91,2.9,8030.05,495,5154.1,4,0,other,0.0371,0.0578,Medium
34,37076.7,7.9,10343.61,465,6162.43,10,0,education,0.1662,0.279,High
34,76813.98,0.2,6123.63,690,9607.51,14,0,business,0.1251,0.0797,Low
36,42136.87,9.5,21495.75,647,15913.01,10,0,other,0.3776,0.5101,Low
27,93032.26,2.4,8019.39,711,3735.53,3,0,education,0.0402,0.0862,Low
52,155693.39,0.6,24973.57,626,2298.23,2,0,home_improvement,0.0148,0.1604,Medium
39,54531.44,4.2,8466.98,622,764.5,8,0,education,0.014,0.1553,Low
22,27736.9,15.2,10769.7,629,4207.93,1,0,home_improvement,0.1517,0.3883,Low
30,99402.88,3.9,8160.7,614,734.46,7,0,debt_consolidation,0.0074,0.0821,Low
37,65038.92,5.8,13237.16,565,2069.07,6,0,business,0.0318,0.2035,Low
57,59220.11,8.5,8238.69,550,4437.09,1,0,education,0.0749,0.1391,High
32,108187.3,8.0,7803.42,689,15390.89,11,1,other,0.1423,0.0721,Medium
26,27755.29,0.4,32616.31,699,4084.92,2,0,debt_consolidation,0.1472,1.1751,Medium
42,34266.0,6.8,27189.23,414,8848.83,1,0,home_improvement,0.2582,0.7935,High
52,65981.7,14.9,43472.99,633,4920.04,14,0,education,0.0746,0.6589,Medium
61,33886.12,6.0,12423.91,632,4671.1,10,0,business,0.1378,0.3666,Low
40,41856.2,9.1,4323.44,686,10480.15,11,0,business,0.2504,0.1033,Low
21,92724.11,3.3,12807.58,689,5950.58,2,0,debt_consolidation,0.0642,0.1381,Low
26,60868.85,1.9,8486.36,705,3327.22,3,0,debt_consolidation,0.0547,0.1394,Medium
39,27189.5,5.6,10087.85,623,12780.93,4,0,other,0.4701,0.371,High
38,60115.19,3.4,13030.9,593,3040.0,1,0,debt_consolidation,0.0506,0.2168,Low
26,91083.92,11.3,37491.32,513,2059.46,11,0,education,0.0226,0.4116,Medium
53,53410.84,18.3,14189.05,641,1841.77,11,0,debt_consolidation,0.0345,0.2657,Low
43,75803.46,8.6,46119.92,524,3477.37,11,0,debt_consolidation,0.0459,0.6084,Medium
43,37854.11,24.6,8909.45,594,5068.59,11,0,medical,0.1339,0.2354,Low
46,55822.88,2.1,32477.89,539,6132.05,6,0,home_improvement,0.1098,0.5818,Low
33,22283.86,11.3,14779.4,758,3991.75,11,0,other,0.1791,0.6632,Medium
27,67162.22,2.0,3846.13,547,3636.32,3,0,education,0.0541,0.0573,Low
35,58692.39,0.6,14866.87,581,6072.28,10,1,home_improvement,0.1035,0.2533,High
64,25715.96,4.9,20372.34,694,10955.57,13,0,home_improvement,0.426,0.7922,Medium
47,104866.11,3.0,5059.16,741,370.51,0,0,debt_consolidation,0.0035,0.0482,Low
46,65222.98,12.7,11307.0,592,1008.32,3,0,medical,0.0155,0.1734,Low
53,34671.13,3.4,9801.95,772,10183.25,8,0,debt_consolidation,0.2937,0.2827,Low
35,68054.48,13.1,23879.81,627,3459.11,12,0,debt_consolidation,0.0508,0.3509,Medium
56,29964.91,0.4,10272.56,743,9287.32,13,0,medical,0.3099,0.3428,Low
47,32110.27,8.9,10604.62,653,1606.92,4,0,other,0.05,0.3302,Low
25,30042.98,7.1,7912.49,545,4656.71,14,0,home_improvement,0.155,0.2634,High
22,29612.42,6.4,7543.92,580,1685.42,1,0,medical,0.0569,0.2547,Low
53,61010.81,2.2,7413.53,641,6357.95,11,0,medical,0.1042,0.1215,Low
36,51393.26,7.7,6527.08,734,3643.27,5,1,education,0.0709,0.127,Low
43,71261.44,3.3,6317.94,694,1428.79,6,1,medical,0.02,0.0887,Medium
58,11969.98,6.3,32736.17,751,7580.83,1,0,other,0.6333,2.7346,High
36,40304.98,4.0,30828.35,594,7341.39,9,0,debt_consolidation,0.1821,0.7649,High
34,40590.84,0.9,26595.53,523,3759.76,1,1,home_improvement,0.0926,0.6552,Medium
49,50328.01,0.3,13960.11,698,3104.25,9,0,education,0.0617,0.2774,Medium
46,49681.4,2.3,10349.1,686,10101.65,2,1,debt_consolidation,0.2033,0.2083,Medium
55,54942.51,13.5,18253.87,637,6310.89,14,0,business,0.1149,0.3322,Low
35,51246.74,3.8,32312.84,610,4681.11,11,0,business,0.0913,0.6305,Low
23,38972.1,8.1,15302.84,617,1808.63,10,0,debt_consolidation,0.0464,0.3927,High
43,40143.94,4.3,10552.28,589,23275.4,9,0,education,0.5798,0.2629,High
49,47743.13,15.8,19025.21,677,4576.12,3,0,debt_consolidation,0.0958,0.3985,Low
54,63090.26,2.3,99913.08,701,18439.32,14,0,debt_consolidation,0.2923,1.5836,High
53,51151.59,0.3,8313.9,754,3054.1,4,0,education,0.0597,0.1625,Low
61,33103.94,7.6,7152.39,651,3510.77,2,0,education,0.106,0.2161,Low
61,32239.15,6.1,27857.23,677,3165.35,12,0,education,0.0982,0.8641,High
43,63256.16,3.7,24884.1,518,5551.87,3,1,debt_consolidation,0.0878,0.3934,Medium
27,71588.97,2.0,7151.94,659,4776.72,6,0,debt_consolidation,0.0667,0.0999,Low
23,83742.94,1.0,16085.23,699,8324.53,5,0,home_improvement,0.0994,0.1921,Low
52,38351.04,3.3,10884.55,586,4057.11,1,0,debt_consolidation,0.1058,0.2838,High
51,19171.08,5.5,6328.98,763,6507.38,11,0,home_improvement,0.3394,0.3301,Low
38,59327.15,4.3,6533.87,586,7415.63,14,0,business,0.125,0.1101,Low
63,34275.43,2.9,9470.5,671,1521.36,6,1,business,0.0444,0.2763,Medium
27,46551.51,3.9,14698.49,664,2004.85,1,0,debt_consolidation,0.0431,0.3157,Low
61,52792.0,0.6,20384.83,580,1793.79,12,0,debt_consolidation,0.034,0.3861,Medium
21,64655.27,6.0,10528.65,637,8320.5,11,0,debt_consolidation,0.1287,0.1628,Medium
34,76618.93,6.6,11364.54,654,11998.69,14,0,medical,0.1566,0.1483,Medium
52,87975.83,0.1,18909.79,658,3310.8,11,0,education,0.0376,0.2149,Medium
26,94812.76,1.6,11125.24,526,7622.1,14,0,medical,0.0804,0.1173,Medium
59,51638.52,0.5,11421.15,678,3338.01,11,0,debt_consolidation,0.0646,0.2212,Low
30,21071.54,31.7,26923.96,730,8264.33,2,0,education,0.3922,1.2777,Low
27,36142.68,4.5,10650.11,720,50870.73,0,0,business,1.4075,0.2947,High
46,99117.67,3.1,9239.2,711,17059.35,5,0,debt_consolidation,0.1721,0.0932,Low
54,52805.98,3.1,9309.01,572,14413.63,10,0,business,0.2729,0.1763,Medium
50,145682.85,16.7,12069.68,705,20590.25,12,0,debt_consolidation,0.1413,0.0828,Low
56,40558.77,5.4,28654.26,529,7441.86,9,0,home_improvement,0.1835,0.7065,Low
41,155816.06,0.9,17328.49,635,12065.83,12,0,education,0.0774,0.1112,Low
37,48983.84,3.0,12394.78,560,3260.39,3,0,debt_consolidation,0.0666,0.253,High
53,39740.39,7.4,12516.42,728,8765.02,8,0,business,0.2206,0.3149,Low
30,34343.45,2.8,21227.78,658,2315.79,3,0,education,0.0674,0.6181,Low
62,68181.39,1.9,12481.93,493,16795.25,10,0,debt_consolidation,0.2463,0.1831,Medium
32,24184.64,23.7,12372.39,623,2386.07,9,0,medical,0.0987,0.5116,High
36,37239.38,13.7,16315.01,535,4567.29,5,0,home_improvement,0.1226,0.4381,Low
61,47748.8,14.2,8695.2,605,3595.67,7,0,home_improvement,0.0753,0.1821,Medium
52,15852.49,0.7,43207.15,622,5234.91,4,1,debt_consolidation,0.3302,2.7254,High
35,46689.85,1.3,41489.73,702,7339.84,2,0,other,0.1572,0.8886,High
47,115872.79,2.9,14073.41,722,1309.95,8,0,business,0.0113,0.1215,Low
48,60838.46,8.9,12440.74,536,4897.16,10,0,business,0.0805,0.2045,High
37,35276.67,6.7,7858.25,626,14119.72,2,0,business,0.4002,0.2228,Medium
22,38602.12,9.5,13990.76,618,4780.18,14,0,home_improvement,0.1238,0.3624,Medium
56,58021.72,12.7,7369.75,547,9067.18,8,0,home_improvement,0.1563,0.127,Low
27,37972.84,7.6,12197.22,627,1069.57,12,0,business,0.0282,0.3212,Medium
33,61962.21,1.5,20875.41,719,2298.79,14,0,debt_consolidation,0.0371,0.3369,Low
35,37440.65,1.7,24886.72,566,18590.6,1,0,business,0.4965,0.6647,High
45,29373.66,2.2,32034.77,719,2660.04,10,0,home_improvement,0.0906,1.0906,Medium
43,88468.14,1.8,17629.97,540,3338.55,7,1,debt_consolidation,0.0377,0.1993,Medium
42,69878.96,1.4,7884.33,776,4042.53,11,0,education,0.0578,0.1128,Low
46,19068.35,7.0,32324.47,647,3637.48,12,0,debt_consolidation,0.1908,1.6951,Medium
53,41422.14,0.2,23788.54,590,438.52,12,0,debt_consolidation,0.0106,0.5743,Medium
31,82575.61,6.5,10475.18,700,8966.0,5,1,debt_consolidation,0.1086,0.1269,High
30,45113.18,8.7,7354.99,848,6877.78,13,0,home_improvement,0.1525,0.163,Low
45,36670.41,0.3,15027.25,758,9837.09,8,0,education,0.2682,0.4098,High
57,43205.71,0.3,29261.71,645,6153.36,4,0,debt_consolidation,0.1424,0.6772,High
63,51816.23,1.7,10351.78,753,2972.01,13,1,debt_consolidation,0.0574,0.1998,Low
58,44809.8,1.2,14663.97,832,6735.3,3,0,business,0.1503,0.3272,Low
61,47035.68,4.4,19113.97,620,2981.14,12,0,education,0.0634,0.4064,Low
44,45480.1,5.6,5611.67,663,6901.42,14,0,other,0.1517,0.1234,Low
60,30127.41,5.0,9228.32,584,12226.83,1,0,business,0.4058,0.3063,Low
53,29360.93,2.2,35407.07,619,10845.83,0,1,business,0.3694,1.2059,High
37,28424.93,3.4,4198.2,628,4009.91,3,0,home_improvement,0.1411,0.1477,Low
44,51315.58,5.1,27522.16,615,1717.22,7,0,debt_consolidation,0.0335,0.5363,Medium
57,65603.4,0.6,27326.09,744,6299.27,9,0,other,0.096,0.4165,Low
22,30618.16,1.3,17257.49,500,5243.65,8,0,education,0.1713,0.5636,Medium
52,23154.4,11.1,14574.89,652,2912.09,0,0,home_improvement,0.1258,0.6294,Medium
44,31708.51,2.1,4990.96,645,11822.96,1,0,business,0.3729,0.1574,Medium
29,98834.48,8.1,17909.62,612,5784.85,12,1,other,0.0585,0.1812,Medium
24,41916.95,1.4,10320.1,716,8834.97,14,0,home_improvement,0.2108,0.2462,Low
37,44044.58,0.2,27644.58,714,697.16,11,0,other,0.0158,0.6276,Medium
37,32897.22,3.5,16354.67,654,791.22,11,0,business,0.0241,0.4971,Low
50,65241.62,11.2,5275.14,675,8252.39,2,0,other,0.1265,0.0809,Low
60,46089.12,8.6,8431.27,646,8387.02,7,0,education,0.182,0.1829,Medium
31,34087.31,1.5,5244.01,700,2366.45,10,0,debt_consolidation,0.0694,0.1538,Low
41,29276.62,12.0,6005.77,776,12281.56,8,0,business,0.4195,0.2051,Medium
41,59214.62,3.3,22419.8,735,12728.08,2,0,other,0.2149,0.3786,Low
38,55937.63,0.3,11540.97,829,4559.64,11,0,home_improvement,0.0815,0.2063,Low
49,26393.15,0.1,8654.31,717,9986.26,3,0,home_improvement,0.3784,0.3279,Low
44,90553.05,3.3,13137.0,503,8995.37,7,1,debt_consolidation,0.0993,0.1451,High
30,35562.81,4.0,10622.29,701,12471.25,2,0,business,0.3507,0.2987,High
37,16116.89,0.4,14677.67,591,5692.61,10,0,debt_consolidation,0.3532,0.9106,High
38,105273.52,12.8,47858.31,755,7173.57,5,0,education,0.0681,0.4546,Low
62,46570.79,6.3,13214.26,628,7728.13,13,0,debt_consolidation,0.1659,0.2837,Low
40,60915.03,8.1,26163.76,544,2717.35,14,0,education,0.0446,0.4295,High
57,113113.06,4.4,4249.54,677,1730.77,0,0,home_improvement,0.0153,0.0376,Low
38,29693.67,5.4,10652.92,628,2683.87,11,0,other,0.0904,0.3587,Low
37,62296.95,2.5,6311.96,684,9382.36,6,0,business,0.1506,0.1013,Low
29,88226.63,5.7,15419.27,678,3161.32,13,0,medical,0.0358,0.1748,Low
34,30722.32,19.1,21216.56,679,1345.22,4,0,debt_consolidation,0.0438,0.6906,Low
49,101755.53,5.2,22604.72,680,680.58,14,0,other,0.0067,0.2221,Low
51,24231.78,2.1,12334.39,720,4894.4,3,0,debt_consolidation,0.202,0.509,Low
24,46738.22,1.7,27671.84,664,11209.68,7,0,other,0.2398,0.592,Medium
38,28633.47,16.5,16173.43,640,2724.38,7,0,medical,0.0951,0.5648,Low
40,69419.39,1.0,18825.78,630,4377.35,6,0,debt_consolidation,0.0631,0.2712,Low
63,30251.55,8.2,10055.57,621,2773.91,0,0,education,0.0917,0.3324,Low
64,36002.57,3.1,9712.8,628,3567.37,9,0,home_improvement,0.0991,0.2698,High
29,31587.52,2.9,11130.36,719,3373.86,5,0,home_improvement,0.1068,0.3524,Medium
33,26877.16,6.9,28915.58,756,2245.64,2,1,debt_consolidation,0.0835,1.0758,Medium
35,33406.89,0.8,10058.68,714,13066.48,7,1,medical,0.3911,0.3011,Medium
47,47922.2,3.1,5323.92,675,7313.82,9,0,debt_consolidation,0.1526,0.1111,Medium
35,46625.0,0.2,11821.64,658,1904.38,2,0,education,0.0408,0.2535,Low
48,43992.02,5.5,9347.9,669,2924.22,14,0,business,0.0665,0.2125,Low
57,35127.11,0.3,25022.76,670,3787.24,14,0,other,0.1078,0.7123,Medium
39,41026.9,0.5,14700.14,603,5161.9,10,0,debt_consolidation,0.1258,0.3583,Low
46,22185.79,9.3,17612.26,593,5867.64,7,0,home_improvement,0.2645,0.7938,Medium
46,34561.88,2.9,25610.45,657,3635.08,4,0,debt_consolidation,0.1052,0.741,Low
45,43875.84,1.1,16109.75,582,4190.63,14,0,medical,0.0955,0.3672,Low
46,56793.57,4.5,7448.78,587,6061.13,4,0,home_improvement,0.1067,0.1312,Medium
46,53430.2,3.7,16868.47,596,3274.83,7,0,debt_consolidation,0.0613,0.3157,Low
48,26529.43,2.6,27611.87,745,13567.65,2,0,business,0.5114,1.0408,High
38,60711.82,11.8,13368.75,770,10577.78,3,0,home_improvement,0.1742,0.2202,Low
52,52110.68,6.9,14018.57,650,4155.51,0,0,medical,0.0797,0.269,Low
23,100718.37,0.8,9820.73,655,12649.96,8,0,education,0.1256,0.0975,Low
22,23220.7,4.2,15123.68,708,7092.97,2,0,debt_consolidation,0.3054,0.6513,Low
53,45787.28,0.5,17637.37,578,6705.83,7,0,medical,0.1465,0.3852,Medium
62,82096.71,1.4,26930.63,660,15623.51,0,0,other,0.1903,0.328,Low
39,42268.06,12.0,38188.1,809,9687.43,0,0,education,0.2292,0.9035,Medium
37,31047.45,3.1,18179.37,645,11023.78,11,0,medical,0.3551,0.5855,Medium
64,32596.8,11.1,33178.53,642,1883.87,5,0,other,0.0578,1.0178,Low
53,72576.42,0.9,16425.31,643,4655.0,11,0,education,0.0641,0.2263,High
32,22605.67,1.1,19377.45,631,2704.06,10,0,business,0.1196,0.8572,Medium
23,41497.35,2.2,62859.57,684,1589.03,5,0,debt_consolidation,0.0383,1.5147,Medium
63,31633.29,2.3,12688.33,675,1296.75,6,0,home_improvement,0.041,0.4011,Low
46,32844.26,6.8,6849.45,487,8700.75,0,0,education,0.2649,0.2085,High
55,61132.59,4.6,50528.1,697,5761.8,2,0,debt_consolidation,0.0942,0.8265,Low
28,40229.41,4.0,20096.4,573,1525.86,3,0,education,0.0379,0.4995,Medium
56,55078.63,4.6,6676.09,704,4791.07,8,0,home_improvement,0.087,0.1212,Low
27,26344.01,6.6,12251.54,653,3203.44,14,0,medical,0.1216,0.465,High
56,74231.9,11.2,17662.73,661,2126.37,7,0,home_improvement,0.0286,0.2379,Low
36,54520.77,2.7,8589.04,667,8688.02,3,0,debt_consolidation,0.1593,0.1575,Medium
44,91035.42,8.1,6398.86,607,3972.23,9,0,business,0.0436,0.0703,Low
21,39995.6,3.4,21898.16,603,10361.73,13,0,debt_consolidation,0.2591,0.5475,High
45,61376.44,6.4,4427.02,710,3148.11,6,0,debt_consolidation,0.0513,0.0721,Low
30,72525.86,10.4,9800.78,609,763.59,14,0,business,0.0105,0.1351,Medium
36,60775.83,0.2,9656.98,565,5239.66,8,1,education,0.0862,0.1589,High
36,114564.65,4.0,7364.67,689,6220.39,9,0,home_improvement,0.0543,0.0643,Low
28,21341.12,22.7,10837.86,685,4289.58,9,0,debt_consolidation,0.201,0.5078,Low
49,53494.04,3.4,11862.17,647,5934.14,7,0,debt_consolidation,0.1109,0.2217,Low
59,40017.53,10.0,2167.34,667,3306.04,11,0,business,0.0826,0.0542,Low
48,38605.69,1.0,15774.28,659,4137.86,11,1,business,0.1072,0.4086,Medium
26,103442.09,4.6,21897.85,699,5131.22,4,0,debt_consolidation,0.0496,0.2117,Low
36,35950.34,10.2,32256.75,717,9752.66,13,0,education,0.2713,0.8972,Low
40,75087.79,2.8,12958.46,692,4191.0,8,0,home_improvement,0.0558,0.1726,Low
36,28939.37,3.3,3668.89,722,2600.05,13,0,debt_consolidation,0.0898,0.1268,Low
27,81614.05,0.4,22076.14,780,3232.5,4,0,education,0.0396,0.2705,Low
61,48473.58,0.2,13952.35,687,4399.09,13,0,medical,0.0908,0.2878,Low
34,42557.86,3.2,20992.81,646,1718.12,10,1,business,0.0404,0.4933,High
63,22734.13,9.3,14264.96,525,2268.15,14,1,debt_consolidation,0.0998,0.6274,High
46,42602.09,13.4,18621.09,546,4670.06,2,0,other,0.1096,0.4371,Low
46,34773.93,5.4,7754.72,680,19088.55,14,0,debt_consolidation,0.5489,0.223,Low
34,117457.43,8.8,6694.64,630,8988.3,14,0,debt_consolidation,0.0765,0.057,Medium
27,50303.65,6.6,12371.03,611,4468.3,5,0,debt_consolidation,0.0888,0.2459,High
53,36379.18,6.0,13070.68,696,2268.37,11,0,home_improvement,0.0624,0.3593,Low
46,35616.94,7.3,8246.34,707,1537.63,2,0,home_improvement,0.0432,0.2315,Low
40,24836.07,3.5,8324.53,677,11543.51,1,0,medical,0.4648,0.3352,High
23,104939.53,3.1,8144.42,619,9223.81,13,0,education,0.0879,0.0776,Low
24,91870.9,0.9,26882.58,808,7701.96,6,0,debt_consolidation,0.0838,0.2926,Low
46,47407.72,9.3,7512.39,644,4088.85,2,1,other,0.0862,0.1585,Low
31,145753.58,0.2,18174.75,723,2615.65,4,0,home_improvement,0.0179,0.1247,Low
22,48700.75,1.6,8306.29,632,1792.33,8,0,debt_consolidation,0.0368,0.1706,Medium
34,84814.06,3.7,17563.03,566,5631.71,14,0,other,0.0664,0.2071,Low
64,65061.01,17.8,30288.98,656,1613.15,3,0,business,0.0248,0.4655,Low
50,36781.53,7.7,26015.2,849,6568.67,8,0,business,0.1786,0.7073,Low
32,53700.6,2.3,11197.31,728,4830.82,11,0,education,0.09,0.2085,Low
46,59063.12,6.3,15728.94,642,4772.19,5,0,business,0.0808,0.2663,Medium
64,25536.56,13.4,10244.74,695,4619.36,2,0,business,0.1809,0.4012,Low
53,56612.65,3.9,23497.22,625,5279.98,10,0,debt_consolidation,0.0933,0.415,Low
33,86722.81,3.1,12766.0,705,13291.23,11,0,education,0.1533,0.1472,Low
34,34690.98,4.0,30245.19,805,4863.67,0,0,education,0.1402,0.8718,Medium
44,44125.33,1.9,7526.07,608,4360.3,7,0,debt_consolidation,0.0988,0.1706,Medium
54,28147.06,11.9,8273.76,672,5136.42,9,0,business,0.1825,0.2939,Low
64,38507.22,8.0,19573.14,681,3688.46,3,1,debt_consolidation,0.0958,0.5083,Medium
46,40030.55,6.1,17354.88,620,1894.04,5,0,business,0.0473,0.4335,High
41,107913.07,4.4,39947.16,616,7509.33,1,0,debt_consolidation,0.0696,0.3702,Low
48,41831.51,17.4,11452.62,664,1064.11,12,0,debt_consolidation,0.0254,0.2738,Medium
56,37603.01,1.8,9584.28,599,3675.42,11,0,debt_consolidation,0.0977,0.2549,Low
60,46771.14,1.7,9465.14,733,2904.05,3,0,other,0.0621,0.2024,Low
22,20871.86,1.4,11251.06,637,1503.76,7,0,home_improvement,0.072,0.539,Medium
62,15072.74,6.8,16601.92,640,12032.24,1,0,other,0.7982,1.1014,High
29,24561.67,8.0,4972.34,575,4102.59,5,0,home_improvement,0.167,0.2024,High
43,57644.58,4.5,6374.98,584,6843.63,1,0,medical,0.1187,0.1106,Medium
35,48955.23,5.3,15301.81,611,7489.02,7,0,business,0.153,0.3126,Medium
33,75701.45,2.1,16693.27,612,4793.52,13,0,home_improvement,0.0633,0.2205,Low
43,22921.13,0.2,11004.91,568,17459.07,2,0,debt_consolidation,0.7617,0.4801,High
37,44265.83,1.5,17556.96,718,6983.24,8,0,home_improvement,0.1578,0.3966,Low
22,22116.72,4.4,5365.78,765,6538.95,5,1,debt_consolidation,0.2956,0.2426,Medium
40,56030.99,8.4,8547.05,638,10447.66,14,0,other,0.1865,0.1525,Low
40,24613.51,7.5,8435.13,578,4900.34,2,0,home_improvement,0.1991,0.3427,Medium
23,43404.39,1.0,7890.18,584,4613.76,10,0,business,0.1063,0.1818,Low
32,54349.92,0.3,22004.74,668,9650.59,1,0,other,0.1776,0.4049,Medium
60,40311.84,9.5,23633.84,659,3507.29,13,0,business,0.087,0.5863,Low
22,15819.91,0.4,3467.43,526,3214.92,7,0,home_improvement,0.2032,0.2192,Medium
56,112551.52,2.5,4080.26,482,2100.35,14,0,business,0.0187,0.0363,Low
34,38227.56,0.5,14420.43,658,2531.58,14,0,medical,0.0662,0.3772,High
36,21922.01,4.2,9338.88,709,5426.77,3,0,business,0.2475,0.426,Medium
39,71725.24,2.3,12322.92,746,24035.93,7,0,debt_consolidation,0.3351,0.1718,Low
54,73078.16,1.1,16204.91,601,2697.44,6,0,debt_consolidation,0.0369,0.2217,Medium
64,42146.61,4.5,38767.5,741,5551.56,11,0,education,0.1317,0.9198,Medium
26,105675.05,2.3,12778.41,631,6887.0,14,0,medical,0.0652,0.1209,Medium
33,33848.57,0.9,22342.98,557,2896.18,1,1,education,0.0856,0.6601,High
56,53520.73,6.0,10298.42,795,7831.44,14,1,debt_consolidation,0.1463,0.1924,Medium
42,63284.82,9.1,17574.86,521,1958.3,6,1,home_improvement,0.0309,0.2777,Medium
38,104505.93,1.6,20430.22,637,2262.61,3,0,education,0.0217,0.1955,Medium
32,18552.23,1.0,9803.76,599,4277.25,5,0,education,0.2305,0.5284,High
50,154184.13,0.4,8898.15,681,1928.76,7,0,home_improvement,0.0125,0.0577,Low
60,88162.44,3.8,10031.1,727,1546.62,8,1,debt_consolidation,0.0175,0.1138,Medium
27,61373.17,8.9,22510.8,505,1158.18,12,0,debt_consolidation,0.0189,0.3668,Medium
52,32865.34,1.4,20656.34,600,3550.64,13,0,debt_consolidation,0.108,0.6285,Medium
39,31513.32,3.1,2994.41,727,27429.58,11,1,debt_consolidation,0.8704,0.095,High
26,56608.57,0.9,10375.26,582,11505.83,3,0,home_improvement,0.2032,0.1833,Low
40,62749.13,2.6,17297.1,527,1174.97,2,0,business,0.0187,0.2757,Medium
47,58831.58,0.1,34004.37,615,1834.2,13,0,medical,0.0312,0.578,Low
63,53097.04,12.1,12582.14,602,3423.02,1,0,debt_consolidation,0.0645,0.237,Medium
57,60838.7,5.6,16725.92,714,5575.74,13,0,debt_consolidation,0.0916,0.2749,Low
27,16435.33,2.0,14203.95,656,5375.1,3,0,other,0.327,0.8642,High
25,42913.76,10.7,9762.95,592,4062.95,14,1,business,0.0947,0.2275,High
31,24547.96,1.0,5962.69,728,3448.42,13,0,debt_consolidation,0.1405,0.2429,Low
35,48037.19,0.4,6302.08,650,1401.83,1,0,debt_consolidation,0.0292,0.1312,Low
23,94205.41,14.3,21425.46,540,2451.17,2,0,home_improvement,0.026,0.2274,Medium
25,31121.57,1.8,14360.72,597,2811.91,14,0,other,0.0903,0.4614,Low
43,34384.3,13.7,8583.43,610,958.87,0,0,debt_consolidation,0.0279,0.2496,Medium
57,32056.06,5.1,5674.47,809,2318.81,12,0,home_improvement,0.0723,0.177,Low
29,34270.71,19.6,21248.45,636,14050.94,6,0,home_improvement,0.41,0.62,Medium
35,64668.3,7.0,7354.66,548,3816.07,5,0,other,0.059,0.1137,Low
23,72663.8,0.6,20043.16,638,6396.2,0,0,debt_consolidation,0.088,0.2758,Low
49,102191.15,9.6,12350.36,706,18210.44,14,1,home_improvement,0.1782,0.1209,Medium
26,29656.46,0.8,13022.88,644,16089.98,12,0,other,0.5425,0.4391,Medium
37,69007.45,5.9,38188.97,737,1923.97,8,0,education,0.0279,0.5534,Low
46,74995.59,3.5,3793.31,711,6326.65,14,0,debt_consolidation,0.0844,0.0506,Low
41,112044.14,6.2,7886.37,705,9709.34,5,0,other,0.0867,0.0704,Low
28,30784.17,7.2,34870.44,704,2616.95,4,0,business,0.085,1.1327,Medium
41,18001.49,8.1,23409.43,753,7078.7,0,0,medical,0.3932,1.3003,Low
31,42672.38,9.0,11559.4,736,4540.85,14,0,medical,0.1064,0.2709,Low
58,199654.51,9.4,40954.89,563,7335.71,14,0,business,0.0367,0.2051,Low
28,28349.61,2.7,24397.81,564,5898.74,9,0,medical,0.2081,0.8606,High
62,62533.8,11.0,9762.05,697,10546.2,4,0,medical,0.1686,0.1561,Low
44,16183.31,6.4,7017.31,579,2477.89,1,1,medical,0.1531,0.4336,Medium
55,121469.68,9.1,30932.23,561,5983.0,6,0,business,0.0493,0.2546,Medium
34,19166.09,22.6,8200.78,721,18571.75,10,0,business,0.9689,0.4279,Medium
34,14830.41,0.6,15519.75,616,7583.54,5,0,home_improvement,0.5113,1.0464,High
30,51505.02,2.3,32796.95,708,9044.57,3,0,debt_consolidation,0.1756,0.6368,Low
32,52009.66,8.2,14887.9,698,2041.91,10,0,home_improvement,0.0393,0.2862,Medium
58,99672.46,0.5,13442.49,652,1004.05,2,0,business,0.0101,0.1349,Medium
64,74961.56,3.9,4904.52,720,4545.24,12,0,home_improvement,0.0606,0.0654,Low
54,18028.55,9.8,24302.97,691,11939.17,4,0,home_improvement,0.6622,1.348,High
61,45436.24,0.1,4491.34,720,3658.68,2,0,debt_consolidation,0.0805,0.0988,Low
30,34594.69,14.0,30079.67,539,3754.29,8,0,home_improvement,0.1085,0.8695,High
37,25146.5,19.1,4865.6,637,2504.51,11,0,debt_consolidation,0.0996,0.1935,Low
37,60890.73,1.9,8126.13,539,3104.83,5,1,debt_consolidation,0.051,0.1335,High
23,82577.33,7.3,26930.48,624,3934.01,9,0,education,0.0476,0.3261,Medium
51,32772.73,0.7,31837.53,569,11381.47,1,0,education,0.3473,0.9714,High
21,41505.24,7.4,14139.46,571,14828.84,6,0,business,0.3573,0.3407,Medium
32,42912.0,3.3,10756.15,654,2770.52,7,0,debt_consolidation,0.0646,0.2507,Low
59,35223.1,9.8,14646.17,779,1730.73,8,0,business,0.0491,0.4158,Low
24,39589.06,1.2,4111.92,677,3005.08,3,0,debt_consolidation,0.0759,0.1039,Low
62,35211.82,5.6,25723.71,671,4851.19,0,1,other,0.1378,0.7305,High
33,52172.83,7.7,9207.6,536,6875.21,7,0,debt_consolidation,0.1318,0.1765,High
54,36562.51,1.1,11470.26,787,2232.21,9,0,debt_consolidation,0.0611,0.3137,Low
62,60690.73,8.5,14059.14,667,36321.84,0,0,medical,0.5985,0.2316,Low
41,36495.56,15.8,15779.82,739,3693.93,4,0,debt_consolidation,0.1012,0.4324,Low
42,67735.81,4.8,17463.87,615,5251.29,1,0,education,0.0775,0.2578,Low
24,36103.96,7.7,27869.34,703,6911.63,7,0,home_improvement,0.1914,0.7719,High
38,66361.22,3.8,28631.19,537,2070.28,4,0,medical,0.0312,0.4314,Medium
25,32070.9,4.6,13119.21,676,11774.0,5,0,medical,0.3671,0.4091,Low
39,76319.31,0.1,20764.39,709,19763.38,13,0,other,0.259,0.2721,High
22,20150.56,3.7,22518.1,784,2479.87,6,0,home_improvement,0.1231,1.1174,Low
32,48877.72,4.3,4708.75,813,9457.92,13,0,debt_consolidation,0.1935,0.0963,Low
37,36916.89,5.5,10273.13,716,3670.91,3,0,debt_consolidation,0.0994,0.2783,Low
30,47901.85,0.9,7755.77,555,3325.89,4,0,home_improvement,0.0694,0.1619,Medium
54,27092.32,1.4,13571.8,612,4462.78,8,0,medical,0.1647,0.5009,Medium
26,44475.85,7.1,28378.25,613,4885.07,5,0,other,0.1098,0.638,Low
28,28150.58,0.9,21318.99,747,6539.12,7,0,debt_consolidation,0.2323,0.7573,High
31,43517.34,2.7,21849.95,649,8943.55,3,0,home_improvement,0.2055,0.5021,Medium
32,41540.5,1.4,10542.44,674,3927.8,10,0,business,0.0946,0.2538,Medium
29,57812.56,3.9,10562.92,812,4740.38,13,0,debt_consolidation,0.082,0.1827,Low
22,50660.65,21.7,9302.11,641,14926.16,3,1,home_improvement,0.2946,0.1836,High
28,125385.87,9.6,7804.21,569,2439.6,13,0,education,0.0195,0.0622,Medium
31,37988.27,1.6,18878.85,692,6926.68,7,1,debt_consolidation,0.1823,0.497,Medium
56,45875.46,2.3,9611.17,578,1966.96,10,0,business,0.0429,0.2095,Low
30,240903.88,12.5,6122.29,589,8675.03,2,0,business,0.036,0.0254,Low
41,43836.59,11.4,15875.16,648,4341.85,13,0,debt_consolidation,0.099,0.3621,Low
40,78953.21,0.9,13910.97,828,3544.95,11,0,education,0.0449,0.1762,Low
28,65399.83,8.8,15966.9,625,1539.05,10,0,debt_consolidation,0.0235,0.2441,Low
56,157532.92,1.8,31826.54,700,5427.62,12,0,education,0.0345,0.202,Low
49,23972.85,3.9,13553.54,632,4733.36,13,0,home_improvement,0.1974,0.5653,Medium
62,22645.35,0.0,9086.87,663,7633.05,4,0,business,0.3371,0.4013,Low
32,28030.83,32.8,9047.86,761,2186.72,11,0,business,0.078,0.3228,Low
34,53443.99,7.2,7503.96,710,14980.81,2,0,other,0.2803,0.1404,Medium
41,29682.08,1.4,8439.09,653,3015.93,0,0,debt_consolidation,0.1016,0.2843,Low
42,16869.78,5.8,6309.31,629,2297.55,11,0,debt_consolidation,0.1362,0.374,Medium
41,30878.68,1.7,14345.76,772,8923.33,2,0,business,0.289,0.4646,Low
64,58940.97,0.5,8904.59,791,3367.44,5,0,education,0.0571,0.1511,Low
50,31200.9,2.8,14429.43,657,17398.39,10,0,medical,0.5576,0.4625,High
59,86786.47,4.8,10744.16,721,1542.38,5,0,debt_consolidation,0.0178,0.1238,Medium
40,27925.84,0.5,12537.57,738,4268.33,6,0,debt_consolidation,0.1528,0.4489,Low
44,49368.7,3.7,38250.75,593,14832.44,2,0,debt_consolidation,0.3004,0.7748,High
43,40317.36,3.6,26545.52,636,5285.86,8,0,debt_consolidation,0.1311,0.6584,Medium
27,53865.21,5.0,5304.97,709,2413.51,12,0,debt_consolidation,0.0448,0.0985,Low
29,56637.53,1.4,9267.19,674,5192.13,9,0,medical,0.0917,0.1636,Low
21,108293.26,0.1,4277.81,601,4610.13,13,0,debt_consolidation,0.0426,0.0395,Low
46,69211.55,2.0,10495.32,603,11715.85,8,0,home_improvement,0.1693,0.1516,Low
58,39720.27,2.5,16307.63,714,19816.16,1,0,debt_consolidation,0.4989,0.4106,Low
58,66598.1,5.0,25434.06,576,4142.09,13,0,medical,0.0622,0.3819,Low
64,71333.7,13.3,24683.63,621,4024.86,7,0,debt_consolidation,0.0564,0.346,Medium
42,136282.19,1.1,16167.4,584,3526.27,12,0,home_improvement,0.0259,0.1186,Low
64,45316.81,5.8,7633.95,692,5991.36,10,0,home_improvement,0.1322,0.1685,Low
30,47030.07,0.5,22175.28,743,7541.6,1,0,debt_consolidation,0.1604,0.4715,Low
26,94480.59,1.1,13757.1,450,6348.76,1,0,home_improvement,0.0672,0.1456,Medium
37,18047.09,3.6,14970.65,567,1688.21,14,0,debt_consolidation,0.0935,0.8295,High
58,44253.11,6.2,43110.35,622,2088.07,5,0,home_improvement,0.0472,0.9742,Low
44,69367.0,9.8,7581.83,721,13881.24,7,0,business,0.2001,0.1093,Medium
30,82752.24,6.8,46375.82,537,1745.73,0,0,business,0.0211,0.5604,Low
28,16241.49,0.1,39300.98,709,3363.88,12,0,business,0.2071,2.4196,High
41,25106.1,5.8,13916.07,767,22316.07,7,0,home_improvement,0.8888,0.5543,High
26,14096.12,8.7,15003.63,658,5375.13,7,0,business,0.3813,1.0643,Low
41,75846.7,3.7,8740.69,682,5381.58,3,0,debt_consolidation,0.071,0.1152,Low
59,54297.22,16.8,14974.64,646,3479.87,5,0,home_improvement,0.0641,0.2758,Low
44,99658.73,0.0,14130.18,526,6853.39,1,1,other,0.0688,0.1418,Medium
53,49740.95,8.5,8837.93,611,10634.69,0,0,other,0.2138,0.1777,Medium
38,150315.55,2.0,8700.25,725,6785.78,10,0,business,0.0451,0.0579,Low
48,30591.73,5.3,11575.27,717,4126.89,12,0,home_improvement,0.1349,0.3784,Low
52,40799.72,5.9,13286.1,706,3723.63,6,1,debt_consolidation,0.0913,0.3256,High
32,60259.48,1.8,4781.24,638,4788.49,6,0,home_improvement,0.0795,0.0793,Low
62,34324.79,26.9,26273.42,703,6811.39,2,0,business,0.1984,0.7654,Medium
47,60390.25,0.5,9911.8,655,890.73,2,0,medical,0.0147,0.1641,Low
30,46382.32,0.9,11155.42,513,6935.8,14,0,medical,0.1495,0.2405,Medium
62,45050.48,11.1,14861.67,579,9816.57,11,0,debt_consolidation,0.2179,0.3299,High
52,46044.27,0.6,11380.51,600,4068.17,14,0,business,0.0884,0.2472,Low
62,69751.91,2.4,26466.04,549,2856.61,9,0,education,0.041,0.3794,High
46,41297.4,6.6,11264.72,643,2405.76,11,1,education,0.0583,0.2728,Medium
45,28001.87,7.8,9414.74,710,1016.09,0,1,other,0.0363,0.3362,Medium
31,50695.1,15.5,19379.68,797,4941.68,11,0,debt_consolidation,0.0975,0.3823,Low
43,35704.86,7.8,21079.61,599,6137.77,0,0,home_improvement,0.1719,0.5904,High
54,29744.34,9.3,59989.8,601,9471.85,1,0,debt_consolidation,0.3184,2.0168,Medium
60,20630.11,14.9,4284.37,724,36417.39,9,0,business,1.7652,0.2077,Medium
43,78086.0,4.0,13986.35,598,5281.77,11,0,education,0.0676,0.1791,Medium
49,68271.62,2.1,20101.11,740,11480.43,2,0,debt_consolidation,0.1682,0.2944,Low
51,99082.34,7.2,7739.09,652,1352.29,3,0,business,0.0136,0.0781,Low
27,49088.87,0.9,31058.48,624,3373.41,7,0,other,0.0687,0.6327,Low
60,84059.14,0.4,8859.77,632,11037.32,4,1,debt_consolidation,0.1313,0.1054,Medium
53,30581.98,7.7,14343.44,790,5520.3,14,0,debt_consolidation,0.1805,0.469,Low
41,18881.61,15.0,25655.6,645,12071.24,1,0,business,0.6393,1.3587,High
22,33663.59,2.9,6935.09,548,11820.9,6,0,education,0.3511,0.206,Medium
38,44224.23,0.9,12334.83,797,19228.71,7,0,medical,0.4348,0.2789,Low
53,58701.93,3.4,21177.02,713,8920.1,14,0,debt_consolidation,0.152,0.3607,Low
57,93006.7,2.5,14625.4,668,4379.64,12,0,home_improvement,0.0471,0.1572,Medium
54,57586.31,2.3,19953.18,418,9982.87,12,1,education,0.1734,0.3465,High
40,151554.17,4.9,21583.54,599,2233.36,12,0,home_improvement,0.0147,0.1424,Low
55,52047.39,1.0,9726.95,644,26836.5,14,0,medical,0.5156,0.1869,Medium
38,51553.11,2.4,35285.95,545,3332.73,2,0,other,0.0646,0.6844,Medium
44,58052.4,10.2,8068.44,612,4846.62,5,0,medical,0.0835,0.139,Medium
28,59247.34,6.5,30157.54,567,6258.26,9,0,debt_consolidation,0.1056,0.509,Low
50,58823.36,0.3,16496.89,675,8462.77,7,0,business,0.1439,0.2804,High
64,26472.82,3.6,9230.24,717,13221.21,9,0,other,0.4994,0.3487,Medium
30,75064.0,0.5,7962.5,711,2625.74,5,1,other,0.035,0.1061,Medium
43,171586.48,15.8,15812.49,711,1911.93,9,0,business,0.0111,0.0922,Low
31,31524.11,1.4,11708.41,597,2492.45,5,0,home_improvement,0.0791,0.3714,Low
22,48020.38,13.5,17908.25,788,5728.84,7,0,debt_consolidation,0.1193,0.3729,Low
46,24676.45,9.0,11661.73,671,8405.47,13,0,other,0.3406,0.4726,High
56,71393.4,4.0,13973.81,493,8039.31,11,0,business,0.1126,0.1957,High
53,71359.11,2.0,18161.98,695,6464.94,0,0,debt_consolidation,0.0906,0.2545,Low
33,23109.14,9.8,12865.87,585,6324.38,1,0,medical,0.2737,0.5567,High
60,25432.27,0.8,11452.55,631,11829.09,10,0,education,0.4651,0.4503,Medium
45,17312.22,1.0,16541.9,671,9709.19,2,0,home_improvement,0.5608,0.9554,High
24,107493.94,1.3,10722.11,682,1583.45,6,0,debt_consolidation,0.0147,0.0997,Medium
62,32229.64,4.6,19989.49,735,7097.64,0,0,education,0.2202,0.6202,Low
39,45839.18,1.9,17550.37,666,7973.57,3,0,debt_consolidation,0.1739,0.3829,High
38,40809.61,22.6,20317.47,756,2763.26,2,0,medical,0.0677,0.4978,Low
57,80356.16,1.1,20244.91,617,9340.82,7,0,business,0.1162,0.2519,High
50,68193.96,8.2,11502.27,736,4712.14,6,0,debt_consolidation,0.0691,0.1687,Low
39,66397.22,0.5,4025.91,547,8850.49,0,0,education,0.1333,0.0606,Medium
43,32662.14,2.2,12126.45,546,1748.91,10,0,debt_consolidation,0.0535,0.3713,Medium
36,68914.07,1.4,15407.06,690,2082.6,8,0,medical,0.0302,0.2236,Low
21,77980.86,18.8,12437.31,553,10975.23,10,0,education,0.1407,0.1595,Low
32,67903.88,0.1,8673.33,721,9396.58,3,0,medical,0.1384,0.1277,Low
44,25731.44,6.4,28118.96,682,923.26,6,0,education,0.0359,1.0927,High
54,27865.04,1.4,8259.93,731,4271.53,11,0,home_improvement,0.1533,0.2964,Low
28,116840.14,8.3,8867.23,707,716.9,5,0,medical,0.0061,0.0759,Low
38,129569.53,1.9,10213.95,740,24315.35,2,0,medical,0.1877,0.0788,High
25,47335.29,1.0,11199.86,736,3217.1,13,0,other,0.068,0.2366,High
46,47304.67,5.9,9414.47,669,3879.38,5,0,business,0.082,0.199,Medium
50,53035.0,1.5,13205.1,644,2750.81,6,0,education,0.0519,0.249,Low
33,65480.13,3.3,14223.46,740,3760.97,10,0,home_improvement,0.0574,0.2172,Low
39,23831.14,0.7,7499.47,793,3077.7,4,1,debt_consolidation,0.1291,0.3147,Low
49,55006.65,6.4,6861.52,629,12789.22,9,0,debt_consolidation,0.2325,0.1247,Medium
23,29278.95,2.6,20573.59,741,4297.91,3,0,education,0.1468,0.7027,Medium
46,48527.18,0.8,12980.03,633,3124.43,10,0,home_improvement,0.0644,0.2675,High
60,31510.78,6.8,24377.96,623,6945.28,5,0,medical,0.2204,0.7736,Medium
32,35449.28,0.5,19616.94,699,1033.28,9,0,home_improvement,0.0291,0.5534,Low
22,53679.89,4.3,11194.04,715,2989.15,7,0,other,0.0557,0.2085,Low
31,36002.66,4.7,17349.12,697,4090.54,6,0,home_improvement,0.1136,0.4819,Low
64,28298.82,13.3,20882.48,663,1974.46,2,0,home_improvement,0.0698,0.7379,Medium
48,101392.53,0.8,8251.24,665,7576.86,1,1,education,0.0747,0.0814,Medium
38,28501.97,5.3,5326.41,548,4665.97,14,0,home_improvement,0.1637,0.1869,Low
33,15440.85,2.4,7553.18,660,7771.14,9,1,business,0.5033,0.4891,High
57,65145.75,2.6,18841.24,759,7613.91,11,0,debt_consolidation,0.1169,0.2892,Medium
42,42410.87,3.5,37584.81,743,15518.84,4,0,debt_consolidation,0.3659,0.8862,High
32,48306.97,1.3,13078.62,602,2262.95,8,0,debt_consolidation,0.0468,0.2707,High
22,53055.38,3.1,28682.17,699,10557.44,10,0,debt_consolidation,0.199,0.5406,Medium
57,92533.63,5.8,23106.82,690,3217.93,9,0,other,0.0348,0.2497,Medium
27,124479.85,3.1,8781.79,786,5364.82,4,0,other,0.0431,0.0705,Low
46,55643.6,0.2,12839.97,725,7087.23,9,1,debt_consolidation,0.1274,0.2307,Medium
46,27231.69,1.5,19626.19,678,11628.08,10,0,home_improvement,0.427,0.7207,Low
44,52732.21,2.2,6604.42,706,5252.32,0,0,debt_consolidation,0.0996,0.1252,Low
32,65814.21,2.2,22227.8,596,10483.97,11,1,medical,0.1593,0.3377,Medium
36,80968.69,0.4,25405.46,675,15734.81,8,0,debt_consolidation,0.1943,0.3138,Low
43,52504.12,3.0,21741.76,815,3669.28,11,1,debt_consolidation,0.0699,0.4141,Medium
60,37039.1,5.9,12436.01,656,3921.42,1,0,education,0.1059,0.3357,Low
29,31151.14,0.2,17865.09,621,2557.55,12,0,debt_consolidation,0.0821,0.5735,High
52,46245.66,6.9,24095.61,753,3217.13,11,0,other,0.0696,0.521,Low
35,23144.16,15.5,5524.37,625,5930.73,1,0,education,0.2562,0.2387,Low
57,59706.16,0.0,3170.2,579,4377.25,5,0,other,0.0733,0.0531,Medium
33,53565.37,1.1,18197.83,774,4237.17,10,0,home_improvement,0.0791,0.3397,Low
25,53432.43,3.9,9339.07,615,6314.03,2,0,debt_consolidation,0.1182,0.1748,Low
31,70179.63,1.2,14884.08,646,4139.13,4,0,other,0.059,0.2121,Medium
30,101263.92,7.2,15075.37,632,1594.7,14,0,business,0.0157,0.1489,Low
33,47324.55,1.9,27852.76,804,2444.96,4,0,other,0.0517,0.5885,Low
61,50943.2,1.7,14800.13,490,6742.6,10,1,other,0.1324,0.2905,Medium
35,40748.22,0.0,18382.54,698,6229.96,2,0,education,0.1529,0.4511,Medium
62,64586.17,1.6,17656.74,550,2509.46,11,0,debt_consolidation,0.0389,0.2734,Low
27,48834.48,1.2,21495.16,737,2959.26,7,0,debt_consolidation,0.0606,0.4402,Low
60,87337.03,2.1,9510.17,607,2824.76,12,0,business,0.0323,0.1089,Low
48,86424.24,0.8,16029.72,629,3803.26,2,0,home_improvement,0.044,0.1855,Medium
52,57413.66,4.5,3296.47,631,10001.01,5,1,home_improvement,0.1742,0.0574,Medium
55,47107.82,1.4,9143.55,658,17564.7,14,0,debt_consolidation,0.3729,0.1941,Medium
35,42760.77,8.9,24667.22,575,5978.95,11,0,debt_consolidation,0.1398,0.5769,High
56,62329.07,1.7,6027.49,736,16500.24,9,0,home_improvement,0.2647,0.0967,Low
41,62412.03,1.2,6437.43,602,3690.68,12,0,business,0.0591,0.1031,Low
26,42752.53,0.3,19739.06,617,6540.35,4,0,debt_consolidation,0.153,0.4617,Medium
21,56625.89,6.7,9246.97,570,4096.44,10,1,home_improvement,0.0723,0.1633,High
24,33285.9,3.5,28359.23,732,8516.06,10,1,education,0.2558,0.852,Low
31,61418.39,0.6,13974.18,636,9718.84,10,0,home_improvement,0.1582,0.2275,Medium
64,34714.23,1.3,33280.79,774,3142.77,6,0,business,0.0905,0.9587,Low
46,72115.03,33.3,37083.31,405,11831.95,5,0,debt_consolidation,0.1641,0.5142,High
57,41841.45,8.2,28720.04,715,3237.33,10,0,other,0.0774,0.6864,Medium
43,113201.21,2.2,9836.28,555,2014.91,8,0,debt_consolidation,0.0178,0.0869,Low
49,49988.54,3.9,6823.82,592,11680.98,14,0,business,0.2337,0.1365,Low
41,55214.59,2.7,28647.86,650,6425.67,10,0,debt_consolidation,0.1164,0.5188,Low
47,24359.3,0.2,13239.13,703,5603.41,1,0,other,0.23,0.5435,Medium
59,99039.26,7.5,15067.18,850,6335.88,10,0,business,0.064,0.1521,Low
60,48099.77,6.3,26612.27,590,3792.1,10,0,business,0.0788,0.5533,Medium
33,116979.3,2.6,6815.52,597,7998.89,9,1,medical,0.0684,0.0583,Medium
43,50217.65,9.4,19016.96,599,1795.84,5,0,debt_consolidation,0.0358,0.3787,Medium
36,44043.65,3.8,9936.73,619,23077.63,11,0,home_improvement,0.524,0.2256,High
50,37959.05,0.3,21494.78,733,2437.65,9,0,other,0.0642,0.5662,High
24,67581.62,1.5,16844.55,657,2001.43,12,0,business,0.0296,0.2492,Low
60,63600.61,3.1,22674.28,783,8236.95,9,0,business,0.1295,0.3565,Low
36,25159.29,0.5,10351.18,759,2304.73,4,0,debt_consolidation,0.0916,0.4114,Low
51,36884.8,4.2,8727.08,706,10107.48,8,0,debt_consolidation,0.274,0.2366,Low
62,70350.29,0.6,13371.75,622,8758.23,1,0,debt_consolidation,0.1245,0.1901,Low
45,35516.84,1.1,9428.08,506,1996.28,11,1,home_improvement,0.0562,0.2654,High
64,32580.9,11.2,9158.72,642,4531.98,7,0,education,0.1391,0.2811,Low
32,54074.71,40.0,8769.97,589,16855.85,14,0,home_improvement,0.3117,0.1622,Low
46,51203.98,4.0,19534.93,645,3337.18,6,0,business,0.0652,0.3815,Low
57,38871.1,4.8,43128.29,625,2721.06,0,0,business,0.07,1.1095,High
53,118621.52,8.0,21497.49,620,4475.25,2,0,debt_consolidation,0.0377,0.1812,Medium
48,45501.23,6.0,20344.34,649,7463.84,3,0,education,0.164,0.4471,Low
29,26042.96,1.0,20044.49,510,3368.01,7,0,business,0.1293,0.7696,Medium
32,21819.17,2.7,7724.21,610,2679.51,1,0,debt_consolidation,0.1228,0.354,Medium
25,81735.04,3.8,20245.21,752,8579.62,7,0,other,0.105,0.2477,Low
48,28319.44,2.2,4529.56,731,23160.53,1,0,debt_consolidation,0.8178,0.1599,Medium
55,49772.64,1.0,16715.18,648,4901.6,11,0,home_improvement,0.0985,0.3358,Medium
25,31666.39,6.7,20746.12,517,3044.37,2,0,other,0.0961,0.6551,Low
54,46580.82,1.1,21764.17,626,4007.73,7,0,home_improvement,0.086,0.4672,Medium
54,58337.1,1.5,19747.69,607,1460.39,10,0,debt_consolidation,0.025,0.3385,Medium
33,24766.05,1.7,6326.58,664,4747.94,8,0,other,0.1917,0.2554,Low
59,39032.47,0.9,9089.01,662,7576.84,11,0,other,0.1941,0.2329,Medium
62,35003.55,9.5,27050.67,690,2972.43,14,0,education,0.0849,0.7728,Low
34,30251.93,4.7,16673.65,538,1353.78,4,1,medical,0.0447,0.5511,Medium
31,40626.14,9.0,16145.56,499,10178.32,14,0,other,0.2505,0.3974,Medium
62,35885.9,3.4,9718.63,615,1465.22,3,0,debt_consolidation,0.0408,0.2708,Low
58,75848.56,3.7,6895.07,566,4134.25,14,0,medical,0.0545,0.0909,Low
24,34272.94,4.8,8616.99,665,17022.61,2,1,debt_consolidation,0.4967,0.2514,High
53,61415.14,2.3,5803.03,655,6621.56,14,0,business,0.1078,0.0945,Low
27,60349.83,3.4,18588.72,550,1040.92,13,1,business,0.0172,0.308,Medium
61,23142.97,4.0,2300.06,673,1889.71,2,0,home_improvement,0.0817,0.0994,Low
28,38068.8,15.3,8632.53,705,2558.62,8,0,business,0.0672,0.2268,Low
57,46396.02,10.7,43650.22,779,1962.67,3,0,debt_consolidation,0.0423,0.9408,Low
30,55977.55,0.7,11747.84,559,1607.56,1,0,debt_consolidation,0.0287,0.2099,Low
63,43556.55,0.2,8403.03,634,2131.51,12,0,debt_consolidation,0.0489,0.1929,High
35,82533.3,5.7,51053.97,602,8087.11,11,0,other,0.098,0.6186,Medium
58,51656.59,0.3,10485.07,802,9896.15,13,0,debt_consolidation,0.1916,0.203,Medium
35,61252.34,0.3,44042.83,509,1302.6,14,0,education,0.0213,0.719,High
25,36457.89,0.9,11306.11,710,26839.28,12,0,home_improvement,0.7362,0.3101,Low
49,61700.04,2.2,23102.28,617,10130.8,3,0,other,0.1642,0.3744,Medium
39,129080.92,2.9,52869.94,569,20324.85,2,0,other,0.1575,0.4096,Medium
30,63786.23,3.7,14612.16,634,2012.34,13,0,business,0.0315,0.2291,Low
32,85093.65,24.3,10878.41,667,1816.4,14,0,home_improvement,0.0213,0.1278,Low
24,42371.25,2.4,20517.59,500,9780.06,4,0,home_improvement,0.2308,0.4842,High
51,77817.61,1.4,7380.58,629,7170.83,3,0,home_improvement,0.0921,0.0948,Low
38,81290.49,4.3,28477.88,625,6594.15,1,0,debt_consolidation,0.0811,0.3503,Low
36,55421.58,1.2,9091.47,523,3801.12,13,0,debt_consolidation,0.0686,0.164,Low
60,47222.44,14.1,5296.54,716,4094.66,10,1,business,0.0867,0.1122,Low
56,23212.74,1.5,12598.25,569,9782.65,14,0,business,0.4214,0.5427,High
45,48233.44,23.0,10284.92,751,2932.66,9,0,debt_consolidation,0.0608,0.2132,Low
43,65030.5,2.7,3062.58,604,1462.07,0,0,home_improvement,0.0225,0.0471,Medium
32,33435.67,8.4,13484.34,478,6354.61,0,0,other,0.19,0.4033,Medium
54,25976.78,5.2,6956.68,770,14674.16,0,0,home_improvement,0.5649,0.2678,Low
56,51584.46,13.6,10212.19,550,1487.24,2,0,home_improvement,0.0288,0.198,Medium
57,55013.45,4.9,6946.23,601,4795.23,14,0,debt_consolidation,0.0872,0.1263,Low
23,24992.08,4.4,19892.54,592,871.41,1,0,medical,0.0349,0.7959,Medium
29,50030.39,5.3,13262.3,606,12357.25,3,0,business,0.247,0.2651,High
38,56667.93,7.7,5585.46,663,2402.01,2,0,debt_consolidation,0.0424,0.0986,Low
63,94906.92,11.5,31220.14,743,4968.27,6,0,home_improvement,0.0523,0.329,Low
55,38628.3,1.6,16133.55,488,5144.3,7,0,education,0.1332,0.4177,Medium
54,139136.52,1.1,9943.82,634,5287.25,11,0,debt_consolidation,0.038,0.0715,Low
61,50359.5,0.2,8489.55,733,7494.9,10,0,home_improvement,0.1488,0.1686,Medium
34,26877.07,2.3,12902.78,654,17061.1,4,1,business,0.6348,0.48,High
24,41560.57,9.4,6263.82,674,3789.9,5,0,education,0.0912,0.1507,Medium
49,28101.46,0.4,29517.12,735,4111.07,13,0,business,0.1463,1.0503,Low
61,45088.43,3.9,26458.51,527,1997.83,14,0,home_improvement,0.0443,0.5868,High
35,61959.31,5.9,11005.9,663,1175.14,6,0,debt_consolidation,0.019,0.1776,Low
48,56055.32,9.1,10581.95,715,3080.73,8,0,home_improvement,0.055,0.1888,Low
62,27859.73,4.4,7866.54,686,6949.98,0,1,home_improvement,0.2495,0.2824,Medium
36,26180.06,1.0,15725.48,602,4071.19,14,0,other,0.1555,0.6006,High
32,60457.42,16.7,15802.25,506,13971.22,12,1,education,0.2311,0.2614,High
25,67646.4,0.5,20539.94,673,4816.85,14,0,business,0.0712,0.3036,Medium
54,38389.33,7.3,15906.57,604,15419.06,1,0,business,0.4016,0.4143,High
62,13782.62,0.5,7835.4,698,5466.5,0,0,education,0.3966,0.5685,Low
21,27468.65,0.8,8657.8,586,3160.6,8,0,debt_consolidation,0.1151,0.3152,Medium
59,80269.92,11.4,14596.52,760,1728.83,1,0,home_improvement,0.0215,0.1818,Low
52,33885.24,7.0,8820.31,733,758.24,1,0,business,0.0224,0.2603,Medium
46,41207.85,2.3,30590.82,550,2860.45,4,0,home_improvement,0.0694,0.7423,High
37,64645.24,5.1,13230.4,782,8529.93,8,0,debt_consolidation,0.1319,0.2047,Low
47,42060.53,3.1,5634.38,543,3470.03,14,0,home_improvement,0.0825,0.134,Low
44,98588.65,0.3,12651.86,699,2278.7,12,1,debt_consolidation,0.0231,0.1283,High
55,40671.45,6.4,11884.03,630,4494.94,2,0,education,0.1105,0.2922,Medium
62,31878.06,7.2,30136.9,640,4606.86,9,0,business,0.1445,0.9454,Medium
59,88533.48,10.7,13726.62,737,3338.42,13,0,other,0.0377,0.155,Low
46,50206.66,3.9,19115.39,679,7600.8,14,0,home_improvement,0.1514,0.3807,Low
58,28589.68,5.6,12225.48,550,4162.57,7,0,debt_consolidation,0.1456,0.4276,Medium
43,62063.43,2.9,24717.14,608,16798.64,9,0,other,0.2707,0.3982,Medium
42,42312.44,1.9,29537.36,688,3276.81,0,0,home_improvement,0.0774,0.6981,Low
24,27641.35,2.7,7737.46,736,2800.54,13,0,home_improvement,0.1013,0.2799,Low
29,51408.45,12.1,9396.87,718,3852.32,11,0,debt_consolidation,0.0749,0.1828,Low
24,45294.99,0.9,11770.82,633,9393.18,12,0,debt_consolidation,0.2074,0.2599,Medium
27,21084.44,1.4,23228.7,622,7445.37,9,0,education,0.3531,1.1016,High
43,28863.64,4.7,9082.67,810,3192.69,1,0,education,0.1106,0.3147,Medium
22,124576.2,0.6,3521.2,722,2185.74,7,0,home_improvement,0.0175,0.0283,Medium
44,51054.8,11.1,21713.97,634,1693.93,0,1,other,0.0332,0.4253,Medium
60,96118.32,0.2,8401.17,653,1926.12,8,0,business,0.02,0.0874,Low
51,57205.72,7.0,10938.68,566,17096.42,3,1,business,0.2989,0.1912,Medium
51,90995.74,2.3,10588.55,623,2627.92,2,0,medical,0.0289,0.1164,Medium
60,64723.16,0.3,3834.81,603,2591.45,2,0,education,0.04,0.0592,Medium
63,30541.31,9.3,6591.36,620,8719.74,0,0,debt_consolidation,0.2855,0.2158,Medium
54,66397.36,5.1,22339.8,739,4927.42,7,0,home_improvement,0.0742,0.3365,Low
44,30443.0,0.0,13069.69,548,11223.32,3,1,business,0.3687,0.4293,High
46,78017.19,1.6,23713.77,635,13813.18,0,0,debt_consolidation,0.1771,0.304,Medium
36,54658.61,2.2,35259.7,574,12093.7,10,0,debt_consolidation,0.2213,0.6451,High
33,49483.09,1.9,5015.87,670,3299.91,4,0,education,0.0667,0.1014,Low
35,39369.02,3.4,10951.52,758,629.28,9,0,other,0.016,0.2782,Low
47,73073.54,3.7,12502.7,707,1353.77,7,0,other,0.0185,0.1711,Low
24,45305.04,2.5,33121.41,668,5212.01,7,0,education,0.115,0.7311,High
36,18864.79,2.0,6987.37,731,11848.4,9,1,education,0.628,0.3704,Medium
50,20803.45,3.5,16268.54,722,2320.18,11,0,education,0.1115,0.782,Medium
64,25987.32,0.2,28878.12,616,6854.08,2,0,debt_consolidation,0.2637,1.1112,Medium
50,72554.27,5.2,22792.66,513,3535.05,13,1,home_improvement,0.0487,0.3141,High
56,75367.04,4.7,18156.93,743,18034.76,11,0,debt_consolidation,0.2393,0.2409,Low
23,57670.37,1.6,8689.31,556,3136.91,3,0,home_improvement,0.0544,0.1507,Low
42,57365.85,1.0,25658.79,557,9408.23,11,0,debt_consolidation,0.164,0.4473,Medium
42,101019.35,0.4,5096.24,629,4402.92,9,0,medical,0.0436,0.0504,Medium
32,58187.4,4.4,18050.35,603,6247.35,3,0,other,0.1074,0.3102,Low
41,67444.13,4.2,4725.49,556,3284.25,2,1,debt_consolidation,0.0487,0.0701,High
24,48758.09,3.8,39029.39,643,6442.02,5,0,home_improvement,0.1321,0.8005,Medium
51,38928.13,21.2,6709.7,627,965.73,2,0,home_improvement,0.0248,0.1724,High
64,42611.63,3.8,10129.03,689,1733.17,5,0,education,0.0407,0.2377,Low
51,136678.18,6.4,36308.14,651,2252.32,4,0,business,0.0165,0.2656,Medium
43,28470.98,0.6,17487.43,676,8071.37,13,0,home_improvement,0.2835,0.6142,Medium
40,57363.06,1.8,8640.1,638,3725.36,10,0,debt_consolidation,0.0649,0.1506,High
35,22978.3,1.6,14358.77,677,817.44,1,0,debt_consolidation,0.0356,0.6249,Low
43,36125.05,4.3,15919.77,617,4986.02,7,1,business,0.138,0.4407,High
48,72179.62,2.0,17218.09,640,1461.87,10,0,debt_consolidation,0.0203,0.2385,Low
36,19831.34,5.1,11775.63,582,9800.71,6,0,home_improvement,0.4942,0.5938,High
57,77062.31,5.9,11011.65,580,7397.62,6,1,debt_consolidation,0.096,0.1429,High
41,136457.95,0.2,20181.24,654,1526.98,5,0,debt_consolidation,0.0112,0.1479,Low
35,58840.18,5.1,11477.62,797,6779.1,8,0,home_improvement,0.1152,0.1951,Low
37,92130.11,0.6,7014.03,684,17942.75,3,0,home_improvement,0.1948,0.0761,Medium
57,55493.38,3.1,11055.09,611,1667.24,13,0,business,0.03,0.1992,Medium
33,69950.59,6.5,13201.25,532,5297.19,4,0,debt_consolidation,0.0757,0.1887,Medium
39,61505.58,6.1,16440.04,707,5956.91,14,0,debt_consolidation,0.0968,0.2673,Low
50,37985.97,1.8,15025.92,742,2993.5,8,0,debt_consolidation,0.0788,0.3956,Low
38,36321.27,1.6,6050.79,691,6283.71,14,0,home_improvement,0.173,0.1666,Low
34,88497.41,2.9,18017.09,687,3140.01,2,0,debt_consolidation,0.0355,0.2036,Low
56,47996.97,1.0,11789.23,537,1637.41,2,0,debt_consolidation,0.0341,0.2456,Medium
56,45666.21,18.4,9535.43,660,7777.28,13,0,home_improvement,0.1703,0.2088,Low
40,45195.67,2.1,23420.6,603,3174.27,11,0,other,0.0702,0.5182,Medium
39,57136.78,12.8,8657.15,699,1801.04,11,0,education,0.0315,0.1515,Low
64,27098.66,11.9,38987.47,564,6991.63,7,0,education,0.258,1.4387,High
27,44753.65,2.3,36775.11,644,5910.42,9,0,debt_consolidation,0.1321,0.8217,High
64,57255.54,1.5,24463.38,710,16768.88,5,0,business,0.2929,0.4273,High
24,25860.12,7.4,8922.83,592,7284.09,12,0,debt_consolidation,0.2817,0.345,Medium
54,54427.01,1.3,18845.86,620,3514.8,1,0,business,0.0646,0.3463,High
22,31294.16,3.7,15696.76,720,8358.02,2,0,medical,0.2671,0.5016,Low
25,57309.33,0.6,8665.48,791,2191.04,7,0,home_improvement,0.0382,0.1512,Low
30,144243.19,2.4,25376.64,708,15833.31,14,0,debt_consolidation,0.1098,0.1759,Low
52,46146.12,0.4,13357.31,656,3073.63,13,0,home_improvement,0.0666,0.2895,High
62,28586.31,1.7,3068.46,601,1287.61,4,0,home_improvement,0.045,0.1073,High
61,55190.27,5.5,32431.1,632,3039.8,12,0,medical,0.0551,0.5876,Medium
33,62137.51,23.7,33047.21,703,3225.99,13,0,business,0.0519,0.5318,Low
59,30685.29,1.5,12856.35,609,10272.41,14,0,other,0.3348,0.419,Medium
25,20759.52,3.2,19384.79,614,2145.6,14,1,other,0.1034,0.9337,High
30,30732.33,3.0,16431.19,547,3343.72,1,0,home_improvement,0.1088,0.5346,Medium
30,47849.89,1.0,10043.43,812,5069.56,2,0,education,0.1059,0.2099,Low
58,39040.05,4.7,66278.53,727,4898.46,10,1,education,0.1255,1.6977,Medium
47,84014.69,6.4,9224.67,618,17464.22,1,0,business,0.2079,0.1098,Low
41,63484.85,0.8,13777.28,759,8151.52,4,0,medical,0.1284,0.217,Medium
28,51585.34,7.1,6829.52,681,2556.95,4,0,debt_consolidation,0.0496,0.1324,Medium
21,20486.48,6.0,22334.35,576,8284.55,8,0,education,0.4044,1.0901,Medium
48,67184.73,1.1,20238.34,607,3704.26,5,1,debt_consolidation,0.0551,0.3012,High
59,131872.21,5.2,22398.2,569,20033.96,1,0,business,0.1519,0.1698,Low
34,75444.55,2.5,6424.38,677,4022.21,10,0,debt_consolidation,0.0533,0.0852,Low
41,35282.86,5.7,15765.95,822,9022.91,0,0,education,0.2557,0.4468,Medium
50,45790.13,3.4,16920.58,649,11779.5,6,0,medical,0.2572,0.3695,Low
41,61669.21,0.2,6064.78,600,3830.44,6,0,education,0.0621,0.0983,Low
29,98059.59,7.7,16885.22,637,4417.33,9,0,other,0.045,0.1722,Low
37,34445.18,4.1,9061.69,786,3482.82,5,0,other,0.1011,0.2631,Low
25,38841.44,6.5,11170.62,710,8152.79,14,0,home_improvement,0.2099,0.2876,Low
51,47974.11,0.7,18893.74,663,35692.48,12,0,debt_consolidation,0.744,0.3938,Medium
60,45920.12,6.4,15051.49,524,7837.99,11,0,education,0.1707,0.3278,Medium
58,72851.6,2.7,8554.03,669,6486.31,1,0,home_improvement,0.089,0.1174,Low
63,55890.45,8.0,6763.74,592,2615.5,12,1,home_improvement,0.0468,0.121,High
39,24377.4,4.6,12105.92,762,11603.5,13,0,debt_consolidation,0.476,0.4966,Low
56,35298.97,2.2,15283.67,572,5664.12,7,0,debt_consolidation,0.1605,0.433,High
53,35810.68,1.1,13475.06,583,31237.12,3,0,education,0.8723,0.3763,High
33,16196.36,8.5,12385.44,696,19611.73,10,0,home_improvement,1.2108,0.7647,High
34,78027.63,4.1,11634.91,656,5413.3,6,0,home_improvement,0.0694,0.1491,Low
53,52376.46,21.9,31625.86,585,6387.6,7,0,home_improvement,0.122,0.6038,Medium
49,37408.77,2.3,14964.37,562,4871.07,6,0,business,0.1302,0.4,Low
63,76980.32,5.8,15086.5,796,2238.73,11,0,education,0.0291,0.196,Low
56,56991.92,4.9,11703.27,643,9248.13,2,0,home_improvement,0.1623,0.2053,Low
64,25769.31,5.1,10346.59,658,4157.72,7,1,debt_consolidation,0.1613,0.4015,High
30,66489.29,6.7,41334.06,659,26991.49,3,0,debt_consolidation,0.4059,0.6217,Medium
51,97390.26,0.7,18730.77,503,5191.62,14,0,debt_consolidation,0.0533,0.1923,High
26,45709.05,4.0,21296.52,718,1826.97,7,0,debt_consolidation,0.04,0.4659,Low
21,47404.64,3.6,8262.03,600,7032.06,14,0,medical,0.1483,0.1743,Medium
27,51734.5,2.1,24181.35,599,9696.94,4,0,debt_consolidation,0.1874,0.4674,High
47,26663.55,2.9,7320.91,654,7604.74,8,0,education,0.2852,0.2746,Low
41,52612.55,3.7,16320.01,480,6316.31,2,0,home_improvement,0.1201,0.3102,Medium
48,31390.21,1.9,14272.97,510,4441.38,13,1,other,0.1415,0.4547,High
36,48861.12,1.7,29536.01,717,6120.3,1,0,business,0.1253,0.6045,Medium
43,53260.26,6.7,9914.6,703,5652.59,3,0,education,0.1061,0.1862,Low
40,63920.46,0.3,18684.49,586,1984.28,1,0,business,0.031,0.2923,Low
58,65106.44,1.9,16907.85,739,24213.03,10,1,other,0.3719,0.2597,Medium
45,30827.24,5.3,8427.47,758,6312.86,10,0,debt_consolidation,0.2048,0.2734,Low
48,53841.87,1.2,18436.88,542,5021.82,11,0,debt_consolidation,0.0933,0.3424,Medium
25,79066.58,4.2,12210.36,677,18947.58,1,0,other,0.2396,0.1544,Medium
41,27537.62,1.8,13027.44,608,1621.5,0,0,other,0.0589,0.4731,Low
38,117307.23,9.3,10709.92,454,29532.52,7,1,education,0.2518,0.0913,High
26,30145.47,2.2,13851.77,544,2626.06,0,1,debt_consolidation,0.0871,0.4595,High
49,110605.1,1.3,13702.49,679,15658.53,7,0,other,0.1416,0.1239,Medium
39,30411.65,3.8,18358.13,576,2263.39,8,0,debt_consolidation,0.0744,0.6036,Medium
53,47662.0,0.7,16200.17,738,2397.6,5,0,medical,0.0503,0.3399,Medium
21,44513.49,8.0,22652.47,665,7950.32,6,0,home_improvement,0.1786,0.5089,High
23,24750.42,5.7,21927.68,820,5847.4,5,1,debt_consolidation,0.2362,0.8859,High
62,69501.03,7.4,32867.88,521,2335.16,0,0,business,0.0336,0.4729,Low
41,71308.24,2.5,20161.94,786,2506.56,0,0,home_improvement,0.0352,0.2827,Low
55,66827.55,9.0,14564.32,736,3577.36,11,0,debt_consolidation,0.0535,0.2179,Low
61,43293.63,3.4,26360.32,637,11841.67,0,0,debt_consolidation,0.2735,0.6089,Medium
60,34514.05,0.5,14407.54,766,6202.42,2,0,home_improvement,0.1797,0.4174,Medium
23,84929.62,1.3,15897.09,640,7693.72,14,1,education,0.0906,0.1872,High
45,54541.76,6.2,2943.13,776,3208.65,13,0,debt_consolidation,0.0588,0.054,Low
58,33585.73,11.3,7784.91,584,7184.06,6,0,business,0.2139,0.2318,Medium
40,54571.58,0.5,20327.83,663,1625.49,10,0,debt_consolidation,0.0298,0.3725,Low
64,21218.92,10.0,29876.81,642,2477.88,7,0,other,0.1168,1.408,Medium
54,51735.18,8.0,18455.12,547,10622.15,11,0,education,0.2053,0.3567,Medium
41,68042.45,2.2,19245.21,579,6308.33,0,0,debt_consolidation,0.0927,0.2828,Low
43,44814.89,5.8,20003.39,667,21023.26,5,0,business,0.4691,0.4463,Medium
26,69944.22,1.0,13655.8,635,8249.86,11,0,education,0.1179,0.1952,Medium
33,73615.45,8.4,7611.19,675,1794.94,7,0,debt_consolidation,0.0244,0.1034,Low
43,56255.43,5.4,19616.82,582,9399.85,11,0,debt_consolidation,0.1671,0.3487,Low
29,118662.07,2.9,6356.68,568,1707.68,4,0,education,0.0144,0.0536,Low
37,96469.09,10.0,17946.2,605,8527.34,10,0,education,0.0884,0.186,Low
22,67081.68,0.7,31317.04,670,4035.77,1,0,home_improvement,0.0602,0.4668,Low
39,58545.75,9.3,15881.62,633,2815.68,14,0,debt_consolidation,0.0481,0.2713,High
39,43123.13,0.1,18310.74,616,4998.34,3,0,other,0.1159,0.4246,Low
27,35469.15,7.0,25672.48,704,1902.02,3,0,business,0.0536,0.7238,High
62,73038.57,4.3,12236.24,686,3814.82,14,0,home_improvement,0.0522,0.1675,Low
62,44374.64,6.0,32739.78,686,935.14,3,0,education,0.0211,0.7378,Low
40,29523.87,2.7,24691.38,644,11733.41,13,1,medical,0.3974,0.8363,High
29,32824.17,10.0,14500.84,593,6246.87,7,0,home_improvement,0.1903,0.4418,Medium
37,35063.12,1.9,3575.66,549,4365.73,5,0,medical,0.1245,0.102,Medium
47,117803.84,1.6,12566.86,624,7323.76,8,0,other,0.0622,0.1067,Low
22,74900.36,1.8,12482.49,659,1986.34,9,0,other,0.0265,0.1667,Low
56,49868.16,7.4,16230.46,720,4030.05,0,0,education,0.0808,0.3255,Low
39,60293.23,3.4,32075.29,627,7974.25,0,0,education,0.1323,0.532,Low
37,63896.19,3.9,24640.15,555,2500.08,1,0,medical,0.0391,0.3856,Low
25,31751.79,8.9,15300.41,542,12647.01,4,0,education,0.3983,0.4819,High
59,27343.02,9.0,11470.51,666,4110.37,10,0,debt_consolidation,0.1503,0.4195,Medium
38,82931.58,0.9,4452.18,714,1164.6,5,1,debt_consolidation,0.014,0.0537,Low
27,24962.71,4.0,21173.68,544,5961.8,10,0,business,0.2388,0.8482,High
37,48595.38,0.7,16628.92,742,3858.52,2,0,business,0.0794,0.3422,Low
59,34171.11,10.1,24679.36,558,24172.39,0,0,debt_consolidation,0.7074,0.7222,Medium
56,54747.95,9.1,16760.72,593,3938.68,6,1,debt_consolidation,0.0719,0.3061,High
60,43194.74,9.5,9547.69,732,9644.52,0,0,business,0.2233,0.221,Medium
24,64022.59,6.1,18116.44,611,3580.31,6,0,medical,0.0559,0.283,Medium
58,15435.39,3.1,16472.6,639,1362.04,8,0,debt_consolidation,0.0882,1.0671,Medium
45,85848.13,2.6,24523.47,682,6240.7,14,0,medical,0.0727,0.2857,Low
25,70805.5,2.5,11486.63,745,6354.97,12,0,medical,0.0898,0.1622,Low
50,81289.54,0.3,9346.59,643,10345.62,0,0,debt_consolidation,0.1273,0.115,Low
32,76741.18,14.9,15001.13,659,1247.89,7,0,education,0.0163,0.1955,Low
24,57348.33,3.0,13200.12,636,7295.42,9,0,other,0.1272,0.2302,Medium
44,35572.4,13.3,9856.47,539,6927.64,8,1,debt_consolidation,0.1947,0.2771,Medium
49,61035.79,10.6,9767.75,753,6495.67,7,1,business,0.1064,0.16,Medium
29,56656.86,8.8,28945.98,416,654.71,0,0,medical,0.0116,0.5109,Medium
24,75984.23,4.4,13148.73,674,11116.51,3,1,home_improvement,0.1463,0.173,Low
44,66891.35,0.5,27199.96,742,2072.22,13,1,debt_consolidation,0.031,0.4066,High
34,51385.71,2.0,49601.16,754,10140.91,9,0,debt_consolidation,0.1973,0.9653,Medium
25,60874.16,4.6,12200.54,584,19480.71,3,0,home_improvement,0.32,0.2004,Low
38,63631.58,0.1,9135.23,682,9348.47,11,0,debt_consolidation,0.1469,0.1436,Low
62,84471.13,0.2,7600.87,581,6035.04,0,0,debt_consolidation,0.0714,0.09,Low
39,116767.55,5.7,26826.73,595,4259.89,12,0,other,0.0365,0.2297,Low
32,66074.69,11.0,12955.05,741,5552.42,6,0,debt_consolidation,0.084,0.1961,Low
38,63779.47,9.7,14954.54,656,2167.21,6,0,debt_consolidation,0.034,0.2345,Medium
37,43848.76,0.9,11383.06,671,6942.18,9,1,business,0.1583,0.2596,High
50,41288.57,12.1,13268.29,719,4299.78,8,0,medical,0.1041,0.3213,Low
44,34101.23,6.0,68054.46,736,1947.31,7,1,debt_consolidation,0.0571,1.9956,High
31,9898.31,6.3,9662.68,636,2272.25,2,0,debt_consolidation,0.2295,0.9761,Medium
55,32221.65,1.8,4163.48,517,4778.28,10,0,debt_consolidation,0.1483,0.1292,Low
43,44964.8,6.3,13568.52,626,1712.57,12,1,business,0.0381,0.3018,Low
37,42060.73,6.2,10230.81,699,5107.63,1,0,other,0.1214,0.2432,Medium
21,61592.91,4.5,21287.23,525,13325.48,9,0,business,0.2163,0.3456,Medium
35,32793.62,2.2,14074.42,611,5722.16,11,0,debt_consolidation,0.1745,0.4292,High
52,33523.37,8.3,27925.04,617,4224.91,2,0,debt_consolidation,0.126,0.833,Medium
29,17037.09,13.9,4146.0,669,2639.68,7,0,debt_consolidation,0.1549,0.2433,Medium
35,62051.18,10.2,19817.29,599,6852.4,5,1,education,0.1104,0.3194,High
48,31447.74,1.4,32026.45,654,1501.84,10,0,home_improvement,0.0478,1.0184,High
44,34269.01,3.0,11087.29,558,4528.31,2,0,business,0.1321,0.3235,Medium
55,65015.03,2.1,10989.2,688,5466.85,1,0,business,0.0841,0.169,Low
42,31528.11,6.1,10758.19,684,2955.5,0,0,debt_consolidation,0.0937,0.3412,Low
47,59288.39,8.9,10122.43,850,6126.36,7,0,home_improvement,0.1033,0.1707,Low
39,26814.22,1.2,27148.24,569,23317.25,2,0,business,0.8696,1.0124,Medium
32,48505.76,14.7,8039.36,617,7368.42,2,0,medical,0.1519,0.1657,Medium
40,36140.67,5.7,20214.83,755,12706.19,4,0,education,0.3516,0.5593,Low
21,42909.68,1.2,5611.76,522,9714.07,11,0,education,0.2264,0.1308,High
41,104384.87,2.3,6577.86,850,16103.35,14,0,education,0.1543,0.063,Low
21,21598.0,0.6,14884.35,610,3370.74,4,0,other,0.1561,0.6891,High
30,99828.14,4.5,7303.32,527,989.96,8,1,education,0.0099,0.0732,Medium
52,30964.98,0.9,7119.3,685,3845.78,4,0,debt_consolidation,0.1242,0.2299,Low
59,75700.56,5.9,28346.14,654,2276.34,13,0,home_improvement,0.0301,0.3744,Low
42,83588.27,6.7,18451.1,570,3221.09,6,0,home_improvement,0.0385,0.2207,Medium
38,60793.07,3.3,14157.63,597,2672.68,6,1,home_improvement,0.044,0.2329,Medium
52,26656.23,0.5,20203.12,704,7276.89,6,0,business,0.273,0.7579,High
47,56174.31,4.7,5936.18,545,15320.08,4,0,home_improvement,0.2727,0.1057,High
48,176271.58,2.3,7790.52,702,12537.92,13,0,home_improvement,0.0711,0.0442,Medium
38,49296.97,14.9,15787.54,597,4543.67,2,0,business,0.0922,0.3202,Medium
59,46610.99,3.6,5703.15,850,1126.42,10,1,medical,0.0242,0.1224,Medium
49,44421.18,0.4,5823.56,773,2649.12,6,0,home_improvement,0.0596,0.1311,Low
38,63435.68,5.1,11170.47,548,1545.91,7,1,business,0.0244,0.1761,High
64,46929.87,7.6,15218.58,618,4672.88,3,0,home_improvement,0.0996,0.3243,Low
28,56516.92,0.9,11905.78,722,9027.47,5,0,other,0.1597,0.2107,Low
51,42354.85,3.0,7879.73,414,26542.99,11,0,other,0.6267,0.186,High
54,29198.64,6.8,8114.08,577,5280.4,4,1,business,0.1808,0.2779,Medium
27,156534.94,0.1,11739.45,612,861.93,9,0,medical,0.0055,0.075,Low
56,46708.17,0.1,21267.16,528,1409.53,1,0,medical,0.0302,0.4553,Medium
38,242607.23,5.6,33759.55,651,4247.24,11,0,debt_consolidation,0.0175,0.1392,Low
58,60624.7,6.5,14150.83,617,22321.4,0,0,other,0.3682,0.2334,Medium
29,66170.57,9.3,4256.09,583,11294.63,11,0,medical,0.1707,0.0643,Medium
29,41997.18,2.6,22939.86,762,1222.3,13,0,medical,0.0291,0.5462,Low
28,36443.61,2.5,20153.62,718,1460.34,12,0,business,0.0401,0.553,Low
55,42474.74,4.0,9705.73,717,696.61,5,0,debt_consolidation,0.0164,0.2285,Low
38,32333.0,7.1,11933.25,653,8411.84,9,0,business,0.2602,0.3691,Medium
25,30873.69,5.1,32055.2,677,2940.58,5,0,education,0.0952,1.0382,Low
34,119646.94,2.0,35005.46,787,2882.12,6,0,home_improvement,0.0241,0.2926,Low
48,73121.4,2.1,8384.74,556,10725.36,4,0,other,0.1467,0.1147,Medium
50,103682.91,7.2,51124.09,568,2181.19,0,0,debt_consolidation,0.021,0.4931,Low
24,86029.87,3.8,17861.06,738,2271.38,10,0,other,0.0264,0.2076,Low
59,36290.61,0.5,61278.6,693,5694.81,5,0,home_improvement,0.1569,1.6885,Medium
40,22700.84,0.8,6040.45,604,4278.13,3,0,medical,0.1884,0.2661,Low
45,38945.89,9.5,9845.67,686,10115.1,10,0,home_improvement,0.2597,0.2528,Medium
48,51324.11,33.6,3684.46,559,2097.03,6,0,medical,0.0409,0.0718,Low
32,86870.31,2.0,11999.61,682,6126.42,1,0,business,0.0705,0.1381,High
22,47700.52,2.4,22171.65,596,3378.54,13,0,other,0.0708,0.4648,Medium
63,216032.23,0.8,40679.87,772,4220.55,8,1,home_improvement,0.0195,0.1883,Low
34,39484.05,1.3,8770.36,675,4198.94,6,0,other,0.1063,0.2221,Medium
42,65875.96,2.8,16653.03,651,3225.59,13,0,debt_consolidation,0.049,0.2528,Low
51,36341.1,1.7,11227.84,627,9583.23,4,0,medical,0.2637,0.3089,Low
43,60062.51,6.0,20639.26,675,5516.76,11,0,debt_consolidation,0.0918,0.3436,Medium
40,46037.58,3.9,12418.49,718,1761.52,1,0,debt_consolidation,0.0383,0.2697,Medium
58,43289.68,8.6,11421.74,628,5783.84,0,0,debt_consolidation,0.1336,0.2638,Medium
24,35975.88,6.4,4713.24,808,3536.99,12,0,education,0.0983,0.131,Low
35,52773.86,0.7,15963.29,638,3343.15,4,0,business,0.0633,0.3025,Medium
44,74465.15,0.7,32388.11,694,8289.82,13,0,home_improvement,0.1113,0.4349,Medium
45,30105.61,11.3,6286.18,678,3919.21,9,0,other,0.1302,0.2088,Low
21,47844.6,8.6,23255.74,462,5434.06,4,0,debt_consolidation,0.1136,0.4861,High
27,62728.24,3.2,14115.19,733,8143.81,14,0,education,0.1298,0.225,Low
51,68971.29,0.7,3868.51,840,4795.55,10,0,debt_consolidation,0.0695,0.0561,Low
32,124431.91,11.4,10930.57,683,746.49,2,0,debt_consolidation,0.006,0.0878,Low
62,65469.47,1.3,11386.97,681,10982.02,8,0,business,0.1677,0.1739,Low
25,40134.39,0.2,17457.39,671,1042.21,10,0,home_improvement,0.026,0.435,Medium
64,36901.2,12.9,18669.13,569,1988.48,9,0,home_improvement,0.0539,0.5059,Low
62,36675.74,8.3,14527.42,654,3573.76,14,0,home_improvement,0.0974,0.3961,Low
58,35668.09,5.9,20298.16,667,4718.14,0,0,debt_consolidation,0.1323,0.5691,Low
32,54604.31,0.2,7782.56,714,1313.73,11,0,business,0.0241,0.1425,High
59,60492.53,3.8,11985.67,683,5800.94,4,0,debt_consolidation,0.0959,0.1981,Low
38,74033.46,5.3,12238.95,694,10260.84,10,0,debt_consolidation,0.1386,0.1653,Low
22,68356.87,7.1,26958.57,619,4066.97,3,0,education,0.0595,0.3944,Low
30,91404.83,3.2,4434.82,742,3673.9,12,0,education,0.0402,0.0485,Low
35,35085.37,15.3,19178.1,766,12528.25,1,0,debt_consolidation,0.3571,0.5466,Low
50,111106.23,1.4,32950.04,675,3297.6,11,0,medical,0.0297,0.2966,Medium
64,35780.99,0.4,14421.71,679,684.89,0,0,debt_consolidation,0.0191,0.403,Medium
37,58335.5,2.0,97863.73,598,6018.27,9,0,other,0.1032,1.6776,High
24,44472.25,5.4,9979.3,699,3178.45,10,0,business,0.0715,0.2244,Low
27,48438.59,6.7,12303.34,649,2818.31,3,0,home_improvement,0.0582,0.254,Low
61,68606.62,6.7,9575.13,613,17882.21,5,0,business,0.2606,0.1396,Low
51,23879.84,0.6,11695.47,625,2215.84,7,0,debt_consolidation,0.0928,0.4897,Medium
59,32358.69,10.8,19449.54,661,2913.19,9,0,home_improvement,0.09,0.601,Medium
54,71297.27,1.6,10727.84,659,2261.48,1,0,education,0.0317,0.1505,Low
26,48968.07,1.2,8158.58,762,8268.11,11,0,education,0.1688,0.1666,Low
58,43117.8,4.8,5141.9,605,10504.23,10,0,other,0.2436,0.1192,Medium
54,27987.96,1.2,12171.26,689,8260.27,1,0,debt_consolidation,0.2951,0.4349,Low
64,43269.12,3.5,13204.0,570,5655.13,5,1,debt_consolidation,0.1307,0.3052,Low
35,68904.27,2.6,11135.8,566,6512.29,3,0,home_improvement,0.0945,0.1616,Low
34,36984.84,1.3,50736.98,500,7416.95,9,0,debt_consolidation,0.2005,1.3718,Medium
26,96957.85,1.7,19722.87,736,11886.73,8,0,medical,0.1226,0.2034,Low
57,83989.11,2.8,9680.46,727,27796.74,3,0,other,0.331,0.1153,Low
52,41149.77,2.1,20472.23,435,6965.89,11,0,business,0.1693,0.4975,Medium
23,36418.26,2.4,21880.27,663,2943.99,13,0,education,0.0808,0.6008,Medium
23,12305.0,6.6,13319.35,615,898.6,1,0,education,0.073,1.0823,Medium
42,28611.66,0.9,10438.88,674,10685.4,14,0,business,0.3735,0.3648,Medium
42,27745.58,4.9,7435.51,658,13149.09,11,0,medical,0.4739,0.268,Medium
30,23969.0,5.7,30441.28,632,3133.52,0,0,medical,0.1307,1.27,High
23,48146.89,8.1,12130.35,566,5395.87,5,0,business,0.1121,0.2519,Medium
32,57299.1,9.4,11917.23,598,9022.17,10,0,medical,0.1575,0.208,Low
49,121458.47,0.9,26068.6,597,1414.01,0,0,home_improvement,0.0116,0.2146,Low
37,50677.91,0.7,13630.21,619,953.91,5,0,debt_consolidation,0.0188,0.269,High
27,17733.72,4.8,58464.59,715,3400.43,7,0,home_improvement,0.1917,3.2966,Medium
33,33729.5,7.1,9744.4,789,2631.85,5,1,debt_consolidation,0.078,0.2889,Low
22,66521.61,1.6,10693.97,587,16314.75,3,1,home_improvement,0.2453,0.1608,High
24,47065.41,3.7,8764.79,704,5194.05,11,0,business,0.1104,0.1862,Low
30,75238.17,7.4,8117.47,492,10018.48,1,0,debt_consolidation,0.1332,0.1079,Low
59,37915.89,7.3,17041.92,513,913.82,4,0,education,0.0241,0.4495,High
44,87205.15,5.3,20439.66,663,4144.71,4,0,medical,0.0475,0.2344,Medium
37,55437.69,0.4,10625.34,714,3383.26,7,0,home_improvement,0.061,0.1917,Low
26,56147.58,0.3,13698.15,692,5721.43,2,0,other,0.1019,0.244,Low
39,52837.55,2.5,15165.2,611,9214.8,1,0,education,0.1744,0.287,Medium
25,33437.12,0.1,29029.0,757,3667.36,13,0,business,0.1097,0.8681,Low
52,47638.89,11.7,9290.28,602,11167.13,0,0,home_improvement,0.2344,0.195,High
30,56776.65,0.1,14861.1,621,4689.5,1,0,debt_consolidation,0.0826,0.2617,High
29,24335.04,0.2,17314.35,673,2846.64,1,1,home_improvement,0.117,0.7115,High
47,51011.03,0.9,17083.63,687,3942.22,0,0,other,0.0773,0.3349,Medium
33,89988.66,4.9,13974.28,560,813.26,7,0,medical,0.009,0.1553,Medium
39,60895.17,3.9,24680.29,563,12018.62,14,0,other,0.1974,0.4053,Medium
41,97114.41,5.4,8806.39,717,4549.42,7,1,medical,0.0468,0.0907,Low
44,60105.92,11.2,12047.02,617,7485.63,9,0,education,0.1245,0.2004,Medium
58,31294.09,3.0,9373.28,707,12840.02,14,0,debt_consolidation,0.4103,0.2995,Low
24,72793.35,0.2,8997.52,551,1170.54,3,0,other,0.0161,0.1236,Low
44,27708.29,7.2,14327.36,620,630.35,2,0,debt_consolidation,0.0227,0.5171,Medium
55,44169.13,8.4,24239.27,739,16163.5,12,0,debt_consolidation,0.3659,0.5488,Medium
23,42702.03,0.3,8354.21,743,2323.5,0,0,debt_consolidation,0.0544,0.1956,Low
24,34921.6,1.4,23200.72,607,4938.57,7,0,home_improvement,0.1414,0.6643,Medium
57,161052.17,7.4,10945.84,482,3311.06,12,0,medical,0.0206,0.068,High
60,47272.18,2.4,7521.13,704,5216.78,7,0,education,0.1104,0.1591,Low
55,121179.82,3.2,8978.07,668,11286.13,3,0,business,0.0931,0.0741,Low
51,58209.0,8.7,23732.07,677,1997.83,4,0,education,0.0343,0.4077,Low
64,32517.68,0.5,7165.83,556,19352.07,3,0,debt_consolidation,0.5951,0.2204,Medium
45,39942.9,5.7,44518.75,641,3812.79,4,0,debt_consolidation,0.0955,1.1145,Medium
60,48086.62,1.2,14521.92,658,18404.6,14,0,home_improvement,0.3827,0.302,High
33,41319.75,0.3,4823.82,775,774.74,14,0,education,0.0187,0.1167,Low
24,42745.7,5.4,7171.49,747,2563.21,10,0,business,0.06,0.1678,Low
34,65308.14,0.6,21900.18,736,1842.56,3,0,debt_consolidation,0.0282,0.3353,Medium
33,58846.35,6.9,5568.93,669,1748.38,8,0,medical,0.0297,0.0946,Low
47,69216.66,1.1,19867.31,580,13487.11,0,0,debt_consolidation,0.1949,0.287,Medium
26,105170.94,0.2,6621.17,632,2242.3,9,0,debt_consolidation,0.0213,0.063,Low
37,38725.64,0.5,16646.03,549,10947.76,9,0,other,0.2827,0.4298,Medium
56,85557.7,9.2,29445.44,641,8888.18,2,0,other,0.1039,0.3442,Low
60,98400.48,2.3,16768.26,582,12075.4,6,1,debt_consolidation,0.1227,0.1704,Low
55,93615.42,1.8,22277.21,649,1251.42,12,0,debt_consolidation,0.0134,0.238,Medium
37,20333.69,3.4,20662.32,643,8286.08,5,0,business,0.4075,1.0161,Medium
61,120432.33,5.0,6737.82,574,13755.99,14,1,medical,0.1142,0.0559,High
22,35660.56,0.2,6462.58,695,11037.47,12,0,business,0.3095,0.1812,Low
33,19529.16,11.4,4642.8,548,4676.33,7,0,debt_consolidation,0.2394,0.2377,High
22,118961.48,15.9,16085.51,850,1242.13,13,0,debt_consolidation,0.0104,0.1352,Low
48,63367.23,2.7,12580.21,749,5135.86,13,0,debt_consolidation,0.081,0.1985,Low
63,64689.39,2.7,7343.56,554,7781.05,11,0,debt_consolidation,0.1203,0.1135,Medium
46,41521.38,10.5,16324.75,672,3307.64,5,0,debt_consolidation,0.0797,0.3932,Low
42,53693.59,2.8,35031.25,638,4586.55,10,0,other,0.0854,0.6524,High
63,45722.31,9.7,20213.75,639,10664.78,14,0,debt_consolidation,0.2332,0.4421,Low
23,35878.68,0.1,30438.28,613,5837.72,13,0,business,0.1627,0.8483,Low
55,49587.57,3.4,10597.19,724,16089.61,11,0,debt_consolidation,0.3245,0.2137,Low
32,51873.8,15.2,14839.83,587,5885.15,7,0,medical,0.1134,0.2861,Medium
44,25315.77,1.5,16182.01,739,4107.33,0,1,education,0.1622,0.6392,Medium
25,50403.51,1.5,22196.38,776,10377.77,14,1,education,0.2059,0.4404,Medium
40,20055.08,5.0,5326.99,581,9004.49,8,0,medical,0.449,0.2656,High
59,128049.95,13.0,32928.83,718,4328.41,4,0,medical,0.0338,0.2572,Low
59,46569.88,1.1,15381.45,708,13524.5,9,0,debt_consolidation,0.2904,0.3303,Low
33,28688.52,12.7,29251.06,495,1809.95,1,0,education,0.0631,1.0196,Medium
61,63361.34,5.4,25164.17,786,3889.17,0,0,medical,0.0614,0.3971,Low
32,33747.12,24.8,3704.66,613,32612.8,3,1,debt_consolidation,0.9664,0.1098,Medium
33,48308.91,6.7,16320.64,661,14744.89,12,0,business,0.3052,0.3378,Medium
30,61558.95,5.5,17941.42,763,10592.24,11,0,debt_consolidation,0.1721,0.2914,Medium
53,29485.52,8.4,11728.5,712,2340.41,9,0,debt_consolidation,0.0794,0.3978,Low
60,129943.45,1.0,13435.02,634,1040.89,7,0,medical,0.008,0.1034,Medium
36,136278.69,14.6,7881.62,714,3962.09,2,0,home_improvement,0.0291,0.0578,Low
55,37694.65,0.9,12175.37,743,7184.51,14,0,debt_consolidation,0.1906,0.323,Low
23,27954.6,0.1,10959.45,653,12778.38,14,0,education,0.4571,0.392,Medium
25,37608.9,6.0,9799.55,595,2028.53,9,0,medical,0.0539,0.2606,Low
46,38627.62,1.0,10724.78,678,5842.37,3,0,education,0.1512,0.2776,Medium
31,85406.31,7.1,3240.9,585,3888.16,1,0,other,0.0455,0.0379,Low
27,37935.53,7.9,9786.24,734,5539.48,1,0,debt_consolidation,0.146,0.258,Low
30,27423.88,1.4,7739.87,579,7149.24,1,0,home_improvement,0.2607,0.2822,Medium
62,51574.71,0.5,8105.39,593,3893.22,9,0,debt_consolidation,0.0755,0.1572,Low
54,23261.93,3.5,5833.2,730,3007.12,12,0,debt_consolidation,0.1293,0.2508,Medium
23,83616.62,11.0,11621.78,651,4280.97,0,0,home_improvement,0.0512,0.139,Low
28,66170.92,9.4,7846.57,685,7563.09,9,0,education,0.1143,0.1186,Low
51,36317.51,0.6,7781.79,704,7535.56,13,0,education,0.2075,0.2143,Medium
31,38354.97,16.7,14369.73,594,2132.53,9,0,debt_consolidation,0.0556,0.3746,Medium
27,55512.72,1.5,35470.41,611,1841.39,4,0,business,0.0332,0.6389,Low
22,28239.49,2.1,14461.57,768,10763.79,4,0,business,0.3811,0.5121,Low
26,33059.1,0.8,25417.07,702,1702.28,10,0,medical,0.0515,0.7688,Medium
61,43795.81,2.4,12608.87,621,2956.74,12,0,education,0.0675,0.2879,Medium
52,25351.89,5.0,59021.57,672,4210.84,2,0,business,0.1661,2.328,High
40,39059.08,3.5,6814.91,635,5082.09,2,0,debt_consolidation,0.1301,0.1745,Low
54,28666.1,8.8,4040.45,720,4728.29,7,0,medical,0.1649,0.1409,Low
36,100017.41,5.1,22857.28,664,8350.47,9,0,debt_consolidation,0.0835,0.2285,Low
45,40065.95,1.5,20762.91,641,17034.05,13,0,debt_consolidation,0.4251,0.5182,Medium
32,30533.75,4.1,4514.49,563,4673.39,6,0,education,0.1531,0.1478,High
27,68680.79,0.3,12219.31,702,2338.39,3,0,business,0.034,0.1779,Low
59,35801.93,4.3,39232.67,623,6143.1,13,0,debt_consolidation,0.1716,1.0958,High
37,28247.41,2.5,22823.15,729,3921.56,14,0,home_improvement,0.1388,0.8079,Low
31,76402.06,0.5,5294.16,509,3430.84,7,0,debt_consolidation,0.0449,0.0693,Low
26,41707.21,1.8,3956.25,609,8787.85,9,0,debt_consolidation,0.2107,0.0949,Low
43,74645.88,11.4,35271.18,700,1900.78,8,0,debt_consolidation,0.0255,0.4725,Low
47,48653.21,4.4,8027.24,649,3195.54,5,0,debt_consolidation,0.0657,0.165,Medium
26,52292.04,11.7,23883.09,600,4200.39,6,0,other,0.0803,0.4567,Low
58,64964.05,2.6,20465.84,742,9474.24,10,0,other,0.1458,0.315,Low
22,35688.59,19.3,13166.07,727,8032.38,11,0,education,0.2251,0.3689,Medium
42,32692.23,2.2,8522.53,589,10771.72,12,0,medical,0.3295,0.2607,Medium
40,89403.79,7.1,32667.58,638,2821.59,6,0,medical,0.0316,0.3654,Low
45,65477.36,1.8,3476.74,573,19402.68,12,0,business,0.2963,0.0531,High
35,47394.0,0.6,25788.26,630,3811.04,12,0,medical,0.0804,0.5441,Low
49,72973.41,9.0,10994.55,634,7880.64,11,0,other,0.108,0.1507,Low
28,64220.63,7.2,8456.08,614,5765.16,4,0,debt_consolidation,0.0898,0.1317,Medium
57,78562.63,8.6,12421.45,707,2738.07,12,0,medical,0.0349,0.1581,Low
53,27683.25,1.8,26278.82,709,3797.01,10,1,debt_consolidation,0.1372,0.9492,Medium
42,47472.72,6.1,6319.12,743,7887.32,12,0,other,0.1661,0.1331,Low
25,86241.04,1.2,16299.92,681,7600.28,14,0,education,0.0881,0.189,Low
59,113392.84,0.1,19128.37,519,6503.99,3,0,other,0.0574,0.1687,Low
38,37497.55,10.1,11846.31,650,12396.06,12,0,home_improvement,0.3306,0.3159,Medium
58,53081.44,3.7,6883.07,712,13635.57,1,0,medical,0.2569,0.1297,Medium
57,49497.03,20.6,8152.97,660,4241.45,10,0,other,0.0857,0.1647,Low
50,26315.39,2.4,38892.68,718,2614.74,0,0,debt_consolidation,0.0994,1.4779,Medium
51,42455.85,15.7,23532.79,739,1967.82,7,0,medical,0.0463,0.5543,Medium
30,22262.38,4.8,19138.89,536,7150.63,1,0,home_improvement,0.3212,0.8597,High
35,45086.55,3.6,47945.84,704,15162.79,7,0,home_improvement,0.3363,1.0634,High
62,29172.76,1.8,8322.88,682,5892.67,8,0,medical,0.202,0.2853,Medium
64,53367.51,8.7,13226.98,782,4297.12,3,1,business,0.0805,0.2478,Low
38,41984.32,8.8,13745.79,602,11189.04,0,1,home_improvement,0.2665,0.3274,High
43,41651.49,2.7,28056.73,744,2512.28,5,0,debt_consolidation,0.0603,0.6736,Low
53,106586.35,6.5,5007.67,643,4540.54,7,0,home_improvement,0.0426,0.047,Medium
36,50787.45,3.0,14041.55,666,2118.21,13,0,education,0.0417,0.2765,Medium
58,125380.85,6.7,13343.29,652,8328.94,0,1,education,0.0664,0.1064,High
55,61278.59,25.7,21901.47,788,1991.18,13,0,education,0.0325,0.3574,Low
54,73701.35,1.5,10295.7,578,10881.42,4,0,education,0.1476,0.1397,Low
48,31737.01,5.0,27678.7,672,3568.56,10,0,home_improvement,0.1124,0.8721,Medium
22,34653.73,2.4,17028.28,743,23445.86,0,0,medical,0.6766,0.4914,Medium
50,49445.78,4.0,8365.69,812,824.16,6,0,debt_consolidation,0.0167,0.1692,Low
33,89907.59,10.4,18888.94,572,6095.97,5,0,debt_consolidation,0.0678,0.2101,Medium
61,40885.18,2.1,12435.39,731,6714.02,11,0,other,0.1642,0.3041,Low
36,23963.18,0.4,17919.63,629,3428.22,3,0,medical,0.1431,0.7478,High
25,59814.01,8.0,6560.55,724,25969.15,11,1,home_improvement,0.4342,0.1097,High
48,50614.29,4.0,11358.7,597,17228.79,13,1,medical,0.3404,0.2244,High
59,37216.03,3.0,24618.85,753,8172.85,7,0,education,0.2196,0.6615,Medium
40,40679.03,1.0,31048.36,623,3346.66,12,0,debt_consolidation,0.0823,0.7632,Medium
44,31712.4,0.5,17400.75,728,3467.86,7,0,home_improvement,0.1093,0.5487,Low
47,77804.41,1.6,11595.39,646,2351.68,1,0,debt_consolidation,0.0302,0.149,Low
50,49595.83,6.3,9612.71,541,7359.69,4,0,home_improvement,0.1484,0.1938,Medium
47,55283.99,2.7,8775.74,670,1240.03,12,0,debt_consolidation,0.0224,0.1587,Low
46,36380.45,4.2,8766.15,567,5300.69,0,0,medical,0.1457,0.241,Low
27,95617.74,0.4,8036.26,624,5466.23,2,0,education,0.0572,0.084,Medium
62,54742.65,0.7,12698.07,850,2067.08,14,0,debt_consolidation,0.0378,0.232,Low
58,16805.01,0.1,9401.89,676,7234.7,11,0,business,0.4305,0.5594,High
25,61697.01,5.6,18611.86,656,3571.55,2,0,education,0.0579,0.3017,Low
43,42952.05,1.5,16585.6,550,5030.43,9,0,business,0.1171,0.3861,Medium
48,45162.73,17.0,25809.84,499,4587.29,2,0,debt_consolidation,0.1016,0.5715,High
54,80567.09,1.8,18762.86,585,3233.45,2,0,debt_consolidation,0.0401,0.2329,Low
35,51240.52,2.3,22090.28,603,3893.01,9,0,home_improvement,0.076,0.4311,High
52,115401.33,3.2,8177.46,575,7599.38,1,0,debt_consolidation,0.0659,0.0709,Low
46,51678.47,1.9,17924.17,595,11966.07,14,0,debt_consolidation,0.2315,0.3468,Medium
51,38820.02,8.5,15514.64,530,9380.36,6,0,home_improvement,0.2416,0.3996,High
39,19798.39,10.4,4084.73,620,11050.81,14,1,home_improvement,0.5581,0.2063,High
29,34237.1,0.1,12919.79,503,1489.3,6,0,debt_consolidation,0.0435,0.3774,Medium
49,41725.91,5.3,7308.36,662,2522.36,3,0,education,0.0604,0.1751,Low
59,102042.44,5.8,5361.49,567,2174.44,11,0,business,0.0213,0.0525,High
24,38937.88,16.3,11089.72,633,1986.87,7,1,other,0.051,0.2848,Medium
23,111413.75,2.3,9133.82,680,3529.73,14,0,debt_consolidation,0.0317,0.082,Medium
49,27607.56,1.1,8501.57,561,1860.28,9,0,debt_consolidation,0.0674,0.3079,Medium
31,33315.1,3.7,5635.15,551,3770.29,9,0,home_improvement,0.1132,0.1691,Low
53,86119.27,3.0,38824.92,670,2952.62,7,0,business,0.0343,0.4508,Low
58,36404.18,7.8,6326.11,572,13945.85,13,0,home_improvement,0.3831,0.1738,Medium
31,84932.69,11.7,10915.11,592,4336.05,12,0,home_improvement,0.0511,0.1285,Low
47,32430.33,0.5,20118.04,607,19388.56,3,0,medical,0.5978,0.6203,High
53,34096.67,9.4,24030.64,745,16848.27,5,0,debt_consolidation,0.4941,0.7048,High
41,67570.34,12.0,6897.88,787,4163.25,5,0,home_improvement,0.0616,0.1021,Low
59,32658.14,12.9,11719.0,572,4522.1,14,0,education,0.1385,0.3588,Low
51,42736.04,7.2,18622.6,565,9133.81,11,0,other,0.2137,0.4357,Medium
58,59718.03,6.8,15975.13,529,1525.48,12,0,medical,0.0255,0.2675,Medium
22,43204.38,0.1,16789.37,697,9444.57,4,1,debt_consolidation,0.2186,0.3886,High
47,37001.39,12.6,6528.14,698,16592.13,13,0,home_improvement,0.4484,0.1764,Medium
56,26806.13,2.2,8140.53,744,2559.81,14,1,business,0.0955,0.3037,High
31,101180.8,0.2,12198.47,816,5349.52,3,0,home_improvement,0.0529,0.1206,Low
38,111085.57,2.7,11077.6,641,3123.78,12,0,home_improvement,0.0281,0.0997,Low
21,57795.59,6.6,14744.71,544,10966.01,11,0,debt_consolidation,0.1897,0.2551,Low
55,43649.25,2.9,7086.49,726,18956.06,13,1,debt_consolidation,0.4343,0.1623,Medium
55,44865.04,7.1,24002.54,576,1699.75,14,0,education,0.0379,0.535,Medium
51,74317.11,3.6,6533.26,537,5278.02,8,0,home_improvement,0.071,0.0879,High
48,82116.23,1.8,15341.68,768,6571.5,5,0,medical,0.08,0.1868,Low
59,37418.61,1.1,8201.67,456,8628.48,6,1,debt_consolidation,0.2306,0.2192,High
21,83893.56,2.7,11394.63,736,2911.55,13,0,home_improvement,0.0347,0.1358,Low
45,66672.28,0.2,5519.52,682,3237.09,11,0,home_improvement,0.0486,0.0828,Medium
63,83167.5,2.7,12078.64,610,16605.28,13,0,business,0.1997,0.1452,Medium
58,22006.9,0.4,19914.78,695,1417.75,4,0,home_improvement,0.0644,0.9049,Medium
40,39751.32,10.5,28552.62,691,5440.7,1,0,business,0.1369,0.7183,Medium
23,44960.94,4.3,12597.66,588,3226.67,10,0,home_improvement,0.0718,0.2802,Low
22,38774.7,5.2,6432.37,616,3734.53,5,0,other,0.0963,0.1659,Low
38,127856.2,1.7,21790.6,850,19609.14,10,0,other,0.1534,0.1704,Low
64,39937.31,1.3,16451.8,716,5045.96,10,0,education,0.1263,0.4119,Low
30,61957.02,6.2,12071.31,823,16066.46,2,0,other,0.2593,0.1948,Low
25,52913.83,5.6,9657.63,633,15156.28,9,0,debt_consolidation,0.2864,0.1825,Low
29,42399.27,0.7,12423.98,593,11942.92,5,0,home_improvement,0.2817,0.293,High
22,34395.46,1.4,13593.99,684,1554.31,2,0,business,0.0452,0.3952,Low
54,137025.77,14.6,21714.78,606,4871.38,13,1,home_improvement,0.0356,0.1585,Low
58,43873.42,1.8,8032.87,662,12546.2,7,0,debt_consolidation,0.286,0.1831,Medium
51,75947.1,0.1,8902.63,576,13129.34,6,0,debt_consolidation,0.1729,0.1172,Low
30,48784.89,0.3,11603.62,641,5547.48,0,0,other,0.1137,0.2378,Low
32,38973.58,7.5,5915.27,548,6029.67,12,0,debt_consolidation,0.1547,0.1518,Medium
56,51748.24,7.1,20183.89,634,2287.46,3,1,home_improvement,0.0442,0.39,Medium
41,57185.57,2.4,19047.97,688,649.25,1,0,debt_consolidation,0.0114,0.3331,Low
26,38762.44,0.8,15974.46,672,2628.97,10,0,business,0.0678,0.4121,Low
23,33446.07,3.4,57076.83,692,19839.34,10,0,medical,0.5932,1.7065,High
30,62198.55,2.0,20091.46,591,1862.99,10,0,home_improvement,0.03,0.323,Medium
25,51957.62,2.3,29944.05,633,6172.33,5,0,other,0.1188,0.5763,Medium
46,35382.45,1.5,13858.12,560,8987.96,4,0,debt_consolidation,0.254,0.3917,Medium
41,30662.09,0.3,9613.6,703,2944.26,1,0,debt_consolidation,0.096,0.3135,Medium
46,58374.79,7.8,5634.95,827,3521.57,0,0,business,0.0603,0.0965,Low
58,18787.74,4.8,16055.02,637,3680.09,6,0,medical,0.1959,0.8545,Medium
64,43032.03,9.0,18483.06,608,4816.16,11,0,debt_consolidation,0.1119,0.4295,Medium
46,52446.25,3.5,23336.64,462,7587.74,8,1,debt_consolidation,0.1447,0.445,Medium
28,116872.19,21.0,9880.4,598,7793.59,8,0,debt_consolidation,0.0667,0.0845,Medium
25,49278.37,16.4,19931.98,711,2186.36,13,0,business,0.0444,0.4045,Low
35,42167.47,1.6,6131.87,676,14700.18,10,0,business,0.3486,0.1454,Low
36,56516.08,2.4,14102.37,724,4632.16,9,0,business,0.082,0.2495,Medium
21,34259.86,7.0,18592.59,789,753.58,2,0,debt_consolidation,0.022,0.5427,Medium
36,43937.87,7.5,19668.83,617,1935.32,14,1,medical,0.044,0.4476,High
57,49744.29,12.1,21850.87,574,3731.4,14,0,education,0.075,0.4393,Medium
23,67154.83,5.3,18423.27,708,2769.56,11,0,business,0.0412,0.2743,Low
51,35013.88,3.2,14282.67,657,1974.54,5,0,home_improvement,0.0564,0.4079,Low
33,48880.71,2.4,28122.63,566,4442.67,9,1,home_improvement,0.0909,0.5753,High
36,20020.1,2.7,12947.23,549,14107.92,14,0,education,0.7047,0.6467,High
63,63471.12,9.5,13277.37,720,7806.9,0,0,debt_consolidation,0.123,0.2092,Low
41,43685.87,19.6,34470.58,666,2328.72,10,1,debt_consolidation,0.0533,0.789,Medium
22,125763.5,0.3,2497.74,547,20274.05,0,1,other,0.1612,0.0199,High
47,58434.85,4.3,18869.6,664,9654.34,5,0,other,0.1652,0.3229,Medium
58,31777.2,3.7,19253.61,561,2136.25,11,0,other,0.0672,0.6059,Medium
46,28371.97,2.4,10379.02,704,2274.88,5,0,business,0.0802,0.3658,Low
58,68244.35,9.5,13510.69,726,4509.89,4,1,debt_consolidation,0.0661,0.198,Low
45,120356.77,4.3,13253.02,728,7213.02,11,0,business,0.0599,0.1101,Low
31,103267.9,1.9,11753.77,678,11775.94,5,0,home_improvement,0.114,0.1138,Low
28,26733.01,2.9,12862.35,670,1497.42,9,0,business,0.056,0.4811,High
28,54265.65,2.2,16789.41,639,4798.58,4,0,medical,0.0884,0.3094,Medium
53,86121.13,2.8,9362.1,581,5930.56,5,0,home_improvement,0.0689,0.1087,Low
27,25069.82,0.4,13323.39,746,6119.83,8,0,medical,0.2441,0.5314,Low
58,82345.87,0.6,5945.91,702,3266.54,12,0,home_improvement,0.0397,0.0722,Low
41,34496.25,4.9,9238.87,584,6271.76,6,0,other,0.1818,0.2678,Low
28,44014.02,5.8,6962.51,523,8410.23,13,0,home_improvement,0.1911,0.1582,Low
41,56292.48,5.1,14663.31,607,1315.11,2,0,education,0.0234,0.2605,Low
40,83630.02,7.2,7160.0,757,4845.57,8,1,home_improvement,0.0579,0.0856,Low
28,105445.91,14.4,5792.18,690,902.13,5,0,home_improvement,0.0086,0.0549,Low
51,41711.55,9.9,5804.46,669,1514.07,13,0,education,0.0363,0.1392,Low
49,38568.07,2.7,7191.42,756,1574.23,4,0,education,0.0408,0.1865,Low
29,37305.12,1.2,24807.73,485,2174.43,3,0,debt_consolidation,0.0583,0.665,High
35,72387.73,1.9,33579.42,644,6950.48,14,0,home_improvement,0.096,0.4639,Low
50,80642.24,4.4,10905.66,748,3267.48,12,0,debt_consolidation,0.0405,0.1352,Medium
46,76665.49,9.7,5453.1,570,9898.56,9,0,debt_consolidation,0.1291,0.0711,Low
30,56100.2,6.0,11154.5,580,5485.81,0,0,debt_consolidation,0.0978,0.1988,Low
49,58936.95,3.9,30685.27,633,5808.88,6,0,education,0.0986,0.5206,High
36,43687.43,4.6,15329.73,607,11136.97,4,1,debt_consolidation,0.2549,0.3509,High
56,45772.91,3.8,5560.38,619,1934.35,0,0,other,0.0423,0.1215,Medium
40,75130.87,17.8,39905.84,663,5681.8,3,0,debt_consolidation,0.0756,0.5311,Low
57,55946.21,8.5,10774.81,605,5203.32,9,0,medical,0.093,0.1926,Medium
42,38693.12,7.6,9697.62,624,4411.39,0,0,other,0.114,0.2506,Medium
27,84936.85,3.6,26985.72,584,13527.25,9,0,home_improvement,0.1593,0.3177,High
43,36173.5,2.0,15774.69,634,7228.82,3,0,business,0.1998,0.4361,High
61,52725.2,0.1,28953.15,666,3020.81,6,1,home_improvement,0.0573,0.5491,Medium
60,26370.19,0.2,12303.72,659,2627.67,8,0,medical,0.0996,0.4666,Medium
49,30549.38,0.2,12773.75,601,4397.68,11,0,business,0.1439,0.4181,High
36,49491.33,19.7,10040.04,590,11511.76,11,0,other,0.2326,0.2029,Medium
58,34609.32,0.6,14651.63,619,8042.75,13,1,other,0.2324,0.4233,Medium
48,43714.04,0.8,13049.91,617,6244.14,1,0,other,0.1428,0.2985,Medium
58,89916.34,3.3,8756.4,560,2748.22,11,0,home_improvement,0.0306,0.0974,Low
51,46056.39,3.3,4843.84,573,3524.18,3,0,debt_consolidation,0.0765,0.1052,Medium
34,76874.12,12.6,17769.97,691,809.72,12,1,education,0.0105,0.2312,Medium
53,33178.05,0.4,16218.66,462,9442.19,0,0,medical,0.2846,0.4888,High
29,64502.04,15.8,11403.93,696,7467.9,5,0,home_improvement,0.1158,0.1768,Low
47,29729.78,1.2,23570.97,677,40563.48,7,0,other,1.3644,0.7928,Medium
44,43265.44,17.6,14612.31,720,5989.6,13,0,other,0.1384,0.3377,Low
33,65824.47,3.9,17359.05,643,12129.19,11,0,business,0.1843,0.2637,Medium
46,49334.49,5.3,13321.51,743,7007.34,14,0,debt_consolidation,0.142,0.27,Medium
49,78523.28,1.9,5155.57,723,4927.87,2,0,medical,0.0628,0.0657,Low
63,68443.04,4.7,29247.34,841,7067.79,10,0,debt_consolidation,0.1033,0.4273,Low
48,42015.65,6.2,16771.93,833,7253.91,12,0,business,0.1726,0.3992,Medium
48,93758.18,0.1,6027.48,586,4959.4,11,0,debt_consolidation,0.0529,0.0643,Low
28,60970.93,0.2,10181.47,850,7678.23,4,0,debt_consolidation,0.1259,0.167,Low
43,43397.43,21.5,18849.06,771,16033.1,10,0,business,0.3694,0.4343,Low
49,52727.01,3.1,33082.7,632,5545.16,0,0,debt_consolidation,0.1052,0.6274,Medium
25,51300.67,13.7,15873.35,548,12173.93,11,0,debt_consolidation,0.2373,0.3094,Medium
62,54219.51,6.5,20804.35,611,12983.7,4,0,debt_consolidation,0.2395,0.3837,High
27,45666.5,2.3,35911.82,618,6714.46,0,0,debt_consolidation,0.147,0.7864,Medium
62,59057.32,0.8,34901.64,695,10361.34,4,1,business,0.1754,0.591,High
56,72759.14,19.1,15650.47,577,1073.61,14,0,education,0.0148,0.2151,Low
61,60644.36,4.4,19838.67,647,3511.8,8,1,debt_consolidation,0.0579,0.3271,High
47,59621.07,1.1,7426.16,706,4720.58,6,0,home_improvement,0.0792,0.1246,Low
22,46614.2,5.7,12952.95,572,5514.54,6,0,business,0.1183,0.2779,Low
45,31475.31,0.5,17049.19,640,9302.01,8,0,business,0.2955,0.5417,Low
29,27870.6,10.1,10387.79,586,2881.94,12,0,home_improvement,0.1034,0.3727,Medium
47,34413.76,0.5,6026.73,793,1667.44,10,0,debt_consolidation,0.0485,0.1751,Low
21,39775.17,1.3,13046.31,594,4875.53,4,0,debt_consolidation,0.1226,0.328,Low
43,113085.08,0.5,4623.96,675,1925.2,7,0,other,0.017,0.0409,Medium
30,91659.03,0.5,33059.6,561,3148.12,6,0,debt_consolidation,0.0343,0.3607,Medium
62,36437.07,3.7,12907.97,584,1749.83,5,0,education,0.048,0.3542,Medium
45,61380.73,5.8,25271.45,619,15752.42,5,0,debt_consolidation,0.2566,0.4117,Low
23,47391.06,7.8,7881.88,549,5644.38,6,0,education,0.1191,0.1663,Low
26,55160.11,5.9,9879.02,662,3281.97,9,0,education,0.0595,0.1791,Low
26,37260.52,2.3,19006.99,529,2519.33,11,1,other,0.0676,0.5101,High
22,150373.87,4.1,32719.83,654,3288.82,2,0,debt_consolidation,0.0219,0.2176,Low
38,124523.52,13.1,14935.96,655,16532.78,10,0,debt_consolidation,0.1328,0.1199,Low
43,42348.63,2.5,8134.66,662,1495.27,4,0,medical,0.0353,0.1921,Low
22,36382.22,1.5,22567.58,715,3929.76,11,0,business,0.108,0.6203,Medium
32,77865.35,3.7,7025.57,731,5751.08,13,0,home_improvement,0.0739,0.0902,Low
42,26773.43,1.8,29177.87,581,2172.1,1,0,debt_consolidation,0.0811,1.0898,Low
57,74829.99,1.5,25261.39,682,2330.63,4,1,business,0.0311,0.3376,Low
40,52194.53,7.5,8476.73,651,2146.33,14,0,home_improvement,0.0411,0.1624,Low
59,23931.51,11.1,12396.68,727,5295.9,11,0,debt_consolidation,0.2213,0.518,Medium
44,45438.49,3.5,9832.24,610,7692.92,7,0,business,0.1693,0.2164,Medium
40,35317.12,7.6,16783.59,512,10698.41,12,0,education,0.3029,0.4752,Medium
21,53150.89,1.0,17705.41,633,3647.27,13,0,business,0.0686,0.3331,Medium
21,50450.76,4.0,4774.51,647,7246.39,6,0,education,0.1436,0.0946,Low
37,24992.79,5.1,18236.42,744,11231.3,11,0,debt_consolidation,0.4494,0.7296,Low
21,41478.41,3.4,12597.37,719,6526.98,2,0,other,0.1574,0.3037,High
50,65340.03,0.6,6431.22,550,5200.98,12,0,debt_consolidation,0.0796,0.0984,Low
61,71214.67,6.6,19263.01,742,2972.15,6,0,debt_consolidation,0.0417,0.2705,Low
23,40883.06,9.1,34561.79,576,2605.16,1,0,debt_consolidation,0.0637,0.8454,Medium
31,61628.85,5.0,14274.37,582,15109.28,3,0,other,0.2452,0.2316,Medium
44,56004.66,0.9,30896.39,662,3960.17,9,0,debt_consolidation,0.0707,0.5517,Medium
42,47747.32,0.4,21863.35,665,4593.39,1,0,other,0.0962,0.4579,Low
64,61817.37,1.8,22013.23,638,37731.67,6,0,home_improvement,0.6104,0.3561,Medium
46,30865.61,0.2,17659.25,639,3952.7,4,0,education,0.1281,0.5721,High
33,49044.59,9.1,11699.44,546,3676.07,11,0,debt_consolidation,0.075,0.2385,Low
21,21983.12,6.1,8559.7,642,5818.28,13,0,education,0.2647,0.3894,High
44,47711.96,4.1,84546.06,747,1427.05,14,0,medical,0.0299,1.772,High
30,99958.78,11.0,14818.12,643,3212.96,8,1,business,0.0321,0.1482,Medium
55,41782.68,0.6,14652.01,793,2899.12,6,0,other,0.0694,0.3507,Low
44,95084.39,6.3,25637.68,650,2674.95,1,0,home_improvement,0.0281,0.2696,Low
48,42116.97,0.8,4289.19,583,14372.92,3,1,business,0.3413,0.1018,Medium
56,28499.43,0.3,18872.16,578,2584.38,2,0,debt_consolidation,0.0907,0.6622,High
36,68370.54,0.7,29992.07,737,2812.42,9,0,debt_consolidation,0.0411,0.4387,Low
60,61819.06,15.1,29532.95,673,4527.03,1,0,debt_consolidation,0.0732,0.4777,Low
36,156295.54,2.9,18843.4,537,2627.72,1,0,home_improvement,0.0168,0.1206,Medium
37,30042.01,0.3,7304.94,662,3847.52,7,0,other,0.1281,0.2431,Medium
35,58583.42,4.4,22909.92,693,3579.52,5,1,debt_consolidation,0.0611,0.3911,Medium
36,59636.41,1.1,6860.44,546,3841.42,2,0,debt_consolidation,0.0644,0.115,Low
35,83207.47,0.0,33002.66,632,1647.94,7,0,home_improvement,0.0198,0.3966,Medium
54,63888.81,7.1,21349.52,582,8496.03,2,0,debt_consolidation,0.133,0.3342,Medium
31,42444.87,0.8,10645.85,614,6482.22,4,0,debt_consolidation,0.1527,0.2508,Medium
21,28694.59,14.3,25531.35,570,3775.66,0,0,other,0.1316,0.8897,Low
35,58297.32,4.5,12178.12,495,5807.74,12,0,business,0.0996,0.2089,Medium
46,59113.25,0.5,14184.85,539,3397.57,0,0,business,0.0575,0.24,Low
24,67218.78,1.2,20594.52,729,4553.68,9,0,debt_consolidation,0.0677,0.3064,Medium
63,42416.09,4.7,12947.7,604,1088.81,11,0,debt_consolidation,0.0257,0.3052,High
25,56335.25,2.1,11700.16,795,7221.09,1,1,other,0.1282,0.2077,Low
55,22650.21,3.8,9181.01,566,2104.11,10,0,business,0.0929,0.4053,Medium
33,29301.0,8.0,23544.44,670,4264.09,6,0,debt_consolidation,0.1455,0.8035,Medium
30,78257.88,7.9,13712.02,669,6288.17,0,0,home_improvement,0.0804,0.1752,Low
31,53632.89,6.0,25083.62,649,20570.64,6,0,business,0.3835,0.4677,Medium
38,62187.55,10.9,9476.34,743,9869.95,14,0,education,0.1587,0.1524,Low
54,36345.44,1.1,7447.26,548,929.35,14,0,debt_consolidation,0.0256,0.2049,High
59,34107.54,1.0,25870.35,739,2897.32,9,0,education,0.0849,0.7585,Low
61,39665.0,8.0,7021.63,622,3993.43,8,0,education,0.1007,0.177,Low
62,55206.84,1.9,9591.25,685,3674.64,4,1,home_improvement,0.0666,0.1737,High
43,69075.73,3.6,19036.3,638,1248.64,10,0,education,0.0181,0.2756,Medium
27,43279.96,6.8,39451.24,768,9467.76,10,0,debt_consolidation,0.2188,0.9115,Low
59,21379.95,2.5,16662.48,579,6568.31,13,0,other,0.3072,0.7793,High
23,59905.21,0.7,7080.88,531,2904.13,5,0,debt_consolidation,0.0485,0.1182,Medium
32,56023.47,5.7,7761.79,707,3095.45,14,1,debt_consolidation,0.0553,0.1385,High
27,62291.89,8.5,13335.7,662,5058.1,13,0,education,0.0812,0.2141,Low
46,75225.76,0.1,19631.42,678,9700.79,11,0,other,0.129,0.261,Low
53,72314.45,4.1,7573.06,750,6798.88,9,0,debt_consolidation,0.094,0.1047,Low
57,96800.47,3.2,7809.75,669,2923.16,10,0,debt_consolidation,0.0302,0.0807,Low
35,49722.3,1.5,12891.54,628,4005.91,6,0,debt_consolidation,0.0806,0.2593,Low
22,39499.22,0.9,20453.51,648,7566.05,13,1,education,0.1915,0.5178,Low
61,82489.02,1.0,6159.02,807,6184.62,11,0,business,0.075,0.0747,Low
27,77201.8,6.5,3234.53,676,1965.96,7,1,medical,0.0255,0.0419,Medium
52,43633.22,3.8,12615.64,712,2424.04,10,0,debt_consolidation,0.0556,0.2891,Medium
24,85215.87,19.9,68316.77,586,10895.31,12,0,business,0.1279,0.8017,High
40,50881.99,1.4,10116.9,718,10399.74,1,0,business,0.2044,0.1988,Low
56,92796.25,15.7,27115.29,618,7503.8,1,0,medical,0.0809,0.2922,Low
52,116379.02,3.6,7230.53,511,8666.12,13,0,business,0.0745,0.0621,Medium
48,183603.88,0.8,14386.19,667,1556.9,8,1,debt_consolidation,0.0085,0.0784,High
33,50570.25,0.8,25731.0,660,1111.48,5,0,medical,0.022,0.5088,Low
21,99480.35,4.7,12348.97,679,2979.18,6,0,medical,0.0299,0.1241,Low
55,75126.09,8.9,6520.73,629,9460.96,11,0,medical,0.1259,0.0868,Medium
50,78706.48,6.9,13862.26,734,4115.04,4,0,business,0.0523,0.1761,Low
56,60610.05,5.3,21853.32,675,3841.64,0,0,other,0.0634,0.3606,Low
45,78869.69,0.9,43676.43,623,45776.92,7,0,business,0.5804,0.5538,High
36,24660.5,0.6,5996.54,736,5820.1,12,0,debt_consolidation,0.236,0.2432,Medium
39,48318.95,0.0,16443.71,679,4191.85,0,0,home_improvement,0.0868,0.3403,Medium
21,35357.27,0.5,8042.28,662,3472.28,14,0,medical,0.0982,0.2275,Low
25,33909.2,7.3,14726.5,612,7876.7,0,0,other,0.2323,0.4343,Low
42,23914.71,11.3,7982.92,808,6798.04,1,0,medical,0.2842,0.3338,Low
44,37670.89,1.4,8943.87,571,5137.08,4,0,home_improvement,0.1364,0.2374,Low
63,44932.86,7.9,35318.73,622,2049.36,3,0,debt_consolidation,0.0456,0.786,High
57,53752.99,1.1,13901.98,622,7118.69,3,0,debt_consolidation,0.1324,0.2586,Low
56,48717.12,1.4,6161.15,635,2739.74,0,1,debt_consolidation,0.0562,0.1265,Medium
56,82964.61,1.3,12084.95,698,2423.46,0,0,medical,0.0292,0.1457,Low
24,31319.58,0.3,19851.66,684,4431.9,12,0,home_improvement,0.1415,0.6338,Low
56,18549.01,1.1,15169.17,695,7006.12,9,0,education,0.3777,0.8177,Medium
38,63941.59,2.3,17675.6,643,6924.79,1,0,home_improvement,0.1083,0.2764,Medium
36,47888.75,2.6,41931.72,742,43815.72,12,0,debt_consolidation,0.9149,0.8756,High
61,47394.17,1.9,23957.24,588,7002.72,12,0,business,0.1478,0.5055,High
38,34324.26,3.6,30894.23,582,3558.67,1,0,home_improvement,0.1037,0.9,Medium
42,77231.95,2.4,16856.05,552,2889.73,0,0,medical,0.0374,0.2182,Low
22,39754.07,17.6,22598.97,615,3944.25,9,0,education,0.0992,0.5685,Low
41,31514.82,8.2,8835.11,658,3670.57,10,0,home_improvement,0.1165,0.2803,Low
56,113224.8,13.4,20900.3,605,17824.36,7,0,medical,0.1574,0.1846,Medium
64,69271.37,4.1,34074.72,610,2327.99,2,0,business,0.0336,0.4919,Medium
59,48046.32,5.7,15242.52,739,3535.56,7,0,home_improvement,0.0736,0.3172,Medium
59,14463.43,0.9,10399.42,595,18999.95,4,0,medical,1.3136,0.719,High
49,43577.13,7.0,29761.78,625,10116.56,10,0,home_improvement,0.2321,0.683,Medium
46,48493.82,1.3,8313.74,680,3033.51,11,0,debt_consolidation,0.0626,0.1714,Medium
41,101909.56,0.8,52818.09,517,21436.84,2,1,medical,0.2103,0.5183,Medium
37,20435.14,0.2,16336.71,554,1075.49,5,0,home_improvement,0.0526,0.7994,Low
36,106951.25,3.2,5124.53,711,4121.5,1,0,home_improvement,0.0385,0.0479,Medium
51,60990.08,1.7,17510.23,502,4470.61,10,0,other,0.0733,0.2871,High
29,26801.38,21.6,31194.07,532,7413.27,0,0,debt_consolidation,0.2766,1.1639,High
51,77723.11,1.4,26251.89,517,2573.36,12,0,other,0.0331,0.3378,Low
34,43393.44,10.1,13659.44,622,2948.25,8,0,debt_consolidation,0.0679,0.3148,Low
57,21355.43,1.9,14630.13,548,3620.52,2,0,education,0.1695,0.685,Medium
22,39253.28,6.9,26211.42,582,3738.9,6,0,debt_consolidation,0.0952,0.6677,Medium
34,55684.3,5.4,4153.84,742,28723.22,8,0,debt_consolidation,0.5158,0.0746,High
53,50562.66,4.1,9582.22,634,16939.2,14,0,other,0.335,0.1895,Low
55,67625.41,2.7,8752.86,668,1921.83,3,0,other,0.0284,0.1294,Medium
59,84856.37,5.6,22185.64,678,4457.29,8,0,medical,0.0525,0.2614,Low
40,28302.8,2.6,7898.38,735,1016.01,3,0,education,0.0359,0.2791,Medium
22,48511.1,4.0,8753.79,611,3157.71,1,0,home_improvement,0.0651,0.1804,Medium
61,36135.14,4.5,10202.11,644,4021.19,5,0,education,0.1113,0.2823,Medium
39,26252.98,1.6,8146.1,632,2575.23,8,0,business,0.0981,0.3103,Low
57,47766.53,2.1,25378.44,570,1974.3,2,0,medical,0.0413,0.5313,Low
38,60829.68,0.1,10100.73,637,3716.03,1,0,education,0.0611,0.166,Low
36,62651.23,9.6,18562.06,674,1895.48,4,0,education,0.0303,0.2963,Low
24,40231.04,7.1,9769.95,719,6215.42,12,0,debt_consolidation,0.1545,0.2428,Medium
32,29615.87,1.0,13290.17,580,5454.97,6,0,education,0.1842,0.4487,Medium
49,35514.1,2.2,11954.94,737,1108.57,10,0,home_improvement,0.0312,0.3366,Low
27,19179.25,2.7,4343.36,618,6562.44,5,0,education,0.3421,0.2264,Low
34,27047.46,2.0,6591.02,748,2063.35,3,0,home_improvement,0.0763,0.2437,Low
32,28245.47,8.0,6345.58,648,5029.07,8,0,home_improvement,0.178,0.2247,Medium
55,74805.93,6.5,25726.59,672,1927.86,12,0,home_improvement,0.0258,0.3439,Medium
25,74772.23,7.3,28935.87,619,12918.51,0,0,other,0.1728,0.387,Medium
37,142164.6,11.7,9941.01,775,5587.65,13,0,business,0.0393,0.0699,Low
62,55279.83,4.5,17479.12,579,7044.79,13,0,other,0.1274,0.3162,Low
52,38486.28,4.8,8793.54,732,1409.13,9,0,medical,0.0366,0.2285,High
30,49315.12,6.4,15852.39,561,4399.96,0,0,education,0.0892,0.3214,Low
63,45043.62,5.7,10800.5,596,8942.87,6,0,business,0.1985,0.2398,High
37,35744.09,10.2,9810.95,786,41749.88,4,0,business,1.168,0.2745,Medium
25,57524.21,7.4,19167.09,701,10302.31,14,0,other,0.1791,0.3332,Medium
62,53996.67,0.6,16202.44,672,14377.09,3,0,debt_consolidation,0.2663,0.3001,Low
29,47037.92,13.2,8520.46,666,8235.34,13,0,education,0.1751,0.1811,Low
53,42313.25,5.7,37391.23,739,1993.9,4,0,debt_consolidation,0.0471,0.8837,Medium
56,67235.1,0.7,40413.92,679,4336.32,2,0,debt_consolidation,0.0645,0.6011,Low
56,37165.24,7.4,14345.92,653,17761.91,12,0,home_improvement,0.4779,0.386,High
38,40071.5,2.2,19226.08,687,4747.9,0,1,business,0.1185,0.4798,Medium
29,62164.62,8.2,54144.54,634,12150.39,8,0,debt_consolidation,0.1955,0.871,Medium
49,81286.88,15.6,19185.33,618,3268.09,11,0,education,0.0402,0.236,Medium
34,77657.93,1.5,5916.98,593,3567.72,4,0,education,0.0459,0.0762,Low
45,43053.85,9.7,13709.89,566,1454.47,9,0,education,0.0338,0.3184,Medium
35,26051.39,7.4,10857.69,687,19133.54,5,0,home_improvement,0.7344,0.4168,High
26,42414.89,5.6,10243.07,637,2055.2,14,0,home_improvement,0.0485,0.2415,Low
62,50855.97,2.4,17431.85,520,4357.75,7,1,debt_consolidation,0.0857,0.3428,High
49,28082.12,0.6,10009.5,618,3519.26,9,0,home_improvement,0.1253,0.3564,Medium
35,42022.14,3.3,22044.5,673,4001.58,13,0,other,0.0952,0.5246,Medium
49,89639.34,0.6,9179.45,595,1806.36,5,0,home_improvement,0.0202,0.1024,Low
24,52772.19,3.5,6911.98,673,2073.35,9,0,debt_consolidation,0.0393,0.131,Low
38,37410.44,8.6,28591.75,471,2877.07,2,0,home_improvement,0.0769,0.7643,Low
64,49732.78,30.2,11350.57,775,10002.26,13,0,medical,0.2011,0.2282,Low
59,51117.05,1.1,21555.51,672,6640.06,7,0,other,0.1299,0.4217,Medium
36,40673.2,1.2,7593.69,496,2281.41,1,0,debt_consolidation,0.0561,0.1867,Medium
31,72127.45,8.3,11971.03,376,36045.21,6,0,home_improvement,0.4997,0.166,Medium
34,19649.34,3.2,19752.81,669,3006.95,5,0,other,0.153,1.0052,High
23,62061.46,12.4,8393.15,575,1572.53,10,0,debt_consolidation,0.0253,0.1352,Low
62,36806.37,7.3,17607.09,674,2276.3,1,1,debt_consolidation,0.0618,0.4784,Low
58,82689.86,6.7,27362.76,717,6465.26,13,0,education,0.0782,0.3309,Low
62,25917.63,0.5,16545.85,588,2496.69,3,0,business,0.0963,0.6384,High
38,78377.18,0.2,9672.85,709,10282.57,12,0,education,0.1312,0.1234,Low
40,33036.43,1.9,9212.2,722,1039.14,14,0,debt_consolidation,0.0315,0.2788,Low
45,57583.59,1.2,8479.71,686,8405.52,2,0,home_improvement,0.146,0.1473,Medium
58,38851.43,6.2,7883.28,756,2434.34,0,0,business,0.0627,0.2029,Low
33,86129.29,3.0,21967.08,577,11968.45,2,0,education,0.139,0.255,Medium
24,44554.12,3.7,7637.68,541,2002.53,6,1,home_improvement,0.0449,0.1714,High
34,34148.37,8.4,11201.9,518,6406.01,14,0,home_improvement,0.1876,0.328,Low
53,98671.35,3.3,14856.07,655,10853.03,12,0,business,0.11,0.1506,Low
48,42613.48,3.9,10685.78,685,2427.14,10,1,debt_consolidation,0.057,0.2508,Medium
57,63633.23,9.2,8854.1,701,3289.74,13,0,medical,0.0517,0.1391,Low
28,78395.53,2.8,27362.43,646,2601.82,5,0,business,0.0332,0.349,Medium
64,31579.19,0.4,9250.92,675,8302.85,2,0,debt_consolidation,0.2629,0.2929,Low
54,60534.77,3.7,14861.56,676,9405.49,12,0,home_improvement,0.1554,0.2455,Low
64,64769.65,4.3,9787.33,685,685.98,1,0,debt_consolidation,0.0106,0.1511,Low
25,22612.57,3.6,9457.74,691,5426.91,13,0,debt_consolidation,0.24,0.4182,Low
25,57614.51,1.5,6016.06,722,4253.22,5,1,home_improvement,0.0738,0.1044,High
51,41070.49,1.3,13485.8,551,4737.04,12,1,medical,0.1153,0.3283,Medium
29,110204.36,2.3,6141.51,591,11914.89,11,1,debt_consolidation,0.1081,0.0557,Medium
62,75588.52,0.9,15890.45,689,6235.98,6,0,medical,0.0825,0.2102,Low
52,61055.49,5.5,11197.35,518,2198.78,1,0,debt_consolidation,0.036,0.1834,Low
53,17664.92,4.8,7522.4,639,4710.78,13,0,other,0.2667,0.4258,Medium
23,61236.15,5.0,6756.8,732,20944.9,6,0,debt_consolidation,0.342,0.1103,Medium
50,33507.11,1.3,3358.64,771,6732.52,2,0,medical,0.2009,0.1002,Low
32,75869.06,1.4,19770.98,701,1832.34,13,0,other,0.0242,0.2606,Low
49,45253.77,7.7,12935.8,682,2429.22,13,0,other,0.0537,0.2858,Low
23,37814.85,5.9,14682.75,725,6035.74,5,0,debt_consolidation,0.1596,0.3883,Low
46,39406.7,10.4,17994.17,683,2500.78,4,1,education,0.0635,0.4566,Medium
50,40736.92,2.6,34500.24,702,2072.57,11,0,medical,0.0509,0.8469,Low
29,24993.88,4.0,7519.84,801,5997.96,11,0,education,0.24,0.3009,Medium
46,26688.58,6.7,9204.9,654,11595.49,14,0,home_improvement,0.4345,0.3449,High
22,41450.62,18.3,18332.39,631,2593.16,0,0,other,0.0626,0.4423,Medium
23,106677.8,22.8,20768.98,756,2075.64,11,0,debt_consolidation,0.0195,0.1947,Low
24,70068.71,35.5,13859.21,640,3262.78,8,0,medical,0.0466,0.1978,Low
45,73277.02,11.1,3952.8,689,4956.86,3,0,debt_consolidation,0.0676,0.0539,Low
33,89198.01,5.1,3512.71,712,8732.03,4,0,home_improvement,0.0979,0.0394,Low
59,56418.8,0.0,12746.69,560,9204.94,2,0,home_improvement,0.1632,0.2259,Medium
64,39013.46,6.0,25615.32,648,3041.67,6,0,debt_consolidation,0.078,0.6566,Medium
55,39915.03,1.4,31626.82,609,5752.88,9,0,debt_consolidation,0.1441,0.7923,Medium
43,32439.45,0.3,4794.57,619,1211.07,3,1,home_improvement,0.0373,0.1478,High
29,73534.07,6.0,17663.57,718,3718.49,3,0,debt_consolidation,0.0506,0.2402,Low
22,30695.7,7.1,17434.27,558,2344.22,8,0,debt_consolidation,0.0764,0.568,High
61,139409.63,5.4,9713.54,628,1547.95,2,0,other,0.0111,0.0697,Low
64,31211.62,2.3,14536.95,671,12268.33,12,0,education,0.3931,0.4657,Medium
51,90350.54,3.6,11547.39,643,1787.58,4,0,home_improvement,0.0198,0.1278,Low
64,90594.64,13.7,6717.13,679,11102.27,2,0,debt_consolidation,0.1225,0.0741,Low
22,66981.85,6.5,9190.37,695,25243.99,12,1,education,0.3769,0.1372,Medium
52,110225.78,3.5,44821.91,702,2109.07,1,1,home_improvement,0.0191,0.4066,Medium
38,44439.44,4.5,15892.11,738,4798.15,5,0,education,0.108,0.3576,Low
33,52267.69,13.1,6457.72,838,5962.79,7,0,home_improvement,0.1141,0.1235,Low
25,54842.09,2.5,6803.33,723,12899.42,4,0,debt_consolidation,0.2352,0.1241,Low
62,65845.09,0.5,34008.43,646,8206.26,1,0,business,0.1246,0.5165,Medium
64,19742.26,2.0,9960.49,687,5136.24,11,0,education,0.2602,0.5045,High
30,46487.17,2.7,10676.11,624,4847.48,4,1,debt_consolidation,0.1043,0.2297,High
63,75291.16,1.6,21493.77,738,2489.26,13,0,education,0.0331,0.2855,Low
45,40702.39,3.8,10893.04,673,10389.94,12,0,home_improvement,0.2553,0.2676,Medium
54,130586.12,1.8,9709.78,778,8258.46,9,0,medical,0.0632,0.0744,Low
57,52261.52,0.5,15263.62,623,10950.47,11,0,home_improvement,0.2095,0.2921,Medium
50,63402.64,1.0,8734.92,628,4136.02,5,0,debt_consolidation,0.0652,0.1378,Low
27,106457.19,12.5,10087.23,634,6578.84,14,0,business,0.0618,0.0948,Low
26,52298.16,5.0,34756.31,609,8836.34,11,0,business,0.169,0.6646,High
23,105590.98,1.9,8152.64,695,1862.16,0,0,home_improvement,0.0176,0.0772,Low
33,65615.88,2.3,11505.51,670,13846.57,11,0,debt_consolidation,0.211,0.1753,Medium
23,65679.39,3.4,48148.76,677,8386.11,13,0,education,0.1277,0.7331,Low
46,31426.9,5.6,1628.74,492,1702.89,2,0,business,0.0542,0.0518,High
44,85240.34,4.4,41753.71,572,1795.67,6,1,debt_consolidation,0.0211,0.4898,Medium
26,36199.65,13.5,18323.8,644,6166.62,8,0,debt_consolidation,0.1703,0.5062,Low
63,44658.85,4.9,17674.13,660,30068.75,13,0,business,0.6733,0.3957,High
62,92005.09,12.1,17511.42,779,4574.66,7,0,home_improvement,0.0497,0.1903,Low
32,40807.83,0.0,10316.47,574,9779.37,3,0,education,0.2396,0.2528,High
56,58331.34,11.1,7310.51,560,4061.26,5,0,home_improvement,0.0696,0.1253,Low
22,47717.99,6.4,13151.92,565,5227.54,9,1,home_improvement,0.1095,0.2756,High
31,48557.34,0.9,12485.56,658,10777.8,13,0,debt_consolidation,0.222,0.2571,Medium
59,45491.01,1.5,15305.53,708,12695.38,14,0,home_improvement,0.2791,0.3364,High
54,29199.64,3.9,11134.05,605,2725.01,14,0,debt_consolidation,0.0933,0.3813,Medium
46,64380.85,0.7,22124.81,663,4275.7,10,0,home_improvement,0.0664,0.3436,Low
38,67309.79,7.7,21812.25,555,2484.93,8,0,home_improvement,0.0369,0.3241,Medium
41,36644.05,7.8,5604.48,548,6507.92,12,1,education,0.1776,0.1529,Medium
56,39295.12,1.8,4831.72,614,5728.22,6,0,education,0.1458,0.123,Medium
60,77380.93,0.4,8375.98,718,2276.57,13,0,home_improvement,0.0294,0.1082,Medium
64,42963.5,22.5,6007.45,594,4931.07,9,0,other,0.1148,0.1398,Low
42,51343.75,1.4,25313.16,636,11273.53,10,0,debt_consolidation,0.2196,0.493,Medium
50,31545.98,0.3,9063.93,576,5942.64,1,0,debt_consolidation,0.1884,0.2873,High
63,47489.49,2.0,18255.8,564,2289.74,5,0,medical,0.0482,0.3844,High
50,31631.56,17.4,12312.39,686,6353.15,7,0,business,0.2008,0.3892,Medium
28,36225.27,7.9,23039.11,604,3296.28,0,0,debt_consolidation,0.091,0.636,Medium
54,33453.43,3.3,10285.28,538,5682.7,10,0,home_improvement,0.1699,0.3074,Medium
29,75481.42,1.8,5215.51,534,1317.95,0,0,debt_consolidation,0.0175,0.0691,Medium
40,25215.3,2.8,8813.38,730,8290.65,0,0,education,0.3288,0.3495,High
60,56013.1,0.1,2558.43,516,10324.95,3,0,home_improvement,0.1843,0.0457,Medium
45,43845.96,6.3,5402.85,740,1682.06,1,0,business,0.0384,0.1232,Low
39,98531.47,0.5,16382.16,701,6169.4,6,0,debt_consolidation,0.0626,0.1663,Low
25,72383.6,3.7,15010.13,615,2525.83,3,0,education,0.0349,0.2074,Medium
31,26370.91,4.2,9484.05,708,9219.21,6,0,debt_consolidation,0.3496,0.3596,Low
35,37039.44,0.0,12054.3,634,6962.29,11,0,debt_consolidation,0.188,0.3254,Low
28,48680.97,19.5,5136.18,683,12582.35,9,0,home_improvement,0.2585,0.1055,Low
39,37035.68,1.8,20039.63,500,14050.55,10,0,medical,0.3794,0.5411,High
43,77198.61,0.4,11812.93,662,3767.41,1,0,home_improvement,0.0488,0.153,Low
47,53368.23,9.6,18332.97,621,5381.48,12,0,debt_consolidation,0.1008,0.3435,Low
60,44503.67,0.8,17705.29,610,20774.05,2,0,other,0.4668,0.3978,High
52,80053.36,0.1,15835.97,721,952.3,11,0,business,0.0119,0.1978,Low
46,27209.48,3.4,7565.82,819,1814.32,0,0,home_improvement,0.0667,0.278,Low
47,42926.46,0.7,15783.11,754,10807.18,8,0,business,0.2518,0.3677,Low
39,55492.3,20.2,17371.31,743,2296.58,11,0,debt_consolidation,0.0414,0.313,Low
62,45676.66,0.1,8923.2,584,18028.75,10,0,business,0.3947,0.1954,Medium
49,10380.64,0.3,16169.99,703,2472.88,5,0,medical,0.2382,1.5576,Medium
59,58076.23,9.0,5592.38,619,7860.35,12,1,debt_consolidation,0.1353,0.0963,High
61,63029.86,1.4,18572.05,612,6042.4,10,0,medical,0.0959,0.2947,Low
53,29546.66,12.1,16062.5,822,4492.96,14,0,business,0.1521,0.5436,Low
39,16457.1,1.9,32681.02,490,6671.29,9,1,debt_consolidation,0.4053,1.9857,High
57,34931.08,0.4,42355.73,689,5989.17,12,0,debt_consolidation,0.1715,1.2125,Medium
39,44278.7,0.1,11473.25,683,7702.84,9,0,medical,0.174,0.2591,Low
53,46385.14,1.7,18149.66,717,16506.82,6,0,home_improvement,0.3559,0.3913,High
36,18332.79,3.2,16439.57,715,8623.08,10,1,debt_consolidation,0.4703,0.8967,High
43,54263.61,0.0,11329.0,691,12166.84,3,1,debt_consolidation,0.2242,0.2088,Low
27,81997.04,4.4,4604.23,683,3883.68,3,0,home_improvement,0.0474,0.0562,Low
46,79094.87,2.0,6759.01,588,1558.6,9,1,education,0.0197,0.0855,Medium
52,90302.61,2.5,9699.47,655,2348.21,12,0,debt_consolidation,0.026,0.1074,Low
32,26729.23,1.5,15703.7,717,18564.52,9,0,debt_consolidation,0.6945,0.5875,Medium
28,76079.27,3.8,30610.38,596,22805.35,12,0,home_improvement,0.2998,0.4023,Medium
25,30732.92,1.3,12564.4,680,2016.21,7,0,other,0.0656,0.4088,Medium
62,72738.05,0.7,24939.17,718,2640.73,0,0,medical,0.0363,0.3429,Low
48,33905.22,11.1,31866.05,624,3835.33,10,0,education,0.1131,0.9398,High
25,58454.94,2.5,9474.38,775,4918.94,6,0,other,0.0841,0.1621,Low
46,105618.99,0.4,5755.54,696,13977.42,3,0,debt_consolidation,0.1323,0.0545,Low
25,78156.47,1.3,13663.01,524,10678.59,3,0,medical,0.1366,0.1748,Medium
42,30910.83,1.9,5984.79,658,1960.54,7,0,debt_consolidation,0.0634,0.1936,Medium
35,27737.98,7.3,39752.43,588,1900.24,5,0,home_improvement,0.0685,1.4331,High
33,72270.42,0.1,26893.45,568,1595.47,4,0,debt_consolidation,0.0221,0.3721,Medium
48,94819.84,3.3,31113.89,574,2486.55,13,0,home_improvement,0.0262,0.3281,Low
53,60772.93,2.6,4731.82,803,1652.93,8,0,other,0.0272,0.0779,Low
63,37964.76,17.3,10741.75,586,9180.56,11,0,home_improvement,0.2418,0.2829,Low
43,50057.87,1.0,13793.83,638,1754.2,13,1,business,0.035,0.2756,High
53,60853.34,4.9,17001.35,676,5994.89,13,0,education,0.0985,0.2794,Medium
63,46874.18,1.1,10757.85,594,1674.51,1,0,business,0.0357,0.2295,Medium
38,30926.22,4.0,2812.45,584,51549.22,6,0,debt_consolidation,1.6668,0.0909,High
50,83438.85,4.0,17631.7,600,7265.0,1,0,medical,0.0871,0.2113,Low
46,125384.85,0.4,38566.12,603,10038.33,13,1,education,0.0801,0.3076,High
36,100035.2,3.0,44621.76,692,3727.29,11,0,education,0.0373,0.4461,Low
33,16554.57,3.1,11391.56,582,8738.11,4,0,other,0.5278,0.6881,Medium
59,87377.32,1.9,14004.29,773,3593.27,2,0,home_improvement,0.0411,0.1603,Low
53,65453.8,1.6,7304.98,633,19576.99,8,0,business,0.2991,0.1116,High
46,35290.16,1.3,14012.19,780,2100.42,5,1,education,0.0595,0.397,High
21,18377.98,0.0,10328.75,645,4808.14,5,0,home_improvement,0.2616,0.562,Medium
58,46313.17,0.0,9788.98,531,4096.67,13,0,other,0.0885,0.2114,High
22,58796.69,4.5,5443.11,599,1692.93,2,0,medical,0.0288,0.0926,Low
26,28185.77,1.7,33677.08,693,10808.53,8,0,business,0.3835,1.1948,High
58,90774.05,0.9,11544.37,567,2315.59,11,0,debt_consolidation,0.0255,0.1272,Medium
62,89680.6,5.8,10026.29,647,1333.32,6,0,business,0.0149,0.1118,Low
44,61942.26,3.8,15284.99,678,8421.11,13,1,debt_consolidation,0.1359,0.2468,High
38,24676.15,12.3,9440.1,680,1470.92,4,1,home_improvement,0.0596,0.3825,Medium
47,43000.3,8.9,3795.89,696,8177.86,9,0,debt_consolidation,0.1902,0.0883,Low
61,70392.81,6.5,29240.38,669,11390.13,13,0,medical,0.1618,0.4154,Low
28,68109.4,0.7,13638.94,570,2058.44,6,0,debt_consolidation,0.0302,0.2002,High
48,34561.15,5.5,21427.25,628,8713.74,13,0,business,0.2521,0.62,Medium
30,37190.35,5.9,15005.42,651,2095.79,9,1,debt_consolidation,0.0564,0.4035,Medium
37,34118.4,7.2,23605.76,686,3603.15,1,0,education,0.1056,0.6919,Low
49,42555.13,1.5,20357.49,591,4852.49,5,1,home_improvement,0.114,0.4784,Medium
26,38432.37,5.1,3530.67,647,1808.92,4,0,home_improvement,0.0471,0.0919,Low
34,35085.21,4.8,17482.99,803,1877.55,5,0,home_improvement,0.0535,0.4983,Low
42,45761.17,2.4,7817.66,724,12419.57,10,0,education,0.2714,0.1708,Medium
26,50010.88,5.4,7796.71,721,883.96,11,0,home_improvement,0.0177,0.1559,Low
46,84417.2,0.5,4846.84,645,3719.17,14,0,education,0.0441,0.0574,Low
59,20117.87,5.2,39539.11,665,5991.74,12,0,debt_consolidation,0.2978,1.9653,High
32,90186.2,4.7,12310.43,651,7361.59,13,0,other,0.0816,0.1365,Low
55,33736.72,1.2,10407.4,689,15210.62,11,0,business,0.4508,0.3085,High
34,124275.15,8.5,8439.47,551,9080.56,7,0,business,0.0731,0.0679,Low
42,68637.79,10.4,54629.81,586,6096.03,11,0,education,0.0888,0.7959,Medium
43,64451.55,1.2,24537.98,538,4375.21,14,0,business,0.0679,0.3807,Medium
27,46536.52,0.4,3160.78,710,3626.36,14,0,business,0.0779,0.0679,Low
60,137518.27,4.6,30286.56,708,3818.31,2,0,debt_consolidation,0.0278,0.2202,Medium
45,48276.37,3.3,7698.07,598,4037.3,9,0,home_improvement,0.0836,0.1595,Medium
33,104385.78,2.8,19820.8,594,6853.93,7,0,medical,0.0657,0.1899,Medium
41,36780.88,7.2,10239.25,709,3382.96,8,0,other,0.092,0.2784,Low
61,70143.39,17.5,4716.9,707,9349.03,4,0,debt_consolidation,0.1333,0.0672,Low
30,126638.31,3.2,9807.22,780,5827.52,4,1,education,0.046,0.0774,Low
29,32080.81,0.0,15439.79,584,2075.52,6,0,medical,0.0647,0.4813,Medium
35,62669.49,4.5,15590.75,641,4993.16,12,0,home_improvement,0.0797,0.2488,Medium
22,34434.44,5.3,10827.37,660,4725.18,3,0,business,0.1372,0.3144,Medium
45,60768.77,8.8,13793.98,695,3895.61,2,0,business,0.0641,0.227,Low
33,126373.14,1.1,14463.36,727,6711.41,12,1,other,0.0531,0.1144,Medium
54,30739.09,3.7,23098.94,640,1338.09,11,0,home_improvement,0.0435,0.7514,Low
54,52997.71,3.0,29331.11,668,3636.35,14,0,education,0.0686,0.5534,High
55,32298.12,5.5,13374.72,625,4426.21,13,0,debt_consolidation,0.137,0.4141,Medium
58,45952.31,0.3,6038.07,535,3284.98,2,0,business,0.0715,0.1314,Medium
23,66877.19,10.8,19616.56,582,6060.37,8,1,home_improvement,0.0906,0.2933,High
62,42231.25,3.6,20126.14,613,3603.64,10,0,debt_consolidation,0.0853,0.4766,High
26,107684.08,10.5,22810.94,695,3636.12,9,0,debt_consolidation,0.0338,0.2118,Low
39,62421.92,2.1,7513.69,482,4577.56,0,0,business,0.0733,0.1204,High
23,25293.28,5.3,21675.43,696,2417.44,13,1,medical,0.0956,0.8569,Medium
38,57520.53,15.7,16152.35,697,1858.02,8,0,medical,0.0323,0.2808,Low
59,101778.98,14.4,18917.38,613,22827.15,7,1,home_improvement,0.2243,0.1859,Medium
29,64293.07,14.4,8441.01,802,3305.26,13,0,debt_consolidation,0.0514,0.1313,Low
32,55847.53,0.2,4335.71,670,4400.85,0,0,other,0.0788,0.0776,High
25,42244.69,2.6,5897.61,669,12369.89,7,0,home_improvement,0.2928,0.1396,Medium
23,46699.4,0.3,22695.84,637,6270.15,3,1,home_improvement,0.1343,0.486,Medium
31,49287.26,1.9,37307.31,504,2735.58,5,0,business,0.0555,0.7569,High
50,14429.51,1.0,21336.61,598,1133.48,7,0,home_improvement,0.0785,1.4786,High
24,61811.78,4.8,6404.37,587,1471.33,0,0,home_improvement,0.0238,0.1036,Low
25,80688.3,7.6,13013.23,703,2224.31,14,0,home_improvement,0.0276,0.1613,Low
21,33726.37,3.6,15917.78,608,3332.76,3,0,home_improvement,0.0988,0.472,Medium
47,55063.47,7.9,13720.85,674,7814.89,1,0,education,0.1419,0.2492,Low
48,58501.39,0.1,14695.3,520,2365.77,0,0,debt_consolidation,0.0404,0.2512,Low
49,73507.93,8.6,7054.81,759,2330.11,12,1,debt_consolidation,0.0317,0.096,Low
38,49324.28,1.0,5461.44,707,11830.89,3,0,debt_consolidation,0.2399,0.1107,Low
32,64203.85,3.1,7412.49,648,20050.81,11,0,other,0.3123,0.1155,Low
33,27424.78,2.9,6331.26,611,7144.22,2,0,medical,0.2605,0.2309,Low
61,29521.43,10.3,14306.82,717,4323.02,13,0,home_improvement,0.1464,0.4846,Medium
22,60813.89,16.9,15349.65,609,4264.86,8,0,education,0.0701,0.2524,Low
57,43704.35,1.5,5850.28,608,2234.68,0,0,debt_consolidation,0.0511,0.1339,Low
36,22239.93,0.3,12702.11,632,10709.85,14,0,other,0.4815,0.5711,Medium
44,58322.8,5.3,40428.02,767,5117.07,10,0,other,0.0877,0.6932,Low
55,25916.21,3.5,14550.35,600,2246.79,5,0,debt_consolidation,0.0867,0.5614,Medium
42,189341.09,4.2,10316.56,704,3025.84,13,0,other,0.016,0.0545,Low
56,16513.55,0.2,22484.53,588,10579.16,3,0,home_improvement,0.6406,1.3615,High
31,50329.12,7.5,55619.12,481,2552.7,3,0,home_improvement,0.0507,1.1051,Medium
49,28055.1,1.3,15132.37,682,2873.21,2,0,education,0.1024,0.5394,Medium
55,77492.33,2.0,9358.54,581,39671.72,1,0,home_improvement,0.5119,0.1208,High
35,40077.0,1.3,14334.86,626,2517.12,3,0,business,0.0628,0.3577,Low
51,81341.89,14.6,30636.51,717,6226.69,6,0,home_improvement,0.0765,0.3766,Low
62,71945.83,0.9,12777.0,577,3689.2,6,0,debt_consolidation,0.0513,0.1776,Low
61,28742.26,6.6,13630.97,617,37279.29,0,0,business,1.297,0.4742,Medium
63,34075.5,1.4,31280.34,701,12976.55,9,0,debt_consolidation,0.3808,0.9179,High
36,41263.77,2.8,14297.63,613,6182.45,12,0,debt_consolidation,0.1498,0.3465,Low
30,47393.21,27.7,37502.06,657,2411.33,2,0,education,0.0509,0.7913,Medium
52,44434.57,0.5,5777.1,638,2387.64,11,0,home_improvement,0.0537,0.13,Low
22,70548.48,10.7,17582.62,638,18740.05,3,0,business,0.2656,0.2492,Low
44,55103.91,14.6,43693.95,633,1593.67,2,0,debt_consolidation,0.0289,0.7929,Low
43,36086.53,6.0,58438.29,686,7473.64,13,0,education,0.2071,1.6193,High
22,31063.03,0.1,10438.56,497,7426.25,5,1,debt_consolidation,0.2391,0.336,High
58,32599.52,8.6,11394.34,629,28033.17,6,1,debt_consolidation,0.8599,0.3495,High
51,57814.59,10.7,42851.94,587,1449.35,3,1,other,0.0251,0.7412,High
60,44509.76,19.8,10865.59,704,7385.03,11,0,debt_consolidation,0.1659,0.2441,Medium
46,138712.28,9.1,9802.14,745,7662.72,6,0,education,0.0552,0.0707,Low
49,49014.84,2.9,9920.19,648,7287.42,13,0,debt_consolidation,0.1487,0.2024,Low
23,53871.95,5.8,7866.74,637,6186.7,14,0,medical,0.1148,0.146,Medium
34,19920.05,3.3,7042.18,690,16197.93,5,0,business,0.8131,0.3535,High
45,25108.71,2.2,11934.95,660,5056.28,0,0,debt_consolidation,0.2014,0.4753,Medium
21,27981.51,4.9,5030.07,637,2856.15,0,0,debt_consolidation,0.1021,0.1798,Medium
23,37552.1,7.3,9308.98,669,1455.6,11,0,business,0.0388,0.2479,Low
46,23362.36,5.1,34380.94,623,4280.26,3,1,education,0.1832,1.4716,Medium
38,27516.34,8.8,22789.77,707,3296.02,6,0,education,0.1198,0.8282,High
29,68354.91,1.0,9551.73,790,10327.28,3,0,debt_consolidation,0.1511,0.1397,Low
58,31890.67,2.3,15645.93,636,1662.27,6,0,education,0.0521,0.4906,Medium
43,48025.8,1.9,12652.6,684,28555.75,5,0,debt_consolidation,0.5946,0.2634,High
41,65911.63,1.1,8519.5,492,4925.39,3,0,home_improvement,0.0747,0.1293,Low
21,78693.04,2.9,3360.66,511,11433.71,9,0,debt_consolidation,0.1453,0.0427,High
41,56741.55,14.8,7836.01,668,10633.46,7,1,debt_consolidation,0.1874,0.1381,Low
47,58475.94,3.9,11156.23,620,2272.72,0,0,other,0.0389,0.1908,Medium
62,79908.58,1.7,59972.93,592,4649.86,6,0,business,0.0582,0.7505,High
26,60302.74,2.2,19483.6,686,13788.12,11,0,debt_consolidation,0.2286,0.3231,Low
64,82265.96,4.7,12615.34,627,9172.27,11,0,debt_consolidation,0.1115,0.1533,Low
56,16786.05,2.2,18142.61,686,6239.35,0,0,debt_consolidation,0.3717,1.0808,Medium
48,47012.1,3.9,15576.41,660,7487.64,5,1,home_improvement,0.1593,0.3313,High
37,50404.9,1.6,8811.57,710,3008.18,6,0,medical,0.0597,0.1748,Low
60,46214.92,2.1,12931.27,639,1284.84,5,0,education,0.0278,0.2798,High
23,52135.44,6.1,10836.77,648,15352.33,12,0,home_improvement,0.2945,0.2079,Low
32,39967.97,4.4,5393.49,627,2964.21,3,0,home_improvement,0.0742,0.1349,Low
59,72728.51,0.5,9563.76,613,1980.08,7,0,debt_consolidation,0.0272,0.1315,Medium
32,37504.48,18.1,12629.62,686,19411.66,10,0,debt_consolidation,0.5176,0.3367,Medium
22,43964.09,0.3,17503.36,575,6008.51,7,0,medical,0.1367,0.3981,Low
42,100913.48,0.4,13660.84,734,974.87,1,0,home_improvement,0.0097,0.1354,Low
43,94109.99,6.0,23913.54,572,1873.82,13,0,other,0.0199,0.2541,Medium
50,53040.83,6.2,11867.79,624,5551.07,12,0,education,0.1047,0.2237,Low
25,35651.83,0.1,29171.0,617,3086.02,12,0,education,0.0866,0.8182,Medium
29,21652.22,5.1,15117.37,696,6784.47,14,0,home_improvement,0.3133,0.6982,Medium
41,45904.79,0.2,17743.76,748,3896.89,0,1,home_improvement,0.0849,0.3865,Medium
31,63201.9,16.2,15918.09,675,3516.0,13,0,debt_consolidation,0.0556,0.2519,Low
25,34180.8,6.0,10063.69,774,6801.68,7,0,education,0.199,0.2944,Low
55,49166.33,1.0,19829.22,594,1696.68,6,0,home_improvement,0.0345,0.4033,Medium
47,41182.99,0.9,9429.02,629,1596.24,9,0,education,0.0388,0.2289,Low
22,20720.99,4.2,7570.19,539,8953.85,10,0,debt_consolidation,0.4321,0.3653,Medium
44,51978.38,5.0,15770.73,561,5413.52,1,0,home_improvement,0.1041,0.3034,Medium
51,60933.9,8.9,12879.88,724,13738.88,4,0,debt_consolidation,0.2255,0.2114,Low
53,53088.19,11.7,8406.84,634,1939.91,4,0,business,0.0365,0.1584,Medium
59,109781.67,2.5,14212.3,612,5273.5,6,1,education,0.048,0.1295,High
50,41733.79,9.3,20295.87,579,2215.4,1,0,education,0.0531,0.4863,Medium
57,40108.43,3.9,11929.39,704,4851.02,8,0,home_improvement,0.1209,0.2974,Low
48,144817.57,3.2,34932.44,617,14526.92,8,0,debt_consolidation,0.1003,0.2412,Medium
51,26255.44,6.0,26761.77,558,8712.31,4,0,other,0.3318,1.0192,High
31,35957.39,0.5,10405.19,652,3021.59,10,0,debt_consolidation,0.084,0.2894,Medium
43,58717.41,1.5,6746.03,691,5217.83,12,0,home_improvement,0.0889,0.1149,Low
22,86045.84,8.5,12459.11,637,4125.37,1,0,home_improvement,0.0479,0.1448,Low
60,78230.73,3.5,17586.88,608,2499.39,11,0,education,0.0319,0.2248,Low
61,29145.61,11.9,4866.75,655,2945.95,6,0,medical,0.1011,0.167,Low
47,110616.29,0.5,4817.74,541,2603.31,3,0,debt_consolidation,0.0235,0.0436,Medium
55,61822.96,1.9,6350.49,702,10802.83,10,0,debt_consolidation,0.1747,0.1027,Low
22,32542.91,2.2,26609.34,680,4069.56,2,1,education,0.125,0.8176,High
59,33941.7,2.7,31351.0,731,4006.33,10,0,medical,0.118,0.9236,Low
57,50806.18,21.6,7100.54,583,3377.6,6,0,debt_consolidation,0.0665,0.1398,Low
41,143797.59,1.9,5789.42,524,23453.49,6,0,other,0.1631,0.0403,Low
25,54514.61,3.7,15355.98,531,1559.0,0,0,education,0.0286,0.2817,Low
41,143140.33,3.8,14520.59,570,3030.5,6,0,home_improvement,0.0212,0.1014,Medium
49,76042.2,7.4,6539.47,554,4687.77,12,0,education,0.0616,0.086,Medium
40,26078.09,3.6,7307.16,692,4392.12,9,0,debt_consolidation,0.1684,0.2802,Medium
58,99087.17,4.7,9005.67,611,8955.43,4,0,other,0.0904,0.0909,Medium
40,30574.58,7.0,10319.36,630,37582.03,6,0,home_improvement,1.2292,0.3375,High
45,36042.14,0.5,16045.41,602,1186.95,7,0,debt_consolidation,0.0329,0.4452,Low
22,56267.73,16.5,3275.91,636,1970.6,9,0,education,0.035,0.0582,Low
52,48328.78,9.4,41929.87,703,4915.71,14,0,debt_consolidation,0.1017,0.8676,Low
46,76627.19,2.5,16716.03,774,6888.31,14,0,home_improvement,0.0899,0.2181,Medium
26,62998.17,6.5,14073.34,721,1955.23,11,0,other,0.031,0.2234,Low
61,46213.9,7.2,9143.85,652,6151.48,6,0,business,0.1331,0.1979,Low
23,114629.8,9.5,8056.2,626,2767.79,12,1,debt_consolidation,0.0241,0.0703,Medium
53,38666.57,1.0,8307.87,747,7109.79,9,0,medical,0.1839,0.2149,Medium
21,29732.25,6.1,9961.89,575,4947.51,1,0,medical,0.1664,0.335,High
25,61799.44,0.2,17075.07,649,6516.31,3,0,education,0.1054,0.2763,Low
33,48577.14,0.6,26451.54,557,7525.07,5,0,debt_consolidation,0.1549,0.5445,High
39,55419.57,7.5,5720.78,744,8311.66,12,0,business,0.15,0.1032,Medium
32,70903.9,8.4,10253.59,761,1491.88,12,0,education,0.021,0.1446,Low
45,44687.7,4.5,14525.48,546,5771.37,8,1,education,0.1291,0.325,High
55,124157.28,4.4,15156.45,540,10892.85,4,1,home_improvement,0.0877,0.1221,High
32,55965.64,6.9,9441.26,610,6769.39,11,0,other,0.121,0.1687,Low
50,39136.2,11.8,10743.95,695,2677.79,1,0,debt_consolidation,0.0684,0.2745,Low
25,65827.28,2.7,11612.33,586,4866.9,3,0,home_improvement,0.0739,0.1764,Low
54,46969.76,0.6,6545.32,590,4494.94,7,0,home_improvement,0.0957,0.1393,Low
42,51877.91,9.1,7654.84,700,4599.52,3,0,medical,0.0887,0.1476,Low
59,28195.95,2.1,4315.62,670,3990.53,7,0,debt_consolidation,0.1415,0.1531,Low
33,29839.95,0.7,25883.48,642,4213.28,3,1,education,0.1412,0.8674,Medium
23,83349.27,4.8,18792.47,654,7759.97,7,0,business,0.0931,0.2255,Low
40,26444.97,4.3,5919.8,670,1354.01,12,0,business,0.0512,0.2238,Medium
51,46111.23,3.2,6804.05,714,3323.2,2,0,debt_consolidation,0.0721,0.1476,Low
25,57694.97,9.8,5909.59,717,2597.76,3,0,education,0.045,0.1024,Low
44,99360.81,1.6,7582.69,607,9151.76,9,0,debt_consolidation,0.0921,0.0763,Low
60,38536.5,0.1,15460.41,640,3826.62,8,0,home_improvement,0.0993,0.4012,Low
53,71642.93,2.0,74861.71,601,3413.68,4,0,home_improvement,0.0476,1.0449,High
28,46153.94,0.0,10258.77,682,3760.74,2,0,other,0.0815,0.2223,Low
44,16480.61,3.9,17749.0,569,3208.5,14,0,home_improvement,0.1947,1.0769,Low
40,50163.25,2.4,12434.7,558,13699.13,2,0,home_improvement,0.2731,0.2479,Medium
36,47408.0,8.4,15461.88,612,4451.77,3,0,education,0.0939,0.3261,Low
32,60630.95,8.0,11258.91,481,9636.36,14,0,home_improvement,0.1589,0.1857,High
33,35549.28,2.9,26698.18,356,3826.79,1,0,medical,0.1076,0.751,High
62,37495.92,1.2,19096.98,679,15073.86,6,1,business,0.402,0.5093,Medium
59,89369.5,2.7,13315.58,686,12246.71,6,0,medical,0.137,0.149,Low
45,41436.88,5.1,19683.54,569,4694.31,8,0,education,0.1133,0.475,Medium
52,18831.47,1.1,23621.74,635,8209.36,7,0,education,0.4359,1.2543,Medium
44,62643.94,7.4,8676.79,766,5854.33,2,0,business,0.0935,0.1385,Low
64,75454.29,2.0,17711.13,634,4828.91,4,0,home_improvement,0.064,0.2347,Medium
29,75122.98,13.5,22507.46,747,3863.61,7,0,home_improvement,0.0514,0.2996,Low
60,36038.16,3.6,17667.15,591,5121.07,14,0,medical,0.1421,0.4902,Medium
43,49026.41,9.4,20403.33,659,4921.45,7,0,business,0.1004,0.4162,Medium
33,63936.06,4.8,14057.0,684,2749.2,1,0,debt_consolidation,0.043,0.2199,Low
52,79376.4,4.0,18569.66,606,6677.15,12,0,education,0.0841,0.2339,Medium
35,63009.46,5.7,33368.98,621,1915.85,11,0,debt_consolidation,0.0304,0.5296,Medium
56,72244.53,8.3,7287.42,632,5714.18,0,0,other,0.0791,0.1009,Low
25,33993.56,5.2,13336.65,580,2538.09,4,0,home_improvement,0.0747,0.3923,Medium
42,15598.84,8.0,8409.97,662,14673.81,0,0,debt_consolidation,0.9406,0.5391,High
36,83020.89,1.1,9310.04,742,8887.36,12,0,debt_consolidation,0.107,0.1121,Low
61,30546.06,1.6,18002.62,739,6258.1,6,0,other,0.2049,0.5893,Low
30,44994.23,1.3,4863.94,802,8015.42,7,0,home_improvement,0.1781,0.1081,Low
44,73417.78,8.0,6821.67,612,7948.34,10,0,other,0.1083,0.0929,Low
38,49679.27,0.5,27612.84,604,8340.8,5,0,home_improvement,0.1679,0.5558,Medium
38,69656.76,7.9,6030.19,695,1373.6,2,0,debt_consolidation,0.0197,0.0866,Low
27,167280.78,2.5,31733.18,757,3137.51,13,1,other,0.0188,0.1897,Low
24,64586.32,0.4,13262.74,733,2973.79,11,0,other,0.046,0.2053,Low
46,34053.3,2.8,12801.82,700,2751.22,9,0,home_improvement,0.0808,0.3759,Low
25,23775.08,1.8,8873.14,583,17940.06,0,0,education,0.7545,0.3732,High
36,68757.42,4.5,10988.69,589,4786.37,1,0,debt_consolidation,0.0696,0.1598,Low
55,51059.84,3.2,15314.76,689,10961.93,1,0,business,0.2147,0.2999,Low
46,24600.45,1.8,11703.81,682,4395.59,9,0,debt_consolidation,0.1787,0.4757,Low
38,88391.86,9.9,7867.09,637,2795.35,1,0,home_improvement,0.0316,0.089,Low
49,70408.85,2.6,19356.73,686,5122.14,9,0,home_improvement,0.0727,0.2749,Low
43,48737.65,3.2,28113.28,656,3572.66,4,0,home_improvement,0.0733,0.5768,Medium
34,146298.34,9.4,5097.06,710,13648.55,1,0,home_improvement,0.0933,0.0348,Medium
35,81763.4,0.5,49745.38,604,1345.12,8,0,education,0.0165,0.6084,Medium
53,29872.03,2.5,15901.25,536,9562.39,14,0,home_improvement,0.3201,0.5323,Low
45,88107.77,2.6,17864.83,547,5230.28,5,0,home_improvement,0.0594,0.2028,Low
41,55684.71,3.4,32952.77,592,4370.8,6,0,education,0.0785,0.5918,High
37,126330.19,0.6,3757.49,603,4456.27,2,0,medical,0.0353,0.0297,Low
43,78550.1,0.5,5156.72,647,6753.5,9,0,home_improvement,0.086,0.0656,Medium
63,62451.94,2.7,3960.73,582,4443.01,6,0,home_improvement,0.0711,0.0634,Medium
37,60699.4,0.2,6368.03,561,10599.36,3,0,medical,0.1746,0.1049,Medium
34,27058.53,1.5,18967.46,527,1174.92,7,0,debt_consolidation,0.0434,0.701,High
49,37948.62,1.1,6397.17,665,3212.8,8,0,home_improvement,0.0847,0.1686,Low
40,54403.1,3.4,7659.91,648,2483.34,4,0,debt_consolidation,0.0456,0.1408,Medium
50,24689.3,0.1,8506.1,665,1526.58,2,0,home_improvement,0.0618,0.3445,Medium
39,61919.75,5.6,12191.72,612,5939.13,13,0,debt_consolidation,0.0959,0.1969,Medium
59,33804.9,9.7,11834.06,793,15319.11,10,0,business,0.4531,0.3501,Low
33,40271.93,6.1,8177.54,556,6816.38,5,1,home_improvement,0.1693,0.2031,Medium
38,69937.01,8.5,7088.19,655,3725.03,2,0,debt_consolidation,0.0533,0.1013,Low
43,37124.23,5.2,11068.88,473,9337.94,5,0,business,0.2515,0.2981,Medium
53,61990.96,3.5,13364.64,682,7484.06,6,0,education,0.1207,0.2156,Low
59,52706.02,1.2,30875.94,588,2341.45,5,0,debt_consolidation,0.0444,0.5858,Low
60,28873.74,1.6,7320.54,543,3015.98,3,0,debt_consolidation,0.1045,0.2535,High
38,76168.01,1.9,12273.1,686,21304.97,6,0,medical,0.2797,0.1611,Low
29,78149.32,0.2,3910.48,553,13979.6,1,0,business,0.1789,0.05,High
53,80302.18,12.2,25690.29,583,6821.24,12,0,debt_consolidation,0.0849,0.3199,Medium
52,127241.27,11.5,12208.07,728,9922.11,4,0,education,0.078,0.0959,Low
37,39912.01,0.6,21301.85,662,12677.63,5,0,medical,0.3176,0.5337,Medium
39,18493.55,4.1,27487.8,619,13337.78,5,0,other,0.7212,1.4863,High
47,35295.01,3.2,17416.4,661,10104.8,4,0,medical,0.2863,0.4934,Medium
26,79201.14,5.8,14323.08,617,2682.96,9,0,education,0.0339,0.1808,Medium
55,47066.42,4.6,4211.22,701,5747.88,4,0,medical,0.1221,0.0895,Low
57,24284.99,0.7,12002.26,637,10363.88,7,0,home_improvement,0.4267,0.4942,Medium
54,21126.61,5.4,7301.75,574,5760.21,4,0,home_improvement,0.2726,0.3456,High
40,99725.58,4.7,6827.61,531,4537.03,14,0,education,0.0455,0.0685,High
45,66455.73,3.8,4184.78,740,3407.37,10,0,medical,0.0513,0.063,Low
24,38241.14,2.6,11642.46,537,1544.36,5,0,debt_consolidation,0.0404,0.3044,Medium
30,125650.28,15.5,7850.66,709,2969.02,9,0,home_improvement,0.0236,0.0625,Low
30,184324.27,9.5,8273.85,580,1848.95,0,0,education,0.01,0.0449,Low
44,82242.09,4.4,7184.6,597,6131.43,0,0,debt_consolidation,0.0746,0.0874,Medium
41,71515.65,0.0,29302.84,749,3172.82,0,0,debt_consolidation,0.0444,0.4097,Low
31,63839.46,2.8,6924.51,595,4859.23,3,0,home_improvement,0.0761,0.1085,Low
47,75195.36,6.0,10349.65,628,5971.71,2,0,other,0.0794,0.1376,Low
36,130507.36,0.6,11790.66,743,6284.96,4,0,business,0.0482,0.0903,Low
46,30140.98,2.6,11506.81,698,3316.95,6,0,education,0.11,0.3818,Low
50,41376.23,1.1,37690.69,703,3645.85,5,0,debt_consolidation,0.0881,0.9109,High
36,47863.39,2.1,3936.28,584,5180.92,2,0,business,0.1082,0.0822,Medium
27,65326.58,0.1,15288.29,579,5180.51,13,0,medical,0.0793,0.234,Medium
36,107228.02,0.7,22551.44,694,9424.96,1,0,medical,0.0879,0.2103,Low
55,60259.45,3.0,15544.36,650,5302.65,1,0,other,0.088,0.258,Medium
36,67011.33,11.4,48356.88,646,2098.69,2,0,medical,0.0313,0.7216,Low
60,68758.7,3.4,29441.86,551,3305.39,9,0,medical,0.0481,0.4282,Medium
32,49589.92,3.0,8737.03,594,2763.56,2,0,debt_consolidation,0.0557,0.1762,High
55,39812.41,7.7,11746.96,513,3643.23,2,0,debt_consolidation,0.0915,0.2951,Medium
41,50885.76,1.6,21107.95,660,7598.3,13,0,education,0.1493,0.4148,Low
63,35342.87,0.5,12369.98,684,8427.9,7,0,education,0.2385,0.35,Medium
56,35648.13,1.2,12510.93,723,5759.92,13,0,other,0.1616,0.3509,Low
37,58924.83,7.8,44781.87,534,1666.58,2,0,business,0.0283,0.76,Low
52,38595.37,5.7,24333.65,704,2871.16,5,0,home_improvement,0.0744,0.6305,Low
61,123420.47,0.5,46085.54,644,3570.03,8,0,other,0.0289,0.3734,Low
26,52747.49,5.5,12614.93,733,7734.88,13,0,debt_consolidation,0.1466,0.2392,Low
44,96724.92,13.4,14554.66,506,1545.55,7,0,home_improvement,0.016,0.1505,Low
47,26303.38,0.2,16321.3,776,2059.74,5,0,debt_consolidation,0.0783,0.6205,Low
40,26709.01,4.8,20189.74,633,7468.52,12,0,education,0.2796,0.7559,Medium
45,46372.67,2.4,11037.82,665,6752.45,14,0,business,0.1456,0.238,Medium
22,78306.3,3.5,7670.84,583,15695.71,9,0,debt_consolidation,0.2004,0.098,Medium
29,38367.69,3.8,8193.86,571,22632.26,4,0,business,0.5899,0.2136,Medium
48,46621.24,7.4,12398.53,690,2348.34,4,0,education,0.0504,0.2659,Low
58,80818.62,4.1,4993.8,623,1867.71,7,0,education,0.0231,0.0618,Low
23,40375.79,4.5,16674.57,779,2482.55,6,1,debt_consolidation,0.0615,0.413,Low
40,33565.06,2.0,3400.63,626,33987.29,14,0,debt_consolidation,1.0125,0.1013,Medium
26,69856.34,0.7,5241.31,716,3099.82,10,0,business,0.0444,0.075,Low
59,25539.51,5.7,27561.5,632,13600.71,4,0,education,0.5325,1.0791,High
53,40666.83,0.0,13979.35,422,13719.43,10,0,medical,0.3374,0.3437,Medium
21,51903.33,2.0,17172.75,616,1033.84,13,0,business,0.0199,0.3309,Medium
57,63863.9,1.2,16138.93,709,6212.99,9,0,home_improvement,0.0973,0.2527,Low
26,73963.28,2.5,42593.63,662,5554.33,5,0,medical,0.0751,0.5759,Medium
54,79963.57,1.9,27566.44,609,10608.94,11,0,other,0.1327,0.3447,Low
35,42140.44,6.1,36775.4,668,14184.66,12,0,debt_consolidation,0.3366,0.8727,High
46,79122.82,1.5,9662.01,751,10439.2,14,1,business,0.1319,0.1221,Medium
34,63137.78,4.1,12422.02,735,5922.54,12,0,home_improvement,0.0938,0.1967,Low
27,70305.38,3.0,5622.91,533,8814.86,4,0,medical,0.1254,0.08,Medium
51,35707.25,8.1,23522.86,652,667.05,10,0,home_improvement,0.0187,0.6588,Low
44,68360.74,2.8,20661.57,663,1643.01,13,0,other,0.024,0.3022,Low
51,45416.23,10.0,8698.72,562,2885.72,8,0,home_improvement,0.0635,0.1915,Low
49,50208.23,0.0,9512.83,587,6159.67,10,0,education,0.1227,0.1895,Low
62,53240.29,4.6,17412.21,573,1778.44,5,0,home_improvement,0.0334,0.327,Medium
52,141010.91,0.0,11692.01,578,6552.66,2,0,business,0.0465,0.0829,Low
37,31025.73,6.3,8795.42,527,11742.7,2,0,education,0.3785,0.2835,Medium
34,88845.86,1.3,10551.28,635,920.42,9,0,debt_consolidation,0.0104,0.1188,Low
60,100226.34,2.4,10472.98,706,25029.82,9,0,debt_consolidation,0.2497,0.1045,Low
56,74072.12,2.4,16967.07,600,2178.93,3,0,debt_consolidation,0.0294,0.2291,Low
44,37506.69,9.4,11658.83,781,8216.8,4,0,home_improvement,0.2191,0.3108,Low
47,114491.15,0.5,2376.79,753,2294.97,11,0,business,0.02,0.0208,Low
45,41522.6,5.5,12651.23,625,5613.09,8,0,debt_consolidation,0.1352,0.3047,Low
52,69117.23,19.9,8767.87,629,1027.01,9,0,debt_consolidation,0.0149,0.1269,Low
38,52075.88,0.1,19953.39,751,12048.81,10,0,education,0.2314,0.3832,Low
38,40758.72,16.9,14719.13,593,1641.55,1,0,home_improvement,0.0403,0.3611,Low
57,64430.48,0.1,8792.02,669,6744.34,1,1,debt_consolidation,0.1047,0.1365,High
46,125455.38,9.2,9002.59,724,10785.65,13,0,home_improvement,0.086,0.0718,Low
29,55724.36,16.3,14810.17,609,3153.54,0,0,home_improvement,0.0566,0.2658,Low
55,131823.4,24.8,13048.6,643,2778.33,14,1,debt_consolidation,0.0211,0.099,Low
28,44728.19,3.1,10943.73,549,1207.51,7,0,education,0.027,0.2447,Low
40,50955.47,10.1,12436.32,558,5650.97,0,0,medical,0.1109,0.2441,Medium
62,26558.48,0.7,17104.32,771,5548.98,12,0,education,0.2089,0.644,High
42,37089.19,2.8,4947.6,680,2342.09,5,0,business,0.0631,0.1334,Low
39,43950.31,1.8,31244.17,706,4886.14,1,1,home_improvement,0.1112,0.7109,High
50,41584.3,2.5,10188.82,682,1598.02,8,0,other,0.0384,0.245,Low
48,30329.59,6.1,26625.45,660,1744.68,3,1,debt_consolidation,0.0575,0.8778,High
55,33492.52,0.5,46360.58,608,8848.01,9,0,business,0.2642,1.3842,Medium
63,42476.44,31.5,18710.75,790,4335.17,10,0,home_improvement,0.1021,0.4405,Low
31,88722.54,5.0,4230.0,547,1838.62,4,0,home_improvement,0.0207,0.0477,Medium
51,23207.01,10.3,6644.46,554,12013.78,1,0,business,0.5177,0.2863,High
59,17307.76,8.9,17182.96,599,4254.52,4,0,business,0.2458,0.9927,High
56,20324.58,7.3,8935.25,681,6399.63,6,0,education,0.3149,0.4396,Low
50,32090.02,0.2,32407.14,663,7235.62,4,0,debt_consolidation,0.2255,1.0099,Medium
43,67405.71,3.6,8561.65,585,4949.74,0,0,home_improvement,0.0734,0.127,Medium
39,41021.27,2.0,18666.49,623,4332.56,8,0,education,0.1056,0.455,Medium
32,40742.24,0.6,12509.09,614,12188.76,1,0,education,0.2992,0.307,Medium
35,40287.44,2.1,13653.69,668,1620.84,12,0,debt_consolidation,0.0402,0.3389,Low
51,19169.67,5.2,19587.19,612,954.31,3,0,home_improvement,0.0498,1.0217,Medium
63,75411.29,1.3,2048.98,783,2771.63,13,0,business,0.0368,0.0272,Low
57,94396.75,2.9,13095.1,627,3105.67,5,0,home_improvement,0.0329,0.1387,Low
57,41450.87,2.6,22953.35,627,1268.74,0,0,home_improvement,0.0306,0.5537,Low
35,51160.89,0.3,6599.62,706,6956.28,8,0,debt_consolidation,0.136,0.129,Low
49,52018.8,4.9,19773.5,693,4165.07,8,0,debt_consolidation,0.0801,0.3801,Medium
63,28741.25,4.8,11642.38,741,8260.43,7,0,debt_consolidation,0.2874,0.4051,Low
46,39310.84,17.0,9021.91,726,4566.38,8,0,education,0.1162,0.2295,Medium
64,119716.11,1.8,11514.46,631,1636.6,12,0,home_improvement,0.0137,0.0962,Low
22,48923.12,2.7,30794.74,742,2728.03,3,0,debt_consolidation,0.0558,0.6294,Medium
40,54817.22,2.6,14798.78,617,5288.0,8,1,debt_consolidation,0.0965,0.27,High
35,34654.38,12.6,6293.27,562,14830.89,3,0,business,0.428,0.1816,Low
24,39538.13,2.6,15925.67,647,5052.16,4,0,debt_consolidation,0.1278,0.4028,High
42,67720.62,2.9,13741.29,680,5258.99,5,0,business,0.0777,0.2029,Low
58,32215.4,1.5,26330.71,667,12081.31,10,0,business,0.375,0.8173,High
43,110193.31,0.0,12798.34,686,6905.04,6,0,home_improvement,0.0627,0.1161,High
46,21848.05,0.6,25244.99,587,4548.19,10,0,debt_consolidation,0.2082,1.1554,Medium
31,35718.3,6.1,13922.88,698,2733.1,2,0,home_improvement,0.0765,0.3898,Low
48,23389.95,5.7,16954.51,760,23554.33,1,0,home_improvement,1.007,0.7248,Medium
22,95052.21,1.9,8590.0,588,1993.85,11,0,home_improvement,0.021,0.0904,Medium
28,48139.74,3.2,18789.84,722,2988.04,14,1,other,0.0621,0.3903,Medium
49,42480.71,1.8,44924.8,681,958.1,4,0,business,0.0226,1.0575,Medium
31,59802.44,6.6,37536.02,704,22090.19,9,0,education,0.3694,0.6277,Medium
57,98667.15,9.2,6859.74,587,4375.26,2,0,debt_consolidation,0.0443,0.0695,Low
38,54613.39,11.5,4795.67,661,11711.5,14,1,home_improvement,0.2144,0.0878,Medium
34,86796.83,1.0,16742.61,653,5495.81,10,0,debt_consolidation,0.0633,0.1929,Low
30,42327.04,5.9,11543.41,648,8111.68,14,0,other,0.1916,0.2727,Medium
55,30312.95,16.5,8024.7,669,3538.78,2,0,home_improvement,0.1167,0.2647,Medium
29,55056.05,5.3,47509.55,693,476.74,6,0,other,0.0087,0.8629,Medium
55,34590.03,2.2,85206.1,763,10967.33,5,0,business,0.3171,2.4632,High
31,69173.55,5.1,4492.27,732,4540.5,12,1,other,0.0656,0.0649,Low
64,39948.08,5.8,8351.62,724,5905.67,10,0,education,0.1478,0.2091,Low
32,46991.81,2.5,6152.78,757,5969.27,11,0,business,0.127,0.1309,Low
23,15991.3,0.5,8143.3,666,3065.0,2,0,education,0.1917,0.5092,Medium
59,46057.2,4.7,26203.42,580,9254.91,6,0,debt_consolidation,0.2009,0.5689,Medium
34,43421.39,8.1,15581.65,665,1706.52,9,0,business,0.0393,0.3588,Low
48,87682.88,30.1,22011.34,686,5289.08,10,0,home_improvement,0.0603,0.251,Low
31,75739.39,1.3,29478.42,716,2912.71,9,0,education,0.0385,0.3892,Low
59,49618.01,6.0,16361.76,693,4705.74,5,0,home_improvement,0.0948,0.3297,Low
45,21693.78,0.1,7582.08,636,4784.33,0,0,medical,0.2205,0.3495,Medium
41,39335.54,17.5,18221.74,746,7635.95,13,0,home_improvement,0.1941,0.4632,Low
30,87729.37,0.1,12537.18,674,1389.37,4,0,debt_consolidation,0.0158,0.1429,Low
63,44390.26,2.2,12082.47,633,808.97,3,0,business,0.0182,0.2722,Low
35,28756.54,0.4,8129.49,511,4013.13,2,0,home_improvement,0.1396,0.2827,Medium
39,87195.84,4.9,23777.16,687,29867.26,2,1,debt_consolidation,0.3425,0.2727,Medium
42,21769.02,2.1,18060.64,557,17814.7,7,0,education,0.8183,0.8296,High
41,46329.38,6.6,22150.0,570,3647.77,2,0,home_improvement,0.0787,0.4781,Medium
64,64798.77,3.3,7629.41,686,11895.31,10,0,home_improvement,0.1836,0.1177,High
52,52209.88,2.7,25149.26,688,14528.15,1,0,education,0.2783,0.4817,Medium
43,26350.44,2.1,16476.4,560,2018.22,4,0,debt_consolidation,0.0766,0.6253,High
33,30804.12,0.5,23655.36,618,5766.24,9,1,debt_consolidation,0.1872,0.7679,High
25,34579.34,1.1,8343.09,645,767.34,2,0,debt_consolidation,0.0222,0.2413,Low
24,72564.77,5.1,14709.52,715,3179.01,9,0,business,0.0438,0.2027,Medium
48,53383.8,3.4,26705.1,604,2543.24,2,0,medical,0.0476,0.5002,Medium
34,40385.59,0.4,19033.97,712,7167.42,7,0,home_improvement,0.1775,0.4713,Medium
28,60141.5,3.9,12481.19,582,3529.95,8,1,home_improvement,0.0587,0.2075,High
29,33688.32,0.3,18535.07,549,3402.51,1,0,debt_consolidation,0.101,0.5502,Low
55,70911.61,3.6,7535.23,737,13573.33,12,0,debt_consolidation,0.1914,0.1063,Low
57,61406.99,16.8,20143.25,765,944.3,13,0,debt_consolidation,0.0154,0.328,Low
41,43815.83,1.8,23091.06,743,1632.83,0,0,home_improvement,0.0373,0.527,Low
38,45200.65,6.4,17521.83,706,7780.1,7,0,home_improvement,0.1721,0.3876,Medium
53,41319.44,6.8,12752.99,658,2986.82,11,0,home_improvement,0.0723,0.3086,Low
28,80657.82,2.6,16504.99,695,6678.72,9,0,home_improvement,0.0828,0.2046,Medium
37,54614.02,4.5,13036.83,692,12306.3,9,1,home_improvement,0.2253,0.2387,Medium
63,43991.71,3.2,12060.0,793,9295.48,14,0,education,0.2113,0.2741,Medium
51,30177.28,1.7,21181.26,592,13504.53,5,0,home_improvement,0.4475,0.7019,High
54,65824.39,7.0,34515.1,604,5409.79,11,0,medical,0.0822,0.5243,Low
26,64304.03,6.1,14965.48,578,2329.08,12,0,medical,0.0362,0.2327,Medium
42,37691.08,11.5,9700.11,758,1917.41,8,0,debt_consolidation,0.0509,0.2574,Low
34,39732.37,4.8,7551.95,651,2936.98,11,0,debt_consolidation,0.0739,0.1901,Low
23,46235.02,2.5,9019.18,593,9002.88,12,0,other,0.1947,0.1951,High
32,27534.28,6.3,49541.5,496,6352.83,14,0,debt_consolidation,0.2307,1.7992,High
56,50861.09,4.8,35497.26,584,12480.71,0,0,business,0.2454,0.6979,Medium
32,21531.69,4.8,23754.01,669,14198.05,14,0,medical,0.6594,1.1032,Medium
22,25855.16,9.5,28741.25,511,2106.26,4,0,debt_consolidation,0.0815,1.1116,Medium
22,37994.73,12.1,9704.92,578,9426.09,14,0,debt_consolidation,0.2481,0.2554,Medium
35,35805.34,1.0,25019.62,653,3836.59,4,1,debt_consolidation,0.1071,0.6987,High
43,61432.57,1.9,26334.57,633,1975.95,2,0,education,0.0322,0.4287,Medium
49,56471.91,5.3,12679.88,555,17368.54,1,0,business,0.3076,0.2245,Low
37,97568.7,4.1,6564.62,586,4173.34,8,0,business,0.0428,0.0673,Low
52,51350.19,5.3,5609.22,630,10104.49,10,1,other,0.1968,0.1092,High
27,54342.67,2.8,17064.8,679,26690.34,6,0,other,0.4911,0.314,High
50,27404.78,2.7,9987.47,696,1436.81,14,0,debt_consolidation,0.0524,0.3644,Medium
48,27433.27,0.6,16293.37,640,4881.88,14,0,medical,0.1779,0.5939,Medium
34,50625.63,4.9,11330.13,753,2503.97,8,0,debt_consolidation,0.0495,0.2238,Low
64,51065.07,1.0,6866.31,611,3945.75,2,0,debt_consolidation,0.0773,0.1345,Medium
50,56658.38,5.6,38632.31,565,5690.9,0,0,education,0.1004,0.6818,Medium
37,92486.41,17.1,7091.87,505,2599.28,1,0,business,0.0281,0.0767,Medium
52,28045.86,1.5,8970.93,701,8298.68,5,0,debt_consolidation,0.2959,0.3199,Low
26,114114.32,0.8,13302.09,643,12058.0,5,0,debt_consolidation,0.1057,0.1166,Low
44,23271.74,0.1,14555.53,533,7492.42,12,0,education,0.3219,0.6254,Medium
26,59069.51,2.4,5208.63,671,7655.66,1,1,debt_consolidation,0.1296,0.0882,Medium
47,26286.82,1.2,21863.23,721,4067.24,8,0,debt_consolidation,0.1547,0.8317,Medium
38,70408.45,3.4,19910.62,670,2821.04,9,0,home_improvement,0.0401,0.2828,Low
44,23343.71,3.7,49747.56,599,4338.83,13,0,other,0.1859,2.131,High
57,12503.49,2.1,15902.94,560,5064.85,0,0,medical,0.405,1.2718,Medium
44,52729.74,6.9,12603.69,670,4030.2,3,0,debt_consolidation,0.0764,0.239,Medium
58,46051.24,11.8,7676.24,653,4864.66,3,0,home_improvement,0.1056,0.1667,Low
54,85223.73,1.2,6224.99,843,2438.7,13,1,business,0.0286,0.073,Low
60,50966.96,9.0,11959.28,571,10123.17,0,0,home_improvement,0.1986,0.2346,High
35,33778.26,0.7,6065.58,681,4437.59,11,1,education,0.1314,0.1796,High
31,37425.03,1.3,21879.45,606,18144.81,4,0,other,0.4848,0.5846,High
42,244754.29,4.1,10334.35,596,11610.55,5,0,business,0.0474,0.0422,Medium
44,31656.94,1.8,27927.82,562,10492.41,8,0,debt_consolidation,0.3314,0.8822,High
21,63721.33,0.2,15913.68,732,3395.85,10,0,home_improvement,0.0533,0.2497,Low
38,59940.03,1.7,16289.41,731,3767.83,7,1,business,0.0629,0.2718,Medium
64,64468.4,11.8,7426.85,719,4428.52,14,0,other,0.0687,0.1152,Low
32,61889.57,1.0,19699.57,614,6687.75,3,0,home_improvement,0.1081,0.3183,Medium
63,42881.3,7.2,17350.14,690,7092.02,5,0,education,0.1654,0.4046,Low
48,20312.17,6.4,4191.85,751,3799.59,6,0,debt_consolidation,0.1871,0.2064,Low
60,52987.72,0.6,28779.73,467,26072.52,5,0,home_improvement,0.492,0.5431,Medium
27,48707.57,2.0,22580.86,691,3304.97,4,0,debt_consolidation,0.0679,0.4636,Low
43,52154.51,1.0,8301.71,722,633.56,0,0,debt_consolidation,0.0121,0.1592,Low
41,65030.78,0.1,23439.34,704,2431.94,6,1,home_improvement,0.0374,0.3604,High
54,39862.5,0.9,10390.34,584,5597.98,10,0,business,0.1404,0.2606,High
31,35948.93,1.1,9063.11,581,3742.8,6,0,medical,0.1041,0.2521,High
42,76912.34,0.9,16494.32,675,7403.79,4,0,debt_consolidation,0.0963,0.2145,Low
62,41588.4,0.5,24156.42,654,5095.21,14,0,home_improvement,0.1225,0.5808,Medium
55,38297.53,3.7,33396.19,719,3919.48,11,0,business,0.1023,0.872,Medium
49,36676.03,1.9,38336.49,718,2267.9,13,0,debt_consolidation,0.0618,1.0452,Medium
62,65991.71,11.9,5144.75,609,9404.69,8,0,other,0.1425,0.078,Low
48,44139.8,1.0,4672.33,525,1896.58,11,0,medical,0.043,0.1059,Medium
38,148212.73,4.6,10324.16,547,2553.14,2,0,medical,0.0172,0.0697,Low
34,50449.29,11.5,7773.35,568,16027.41,0,0,education,0.3177,0.1541,Low
38,26814.52,0.2,58798.5,611,3753.04,4,0,other,0.14,2.1927,High
48,39401.65,3.6,15806.56,672,795.69,3,1,medical,0.0202,0.4012,Medium
44,68027.03,3.0,11775.82,625,9061.41,5,0,home_improvement,0.1332,0.1731,Medium
28,36312.39,13.2,9650.1,556,18457.33,1,0,education,0.5083,0.2657,High
62,48600.58,5.4,15052.02,697,1598.28,14,0,debt_consolidation,0.0329,0.3097,Low
28,79955.68,2.1,3748.67,627,4633.54,4,0,other,0.058,0.0469,Low
24,86200.72,6.2,22951.82,599,27747.1,7,0,other,0.3219,0.2663,Low
47,37714.17,4.4,30960.98,589,15044.34,7,1,medical,0.3989,0.8209,High
56,43113.37,2.1,4776.08,673,19625.36,11,1,debt_consolidation,0.4552,0.1108,High
25,51452.4,7.7,18950.24,629,3143.24,1,0,debt_consolidation,0.0611,0.3683,Medium
53,95909.78,5.5,17474.59,605,3612.99,13,1,debt_consolidation,0.0377,0.1822,High
54,28285.32,0.0,18381.55,559,13982.21,2,0,home_improvement,0.4943,0.6498,Medium
50,58680.48,10.0,18260.74,604,5953.26,8,0,debt_consolidation,0.1015,0.3112,Low
28,50398.69,2.5,7063.15,668,13685.3,10,0,other,0.2715,0.1401,Low
59,31303.65,5.2,12299.0,696,3924.98,10,0,business,0.1254,0.3929,Low
46,91004.95,2.5,22525.17,721,10148.94,6,0,business,0.1115,0.2475,Low
57,80432.22,10.7,4849.4,597,3227.42,8,0,home_improvement,0.0401,0.0603,Medium
54,105782.29,5.3,14292.97,533,2173.52,12,0,home_improvement,0.0205,0.1351,Low
27,88441.92,4.3,18816.91,693,5687.69,3,0,home_improvement,0.0643,0.2128,Low
60,49271.43,19.6,10766.87,662,2731.92,10,0,business,0.0554,0.2185,Medium
48,66816.96,1.6,17751.61,542,1479.23,6,0,education,0.0221,0.2657,Low
59,57867.84,0.3,13683.66,707,1340.31,6,0,debt_consolidation,0.0232,0.2365,Low
59,31146.55,3.6,11727.59,424,7874.66,12,0,business,0.2528,0.3765,Medium
48,25534.79,2.8,10335.7,571,4680.71,6,0,business,0.1833,0.4048,Medium
34,58953.53,3.0,28708.77,780,2396.92,9,0,home_improvement,0.0407,0.487,Medium
58,51443.35,4.8,12449.17,850,5574.34,14,0,other,0.1084,0.242,Low
24,41431.36,4.8,7994.39,723,8167.12,10,0,education,0.1971,0.193,Medium
62,46808.29,2.5,6252.92,623,6934.33,12,0,education,0.1481,0.1336,High
38,118744.8,9.9,5393.04,679,7329.65,4,0,medical,0.0617,0.0454,Low
64,16484.82,5.3,5594.27,487,7236.78,5,0,home_improvement,0.439,0.3393,High
45,67504.41,11.0,10159.85,615,3126.09,3,0,debt_consolidation,0.0463,0.1505,Medium
27,74701.88,12.2,12361.21,521,8175.27,10,0,home_improvement,0.1094,0.1655,High
58,79527.81,0.9,11095.33,739,1959.85,8,0,business,0.0246,0.1395,Low
48,24607.9,5.7,8094.49,713,6352.44,3,0,business,0.2581,0.3289,Low
25,42336.45,1.9,9634.31,700,2484.06,8,0,debt_consolidation,0.0587,0.2276,Low
23,41292.19,9.1,19978.87,714,1193.07,8,0,debt_consolidation,0.0289,0.4838,Low
64,56726.28,6.6,24749.51,606,1208.93,4,0,other,0.0213,0.4363,Medium
51,27869.73,1.1,37020.38,647,1056.84,8,1,debt_consolidation,0.0379,1.3283,High
62,59233.28,14.0,13682.59,596,7591.38,8,0,business,0.1282,0.231,Low
40,31496.03,5.8,29488.31,653,13706.23,11,0,home_improvement,0.4352,0.9362,Medium
39,42243.68,14.8,14595.29,642,13345.08,2,0,home_improvement,0.3159,0.3455,Low
31,96040.62,1.1,31657.62,680,8326.08,11,0,education,0.0867,0.3296,Low
60,74688.16,10.2,19014.57,562,4272.99,12,0,other,0.0572,0.2546,High
23,52151.78,5.5,13717.13,651,1551.76,2,1,other,0.0298,0.263,Medium
43,24437.41,4.0,4047.49,650,7017.94,3,0,debt_consolidation,0.2872,0.1656,Low
27,57883.65,8.6,12218.59,665,9091.42,7,0,debt_consolidation,0.1571,0.2111,Low
43,59861.97,5.0,8213.69,576,4442.96,2,0,debt_consolidation,0.0742,0.1372,Low
27,17159.25,5.5,10724.28,601,11159.6,1,0,education,0.6503,0.6249,High
54,58420.64,1.5,28355.19,584,2642.04,11,0,home_improvement,0.0452,0.4854,Low
62,28623.03,8.5,17237.87,806,9948.83,13,0,home_improvement,0.3476,0.6022,Medium
39,23393.47,5.3,24405.8,746,3559.3,5,0,other,0.1521,1.0432,High
29,27973.4,9.3,18830.52,645,8810.62,14,0,home_improvement,0.315,0.6731,Medium
38,16634.94,2.2,7494.23,686,13547.29,14,0,other,0.8143,0.4505,Medium
61,39982.88,2.0,42524.43,773,2338.97,2,0,home_improvement,0.0585,1.0635,Low
62,29654.23,0.1,12048.15,778,3424.96,8,0,home_improvement,0.1155,0.4063,Low
45,86707.19,7.3,24924.23,682,2966.72,9,1,education,0.0342,0.2874,Medium
34,40964.84,2.0,35530.48,584,12138.63,8,0,other,0.2963,0.8673,High
64,34203.61,2.0,5906.55,747,11886.44,9,0,medical,0.3475,0.1727,Low
45,22103.71,5.8,12641.37,669,3850.99,5,0,home_improvement,0.1742,0.5719,High
39,39578.28,1.5,20308.2,623,8025.71,4,1,education,0.2028,0.5131,High
59,96444.64,12.0,11293.49,704,3334.81,10,0,debt_consolidation,0.0346,0.1171,Low
35,106261.63,3.9,69031.03,598,2625.82,1,0,debt_consolidation,0.0247,0.6496,High
36,40848.68,17.4,15682.86,527,7471.39,7,1,debt_consolidation,0.1829,0.3839,High
47,47346.39,0.4,19373.58,752,7990.72,2,0,debt_consolidation,0.1688,0.4092,High
60,69664.86,2.1,40181.88,686,2277.58,4,0,home_improvement,0.0327,0.5768,Medium
30,29355.33,2.4,5835.5,716,4679.58,9,0,education,0.1594,0.1988,Low
24,58955.06,6.6,10256.24,502,4093.33,10,1,debt_consolidation,0.0694,0.174,Medium
39,160069.7,1.2,7515.62,683,1088.64,13,1,debt_consolidation,0.0068,0.047,Low
48,71865.88,2.4,17316.25,673,3225.03,3,0,business,0.0449,0.2409,Low
41,70728.85,12.1,35664.52,622,5532.86,2,0,other,0.0782,0.5042,Low
34,95981.1,0.6,7131.87,623,2757.56,10,0,debt_consolidation,0.0287,0.0743,Low
53,77025.52,6.8,5729.72,610,2514.44,2,1,education,0.0326,0.0744,Medium
30,43199.77,6.1,14878.17,776,4877.13,8,0,education,0.1129,0.3444,Low
39,27176.32,0.7,30202.99,717,4925.33,1,0,home_improvement,0.1812,1.1113,High
50,45855.62,5.8,8322.89,629,5696.4,2,0,debt_consolidation,0.1242,0.1815,Low
42,30186.78,4.2,7270.26,599,4924.38,4,0,business,0.1631,0.2408,Medium
23,42576.63,1.7,34533.23,648,8885.28,10,0,home_improvement,0.2087,0.8111,High
57,31709.65,1.9,11896.0,649,8871.74,10,0,home_improvement,0.2798,0.3751,Medium
61,40338.61,8.9,19556.09,567,9608.72,11,0,education,0.2382,0.4848,High
38,23326.31,1.3,30598.02,739,12052.44,3,0,home_improvement,0.5167,1.3117,High
31,34660.05,3.6,18222.42,629,10788.26,11,0,business,0.3113,0.5257,Medium
22,60039.42,5.7,13639.94,656,2806.38,8,1,debt_consolidation,0.0467,0.2272,Low
32,68116.1,0.7,7470.54,715,1842.38,4,0,debt_consolidation,0.027,0.1097,Low
26,61112.52,13.5,9711.3,776,8333.25,9,0,debt_consolidation,0.1364,0.1589,Low
63,40619.72,1.5,16480.94,659,14487.42,4,0,home_improvement,0.3567,0.4057,Medium
60,52177.74,1.9,28173.55,536,2868.75,6,0,education,0.055,0.5399,Medium
64,129570.89,5.5,10021.65,698,9352.33,3,0,business,0.0722,0.0773,Low
49,34187.86,0.4,9373.97,663,19744.47,4,0,home_improvement,0.5775,0.2742,Medium
50,109366.55,4.9,17865.39,607,4416.68,0,0,home_improvement,0.0404,0.1634,Low
22,23814.98,12.4,8449.86,681,1701.65,6,0,business,0.0714,0.3548,Low
29,20859.84,1.4,17398.89,598,15100.09,10,0,debt_consolidation,0.7238,0.834,High
22,45540.59,2.2,7992.98,527,8149.33,3,0,debt_consolidation,0.1789,0.1755,Medium
49,48111.47,1.3,15615.3,661,5800.3,1,0,debt_consolidation,0.1206,0.3246,Medium
53,27852.68,8.5,11026.76,575,8978.79,6,0,debt_consolidation,0.3224,0.3959,Medium
30,41582.86,0.9,14305.21,628,4032.12,7,0,debt_consolidation,0.097,0.344,Medium
54,59952.58,2.1,21668.61,697,17129.94,8,0,business,0.2857,0.3614,Medium
64,30108.6,4.6,12619.05,482,4674.8,7,0,debt_consolidation,0.1553,0.4191,Medium
28,81467.22,2.6,17027.16,620,1100.29,7,1,business,0.0135,0.209,High
57,86041.15,0.3,8820.2,574,3590.85,7,0,debt_consolidation,0.0417,0.1025,Medium
53,91356.6,14.8,9618.06,530,1067.56,12,0,debt_consolidation,0.0117,0.1053,Medium
26,31133.82,2.1,6919.87,653,5171.6,6,0,business,0.1661,0.2223,Medium
64,33225.29,2.9,12868.3,609,27951.68,1,0,business,0.8413,0.3873,High
60,44961.57,0.9,15924.03,699,1929.42,1,1,debt_consolidation,0.0429,0.3542,Medium
39,42782.26,10.0,16843.33,683,3276.07,11,0,business,0.0766,0.3937,Low
52,41654.08,1.7,36979.86,694,1524.86,10,0,debt_consolidation,0.0366,0.8878,Medium
47,71530.49,0.1,17775.49,496,4511.05,8,0,medical,0.0631,0.2485,High
21,66558.43,1.9,10306.37,661,5852.72,14,0,debt_consolidation,0.0879,0.1548,Low
63,31657.09,20.7,53959.6,664,1023.58,12,0,home_improvement,0.0323,1.7044,Medium
53,27706.39,0.8,8335.37,550,8602.67,12,1,other,0.3105,0.3008,High
60,26382.69,0.2,15064.18,639,4082.25,0,0,business,0.1547,0.571,Low
52,31586.05,4.3,26021.93,669,4218.88,14,0,education,0.1336,0.8238,High
25,74827.81,2.3,18670.44,652,2104.12,0,0,education,0.0281,0.2495,Low
37,52662.79,7.9,3817.28,699,5256.24,14,0,home_improvement,0.0998,0.0725,Low
28,77880.01,6.6,20061.08,686,17846.93,6,0,debt_consolidation,0.2292,0.2576,Low
62,20952.02,1.0,9609.79,701,9397.98,9,0,home_improvement,0.4485,0.4586,Medium
54,56201.32,4.2,8460.61,543,9768.79,5,0,debt_consolidation,0.1738,0.1505,Low
29,55842.78,0.2,4876.84,592,1732.33,5,0,debt_consolidation,0.031,0.0873,Medium
43,89335.94,2.9,14660.02,617,33587.32,7,0,debt_consolidation,0.376,0.1641,Low
55,39952.79,6.3,10182.5,636,3321.26,14,0,home_improvement,0.0831,0.2549,High
27,38564.49,2.7,16398.95,519,8034.64,10,0,debt_consolidation,0.2083,0.4252,Low
35,104114.84,0.6,7889.5,635,5517.12,10,0,education,0.053,0.0758,Low
40,45003.4,0.3,114071.48,708,5562.87,3,0,other,0.1236,2.5347,Medium
45,53564.15,9.6,10461.26,540,9997.51,13,0,debt_consolidation,0.1866,0.1953,Low
23,62202.43,11.1,26808.64,527,11612.28,4,0,business,0.1867,0.431,High
44,21292.74,2.1,26495.26,747,1388.28,4,0,debt_consolidation,0.0652,1.2443,Low
54,50038.65,0.9,23970.56,680,1576.53,13,0,business,0.0315,0.479,Low
42,26302.81,19.2,7985.97,804,4438.37,5,1,other,0.1687,0.3036,Medium
31,46919.34,3.9,42274.74,660,7349.67,0,0,education,0.1566,0.901,Medium
28,42307.44,3.2,15809.47,640,5129.3,13,0,education,0.1212,0.3737,Medium
59,38056.06,6.8,16962.71,589,2335.41,3,0,debt_consolidation,0.0614,0.4457,Medium
63,67059.55,0.9,12738.91,837,9443.08,2,0,education,0.1408,0.19,Low
55,51467.12,4.3,13413.53,745,16898.07,14,0,debt_consolidation,0.3283,0.2606,Low
58,28840.87,11.0,13758.73,687,4427.91,13,0,education,0.1535,0.477,Low
28,28355.55,0.1,5311.41,672,7373.55,10,0,home_improvement,0.26,0.1873,Medium
57,74613.4,5.6,15594.09,557,1395.26,10,1,home_improvement,0.0187,0.209,Medium
47,48103.52,4.0,21582.8,650,3687.02,6,0,home_improvement,0.0766,0.4487,Low
48,24051.43,15.1,9478.74,561,8350.59,11,0,education,0.3472,0.3941,Medium
60,39805.17,1.5,12552.14,625,5398.37,11,0,home_improvement,0.1356,0.3153,Medium
54,45309.66,9.8,4811.45,658,2587.09,0,0,home_improvement,0.0571,0.1062,Low
52,26450.73,1.8,25994.78,664,3799.79,1,0,business,0.1436,0.9827,High
35,35651.23,2.8,34047.07,568,9795.29,11,0,debt_consolidation,0.2747,0.955,Low
64,77569.32,1.2,15233.19,691,3862.44,10,1,home_improvement,0.0498,0.1964,Medium
37,170214.41,10.0,16510.15,642,3172.69,11,0,education,0.0186,0.097,Low
53,57029.91,1.1,15939.32,710,6789.09,7,0,other,0.119,0.2795,Medium
36,24898.54,9.8,20935.58,697,4662.96,1,0,debt_consolidation,0.1873,0.8408,High
49,43965.95,3.0,15532.13,748,11107.6,11,0,debt_consolidation,0.2526,0.3533,Medium
29,52104.94,9.0,24687.12,586,3214.17,10,0,home_improvement,0.0617,0.4738,Medium
53,72632.8,1.5,20176.66,808,6810.96,8,0,education,0.0938,0.2778,Low
49,73496.72,0.7,21202.25,560,1810.92,3,0,other,0.0246,0.2885,High
33,96967.04,4.0,16820.82,622,5500.7,2,0,other,0.0567,0.1735,Low
41,48982.81,3.6,20541.95,664,15223.17,3,1,home_improvement,0.3108,0.4194,Medium
41,49456.03,2.2,8444.45,695,858.7,8,0,home_improvement,0.0174,0.1707,Low
25,19073.05,5.4,4239.24,626,6992.37,6,0,home_improvement,0.3666,0.2223,Medium
30,29543.25,0.5,12731.86,644,3693.49,12,0,home_improvement,0.125,0.4309,Medium
26,24806.83,4.9,40775.12,809,4736.1,10,1,home_improvement,0.1909,1.6436,Medium
33,32198.63,1.2,19885.93,598,3708.44,10,0,debt_consolidation,0.1152,0.6176,High
21,27558.44,0.7,20784.73,569,5049.68,3,0,business,0.1832,0.7542,High
40,28506.97,12.0,7299.17,547,7349.39,12,1,education,0.2578,0.256,High
28,84511.18,3.1,17483.31,601,1664.67,6,0,other,0.0197,0.2069,Low
30,18736.03,7.2,6930.18,383,7656.65,7,0,business,0.4086,0.3699,High
29,44392.43,0.5,13230.61,650,17724.58,10,0,business,0.3993,0.298,Medium
61,75514.4,0.3,11415.11,786,4050.77,10,0,home_improvement,0.0536,0.1512,Low
23,42161.11,3.4,17660.12,645,3095.28,7,0,debt_consolidation,0.0734,0.4189,Medium
31,95182.77,1.9,13625.2,747,4188.15,12,0,business,0.044,0.1431,Low
32,36323.29,0.0,22841.93,619,6035.28,11,0,debt_consolidation,0.1661,0.6288,Medium
30,117638.5,1.0,24778.22,790,2684.48,5,0,education,0.0228,0.2106,Medium
45,22374.82,1.2,27921.57,683,7817.35,10,0,education,0.3494,1.2478,High
45,95271.67,1.7,81873.59,647,23599.16,10,0,debt_consolidation,0.2477,0.8594,Low
31,31347.22,10.5,8483.78,571,18750.17,0,0,debt_consolidation,0.5981,0.2706,High
56,100956.92,2.7,10467.03,665,10629.07,9,0,medical,0.1053,0.1037,Low
59,38791.82,5.7,10629.46,792,10460.79,10,0,other,0.2697,0.274,Low
46,85160.72,0.1,4176.69,496,12566.11,10,0,education,0.1476,0.049,High
34,92679.3,8.4,15830.35,641,5005.87,13,0,home_improvement,0.054,0.1708,Medium
59,36718.05,1.4,12607.32,621,1576.37,2,0,medical,0.0429,0.3433,Low
60,81711.37,1.8,26698.76,539,10846.06,5,0,debt_consolidation,0.1327,0.3267,High
21,48340.11,0.2,23116.16,591,1496.88,0,0,medical,0.031,0.4782,Medium
24,23592.85,2.6,17466.91,715,3146.46,4,0,debt_consolidation,0.1334,0.7403,High
50,63206.02,9.6,15720.0,607,7519.63,1,0,other,0.119,0.2487,Medium
32,29487.28,2.4,9549.9,739,2486.58,0,0,debt_consolidation,0.0843,0.3239,Low
55,35365.52,12.0,15036.72,624,23165.66,9,0,other,0.655,0.4252,Medium
33,31370.02,10.1,16802.53,644,3511.77,11,1,medical,0.1119,0.5356,High
51,59225.57,0.3,13148.88,721,1811.56,2,0,debt_consolidation,0.0306,0.222,Low
58,29947.78,1.8,13204.84,640,6228.83,12,0,home_improvement,0.208,0.4409,Medium
63,26551.0,12.1,14546.02,673,2711.38,1,1,debt_consolidation,0.1021,0.5478,Medium
43,29094.78,0.2,15161.35,611,3527.11,5,0,home_improvement,0.1212,0.5211,High
24,34375.88,7.3,22937.16,626,7523.84,5,0,debt_consolidation,0.2189,0.6672,High
36,62839.2,11.8,2779.99,713,9214.1,10,0,debt_consolidation,0.1466,0.0442,Low
27,77229.45,7.4,15805.24,591,7681.31,6,0,debt_consolidation,0.0995,0.2047,Low
42,76678.28,6.8,15636.64,563,4552.15,6,1,business,0.0594,0.2039,Medium
49,48176.28,9.3,22236.03,626,1640.35,4,0,education,0.034,0.4615,Low
31,47558.75,5.5,12568.81,648,7460.65,2,0,debt_consolidation,0.1569,0.2643,High
53,44718.29,2.8,3800.09,572,5310.58,5,0,business,0.1188,0.085,Medium
49,61210.62,0.3,4490.84,764,5406.24,2,0,debt_consolidation,0.0883,0.0734,Low
59,85801.93,7.8,3834.87,665,2940.65,4,0,debt_consolidation,0.0343,0.0447,Low
32,45453.77,11.8,24556.84,585,5920.34,2,0,business,0.1302,0.5402,Low
27,63979.49,3.6,5638.96,692,3073.81,5,0,debt_consolidation,0.048,0.0881,Medium
59,26364.79,3.8,29492.18,726,6012.0,3,0,home_improvement,0.228,1.1186,Low
62,75082.1,2.6,10692.76,562,1185.59,8,0,debt_consolidation,0.0158,0.1424,Medium
46,54613.37,9.7,11751.07,689,17336.3,1,0,home_improvement,0.3174,0.2152,Medium
60,29252.16,0.1,38026.09,609,5810.44,6,0,medical,0.1986,1.2999,High
29,83670.54,4.9,15821.26,688,3569.02,4,0,education,0.0427,0.1891,Low
61,26354.41,11.9,5889.96,816,3711.4,8,0,home_improvement,0.1408,0.2235,Low
54,15717.69,0.5,14367.0,590,13819.06,9,0,home_improvement,0.8791,0.914,High
33,74861.25,16.0,23763.32,672,2202.16,4,0,home_improvement,0.0294,0.3174,Low
56,59437.73,17.2,9702.97,489,3102.9,12,0,debt_consolidation,0.0522,0.1632,Low
45,26755.38,13.3,39888.44,808,1930.0,11,0,home_improvement,0.0721,1.4908,Low
44,58552.35,3.1,6315.4,481,5471.61,4,0,business,0.0934,0.1079,High
64,87986.54,2.4,3771.23,663,7740.18,11,0,medical,0.088,0.0429,High
37,55859.16,6.1,38018.03,732,5892.57,1,1,education,0.1055,0.6806,Low
22,165922.36,1.9,8023.76,643,7222.25,2,0,business,0.0435,0.0484,Low
33,32032.07,0.4,7445.89,620,11519.27,5,0,debt_consolidation,0.3596,0.2324,High
51,16029.26,11.6,9886.76,640,4413.51,3,1,debt_consolidation,0.2753,0.6168,Medium
49,24209.88,5.0,7450.5,625,2431.05,10,0,debt_consolidation,0.1004,0.3077,Medium
48,15565.45,1.2,22915.28,518,2355.99,2,0,debt_consolidation,0.1514,1.4721,High
47,142835.5,0.1,10108.0,453,2613.12,4,0,education,0.0183,0.0708,Low
35,48899.86,6.4,6543.7,740,12462.56,8,0,business,0.2549,0.1338,Low
51,129256.11,9.6,11335.82,585,8894.97,2,0,home_improvement,0.0688,0.0877,Low
60,41057.27,2.6,7754.38,648,672.03,6,0,debt_consolidation,0.0164,0.1889,Medium
35,31177.62,0.4,13045.84,549,6022.71,8,0,education,0.1932,0.4184,High
53,20639.51,5.2,7535.43,625,7303.02,3,0,business,0.3538,0.3651,Medium
40,40200.04,1.8,11886.6,714,2770.31,6,1,debt_consolidation,0.0689,0.2957,High
62,74764.94,0.8,12061.17,608,3543.61,10,0,education,0.0474,0.1613,Medium
32,43813.35,3.6,40904.46,752,2243.64,6,1,debt_consolidation,0.0512,0.9336,Medium
57,22053.93,3.3,27086.76,661,1826.08,10,0,home_improvement,0.0828,1.2281,High
29,67952.37,3.6,14818.51,652,3247.92,2,0,home_improvement,0.0478,0.2181,Medium
43,74562.93,8.7,11122.51,675,17836.48,0,0,home_improvement,0.2392,0.1492,Low
28,37611.78,3.3,11036.51,671,2851.12,3,0,debt_consolidation,0.0758,0.2934,Low
52,35329.47,11.5,14429.27,697,4057.53,8,0,debt_consolidation,0.1148,0.4084,Medium
34,20854.54,9.2,8073.33,635,2389.08,9,0,education,0.1146,0.3871,High
47,67106.35,5.3,10663.33,579,1033.64,6,0,debt_consolidation,0.0154,0.1589,Medium
45,38903.34,0.3,11498.12,752,4259.52,9,0,debt_consolidation,0.1095,0.2955,Medium
33,12843.72,10.0,13193.85,729,10403.16,5,0,other,0.8099,1.0272,Medium
41,23329.09,11.8,14692.94,679,6793.26,4,0,education,0.2912,0.6298,High
51,64932.87,2.4,20666.95,726,3230.8,10,0,business,0.0498,0.3183,Low
57,41317.57,3.7,23240.27,553,7473.24,9,1,education,0.1809,0.5625,High
63,27785.54,1.6,18504.95,569,3559.34,9,0,other,0.1281,0.666,High
25,50357.18,0.1,38047.24,694,1692.02,13,1,other,0.0336,0.7555,High
33,32208.2,3.3,19823.14,545,876.83,0,0,home_improvement,0.0272,0.6154,High
48,35547.07,0.7,12924.19,794,4105.03,3,0,home_improvement,0.1155,0.3636,Low
63,42840.33,1.0,12714.84,595,31233.22,2,0,education,0.729,0.2968,Medium
45,113862.39,3.3,23071.21,532,1899.69,2,0,home_improvement,0.0167,0.2026,Low
55,113593.44,10.1,11530.34,591,2689.46,12,0,debt_consolidation,0.0237,0.1015,Low
59,18295.5,9.3,17053.2,578,10163.36,11,0,debt_consolidation,0.5555,0.932,High
27,47462.51,16.8,18094.99,659,2133.83,10,1,business,0.045,0.3812,Low
58,23715.8,3.3,3033.28,674,5541.72,0,0,business,0.2337,0.1279,Low
52,28807.2,4.0,5455.31,577,2291.63,2,0,home_improvement,0.0795,0.1894,Low
23,19352.08,8.6,22555.43,651,1455.52,9,0,home_improvement,0.0752,1.1655,Low
59,31765.42,6.0,17459.52,586,1811.19,10,0,home_improvement,0.057,0.5496,High
57,26994.66,1.0,2550.88,732,5024.0,9,0,debt_consolidation,0.1861,0.0945,Low
42,81860.37,2.5,2627.3,565,21324.96,7,0,education,0.2605,0.0321,Medium
28,32177.89,13.2,31937.26,769,4292.34,3,0,business,0.1334,0.9925,Low
37,18528.91,0.8,19718.8,645,10117.89,6,0,home_improvement,0.546,1.0642,High
47,48951.63,1.2,30562.86,705,2504.72,1,0,education,0.0512,0.6243,Medium
53,44870.51,2.6,7479.21,555,4848.71,11,1,business,0.1081,0.1667,High
37,42968.62,14.1,9250.09,631,1688.64,6,0,education,0.0393,0.2153,Low
62,66502.8,0.6,39813.77,807,4042.05,5,0,business,0.0608,0.5987,Medium
32,90757.55,5.6,17109.06,607,3250.77,7,0,business,0.0358,0.1885,Low
47,42655.78,0.7,14052.64,680,12633.78,7,0,home_improvement,0.2962,0.3294,High
28,55985.15,3.7,12136.5,618,3958.84,14,0,debt_consolidation,0.0707,0.2168,Low
43,43202.0,3.8,4737.24,613,4650.25,12,1,debt_consolidation,0.1076,0.1097,Medium
62,63148.61,0.2,26325.34,747,12735.21,7,0,medical,0.2017,0.4169,Low
49,23509.35,15.4,4080.9,762,8394.76,14,0,debt_consolidation,0.3571,0.1736,Low
40,66747.51,8.2,19810.53,500,8660.22,9,0,education,0.1297,0.2968,Medium
36,56472.58,1.8,14043.46,606,1560.54,3,1,debt_consolidation,0.0276,0.2487,Medium
37,30340.59,0.7,15957.45,568,13695.67,8,0,other,0.4514,0.5259,Medium
36,147882.58,2.1,9379.05,676,15693.72,7,0,debt_consolidation,0.1061,0.0634,Low
39,24841.82,11.2,32075.25,686,10863.37,3,0,medical,0.4373,1.2911,Medium
28,57808.25,0.7,9442.32,589,8534.81,12,0,other,0.1476,0.1633,High
58,30375.61,2.1,13177.22,606,6960.16,1,1,debt_consolidation,0.2291,0.4338,High
58,65447.35,3.4,13468.22,664,16528.66,0,0,medical,0.2525,0.2058,Low
49,133228.4,0.2,10949.07,629,4993.48,11,0,debt_consolidation,0.0375,0.0822,Medium
61,72242.02,1.6,17050.85,725,10867.32,1,0,education,0.1504,0.236,Low
56,46257.41,4.5,20600.46,591,9005.46,4,0,business,0.1947,0.4453,Low
46,77987.42,2.0,12506.48,693,6866.28,10,0,other,0.088,0.1604,Low
51,36489.34,10.2,19477.67,633,11485.65,13,0,home_improvement,0.3148,0.5338,Medium
64,62598.02,13.8,19640.03,737,5379.05,4,0,debt_consolidation,0.0859,0.3137,Low
32,51219.47,2.9,16957.91,678,10353.61,12,0,debt_consolidation,0.2021,0.3311,Medium
37,26681.05,3.8,33006.62,539,9521.19,9,0,home_improvement,0.3568,1.237,Medium
35,115186.13,5.0,35265.78,569,4142.49,1,0,home_improvement,0.036,0.3062,Medium
29,91300.46,5.5,10520.1,569,7558.91,13,0,other,0.0828,0.1152,Medium
59,31950.03,0.3,11158.92,631,1417.96,3,0,home_improvement,0.0444,0.3493,Low
62,81865.58,0.3,20247.83,624,8247.0,7,0,other,0.1007,0.2473,Low
32,27207.85,10.0,12854.95,659,638.25,0,0,other,0.0235,0.4725,Medium
52,61787.86,1.2,16096.1,764,14145.59,12,1,debt_consolidation,0.2289,0.2605,Low
45,50199.43,4.4,6613.2,698,1553.41,14,0,other,0.0309,0.1317,Medium
59,113459.07,4.9,11345.33,634,4153.57,1,0,debt_consolidation,0.0366,0.1,Low
38,57869.76,0.9,14041.17,599,13095.32,14,0,medical,0.2263,0.2426,Low
35,22638.79,7.2,7720.23,730,7451.02,1,0,other,0.3291,0.341,Low
52,81604.01,10.0,4956.84,704,3039.41,4,0,debt_consolidation,0.0372,0.0607,Low
26,39328.69,1.7,28726.23,800,3656.9,11,0,education,0.093,0.7304,Low
64,38412.31,10.5,5293.55,714,9701.48,1,0,home_improvement,0.2526,0.1378,Low
63,49741.71,0.4,34098.49,638,2561.07,7,0,home_improvement,0.0515,0.6855,Medium
55,36778.09,8.1,26315.5,725,5608.91,2,0,business,0.1525,0.7155,Low
54,120259.57,5.1,16078.98,794,3012.03,2,0,other,0.025,0.1337,Low
58,73320.37,4.4,17515.02,608,7286.8,7,0,business,0.0994,0.2389,High
25,27668.85,1.3,20913.54,589,7461.56,0,0,other,0.2697,0.7558,High
38,34071.76,2.2,10405.86,566,3646.13,14,1,other,0.107,0.3054,High
36,25468.34,12.1,10688.93,639,2408.63,3,0,medical,0.0946,0.4197,Low
28,79527.91,3.1,11895.91,609,3150.97,6,0,education,0.0396,0.1496,Low
45,47408.38,4.5,16435.64,643,1776.27,4,0,debt_consolidation,0.0375,0.3467,Low
52,30081.98,13.7,8947.6,632,1614.11,14,0,business,0.0537,0.2974,Medium
46,107571.46,3.1,9852.05,693,10151.47,12,1,debt_consolidation,0.0944,0.0916,Medium
42,63097.69,2.5,44421.52,723,6727.06,12,0,other,0.1066,0.704,Medium
51,53785.7,11.2,16096.57,677,2852.63,2,1,other,0.053,0.2993,Low
63,52532.08,12.1,6651.52,667,14447.15,7,0,home_improvement,0.275,0.1266,Medium
30,24859.79,2.2,22340.37,664,7970.94,4,0,debt_consolidation,0.3206,0.8986,Low
32,64839.95,4.5,11275.71,581,7177.76,5,0,medical,0.1107,0.1739,Low
48,39757.85,16.6,9301.27,700,11600.52,0,0,home_improvement,0.2918,0.2339,Low
26,75759.96,0.3,57811.88,666,10643.92,2,0,home_improvement,0.1405,0.7631,Medium
40,67482.0,0.2,13971.16,467,8413.6,9,1,business,0.1247,0.207,Medium
25,47546.44,3.6,8253.82,678,4642.41,3,0,debt_consolidation,0.0976,0.1736,Low
43,45894.1,1.7,9427.01,640,4888.97,13,0,home_improvement,0.1065,0.2054,Medium
29,112360.23,4.4,14605.12,694,1219.15,9,0,home_improvement,0.0109,0.13,Low
49,25123.8,6.4,14545.78,695,6350.3,9,0,other,0.2528,0.5789,Medium
36,36801.74,0.4,17679.27,754,7862.47,11,1,debt_consolidation,0.2136,0.4804,Medium
42,86531.74,10.7,4791.1,594,4696.1,3,0,debt_consolidation,0.0543,0.0554,Low
28,103010.65,1.6,6839.76,527,938.54,4,0,business,0.0091,0.0664,Low
40,45755.06,2.4,11937.98,762,896.43,12,0,debt_consolidation,0.0196,0.2609,Low
34,34556.14,2.1,9706.28,731,832.46,8,0,business,0.0241,0.2809,Low
59,34908.05,9.2,7000.28,596,1491.34,3,0,home_improvement,0.0427,0.2005,Low
57,23927.56,0.9,16677.17,613,5610.49,6,0,debt_consolidation,0.2345,0.697,High
54,133368.99,0.1,17569.12,658,4964.13,7,0,home_improvement,0.0372,0.1317,Low
31,45522.9,17.8,37502.01,653,4914.96,11,0,education,0.108,0.8238,High
60,61848.15,19.7,20389.74,579,3735.8,6,0,debt_consolidation,0.0604,0.3297,Low
53,62162.88,1.5,17826.62,710,2554.48,1,0,debt_consolidation,0.0411,0.2868,Low
51,102941.58,0.0,12038.15,666,3193.94,14,0,debt_consolidation,0.031,0.1169,Low
64,39750.28,5.2,68102.0,538,4233.02,12,0,home_improvement,0.1065,1.7132,High
54,41176.42,5.2,10928.66,655,8514.6,0,0,other,0.2068,0.2654,Medium
27,74269.73,14.1,10874.0,700,8991.29,4,0,debt_consolidation,0.1211,0.1464,Low
43,19981.13,1.8,23889.08,606,5245.45,7,0,medical,0.2625,1.1955,Medium
27,103275.55,1.1,5110.78,631,1127.92,11,0,medical,0.0109,0.0495,Low
45,116899.13,4.8,12737.42,661,4259.46,0,0,home_improvement,0.0364,0.109,Low
23,55430.88,4.1,14202.76,497,5788.61,12,1,debt_consolidation,0.1044,0.2562,High
58,30672.7,6.3,10484.55,634,2512.9,1,0,business,0.0819,0.3418,Medium
40,75098.92,10.8,25071.42,676,23500.86,12,0,education,0.3129,0.3338,Medium
54,44555.14,4.1,17959.48,659,2939.5,12,0,debt_consolidation,0.066,0.4031,Low
64,52633.41,0.8,15953.91,758,3652.03,8,0,education,0.0694,0.3031,Low
64,54679.15,4.6,13909.08,708,3873.77,5,0,other,0.0708,0.2544,Medium
50,35271.56,2.3,10775.59,617,1745.65,0,0,debt_consolidation,0.0495,0.3055,Low
37,58315.98,3.0,3842.24,643,1202.13,7,0,debt_consolidation,0.0206,0.0659,Low
30,23584.89,16.0,18497.93,678,3127.03,2,0,education,0.1326,0.7843,Low
55,16352.36,4.0,23752.43,437,443.05,13,1,home_improvement,0.0271,1.4524,High
40,58817.28,0.8,13304.0,523,5629.21,3,0,medical,0.0957,0.2262,Low
38,82604.32,2.9,5447.67,647,3401.91,9,0,business,0.0412,0.0659,Low
64,37919.91,1.3,9929.32,794,2933.24,4,0,medical,0.0774,0.2618,Low
47,36869.85,0.7,10040.52,633,6853.58,8,0,home_improvement,0.1859,0.2723,Medium
56,67762.42,6.2,10143.65,731,2702.87,4,0,debt_consolidation,0.0399,0.1497,Low
43,48515.91,5.0,18040.16,535,2335.61,5,0,home_improvement,0.0481,0.3718,High
52,36936.4,3.4,6090.62,612,1191.74,13,0,home_improvement,0.0323,0.1649,Medium
30,57104.74,2.8,11894.58,591,1470.95,6,0,debt_consolidation,0.0258,0.2083,Medium
31,49177.08,1.9,12141.31,673,10583.57,12,0,debt_consolidation,0.2152,0.2469,Low
58,26248.22,0.5,33096.23,720,2763.82,4,0,home_improvement,0.1053,1.2608,Low
26,46424.72,1.8,16945.43,633,4309.68,4,0,other,0.0928,0.365,Low
61,53716.12,9.1,10258.51,619,3185.86,1,0,home_improvement,0.0593,0.191,Low
54,37537.97,7.7,30747.16,759,8034.32,13,0,debt_consolidation,0.214,0.8191,High
56,77876.25,17.9,6477.97,825,2415.11,1,0,debt_consolidation,0.031,0.0832,Low
57,62421.47,5.3,8928.11,616,2202.32,5,0,home_improvement,0.0353,0.143,Medium
37,42679.04,4.0,4486.96,643,1316.61,9,0,debt_consolidation,0.0308,0.1051,Low
60,52408.54,1.8,34516.04,671,5755.99,14,1,education,0.1098,0.6586,High
60,40610.2,0.4,15191.63,682,8889.65,5,1,education,0.2189,0.3741,Medium
32,43820.14,4.8,11773.36,669,7552.92,9,0,medical,0.1724,0.2687,Low
41,44633.7,3.3,28100.42,488,10430.42,14,0,other,0.2337,0.6296,Medium
60,20230.21,7.1,9434.05,684,5248.68,5,0,medical,0.2594,0.4663,High
39,49697.03,2.7,10217.23,805,7498.73,2,0,business,0.1509,0.2056,Low
23,57478.75,21.2,25745.16,520,9541.8,8,0,home_improvement,0.166,0.4479,Medium
38,167836.7,2.5,9450.53,522,2093.05,11,1,medical,0.0125,0.0563,High
39,61080.11,2.0,9980.24,547,12371.15,6,0,other,0.2025,0.1634,Medium
26,35367.27,10.2,13907.63,700,6888.49,3,0,debt_consolidation,0.1948,0.3932,Low
36,21581.54,2.5,16389.62,507,10609.74,8,0,home_improvement,0.4916,0.7594,High
28,28907.27,10.2,20782.61,742,8859.86,3,0,education,0.3065,0.7189,Low
38,38190.98,0.1,11757.37,565,1373.88,2,0,home_improvement,0.036,0.3078,Medium
63,38533.0,5.9,4889.72,716,8923.57,0,0,education,0.2316,0.1269,Low
59,43533.52,0.4,16519.01,603,5976.44,3,0,education,0.1373,0.3794,Medium
32,40088.56,0.8,15095.55,591,3405.79,14,0,education,0.085,0.3765,High
30,43675.82,6.0,14850.64,690,7366.32,12,0,debt_consolidation,0.1687,0.34,Low
27,39689.63,1.7,8489.06,696,8036.62,13,0,other,0.2025,0.2139,High
21,49474.26,1.2,4330.94,589,15203.34,2,0,home_improvement,0.3073,0.0875,Low
56,31203.95,8.1,13107.48,671,19784.88,11,0,other,0.634,0.42,Low
41,26124.14,14.6,7566.08,703,7454.01,13,0,home_improvement,0.2853,0.2896,Low
57,43519.71,1.3,18661.36,500,7154.94,2,0,debt_consolidation,0.1644,0.4288,High
44,60899.54,1.9,20933.49,644,8663.03,5,0,debt_consolidation,0.1422,0.3437,Low
45,28014.59,6.3,5302.82,643,3189.48,8,0,medical,0.1138,0.1893,Medium
27,36779.66,8.4,8770.25,503,10657.32,0,0,home_improvement,0.2898,0.2384,High
62,45566.47,35.4,37153.58,649,3090.03,8,1,business,0.0678,0.8154,Low
37,45019.59,1.6,10232.05,645,4189.42,11,0,education,0.0931,0.2273,High
49,71426.45,4.1,15037.38,716,3153.99,1,0,home_improvement,0.0442,0.2105,Low
50,78426.29,0.7,22636.0,687,2685.6,10,0,education,0.0342,0.2886,Medium
27,54776.14,2.0,15271.3,763,10653.93,13,0,debt_consolidation,0.1945,0.2788,Low
53,89743.34,0.2,25686.61,680,5328.53,11,0,business,0.0594,0.2862,Medium
27,40761.32,1.2,23425.03,572,7131.54,2,1,education,0.175,0.5747,High
44,74615.17,3.5,29683.82,614,7251.88,12,0,debt_consolidation,0.0972,0.3978,Low
31,36079.99,0.9,14825.95,730,2098.82,14,0,debt_consolidation,0.0582,0.4109,Medium
29,56840.63,11.0,10493.31,716,1737.46,8,1,debt_consolidation,0.0306,0.1846,Medium
32,67647.21,6.2,6063.77,709,19746.04,7,0,education,0.2919,0.0896,Low
55,50416.46,0.1,17187.94,717,2688.42,8,0,home_improvement,0.0533,0.3409,Low
24,30257.6,10.5,28209.83,675,6368.97,7,0,home_improvement,0.2105,0.9323,Medium
56,21241.71,18.9,8567.0,662,4278.47,5,0,home_improvement,0.2014,0.4033,Medium
48,64760.77,3.5,9158.18,637,4658.52,9,0,home_improvement,0.0719,0.1414,Low
33,42765.56,1.9,10767.09,733,8291.74,8,0,debt_consolidation,0.1939,0.2518,Medium
43,44291.37,1.5,7774.29,676,2331.71,12,0,education,0.0526,0.1755,Medium
39,103782.69,0.5,14611.99,489,3652.56,2,0,other,0.0352,0.1408,Low
62,30542.84,3.4,9873.57,681,13377.91,3,0,other,0.438,0.3233,Low
57,70981.62,0.3,6539.51,723,4789.08,0,0,education,0.0675,0.0921,Low
59,33899.11,3.5,8124.05,581,14467.47,11,0,home_improvement,0.4268,0.2396,High
44,44862.0,1.5,31727.74,607,8213.78,6,0,business,0.1831,0.7072,Medium
36,28482.62,3.2,14294.84,651,8893.73,1,0,debt_consolidation,0.3122,0.5019,High
53,33781.01,2.7,31882.67,762,6454.11,0,0,home_improvement,0.1911,0.9438,Low
32,60271.93,1.8,9656.39,624,48654.36,7,0,education,0.8072,0.1602,High
54,93619.85,3.0,5603.3,625,2803.48,9,0,medical,0.0299,0.0599,Low
27,60581.91,3.2,11339.49,689,1321.63,10,0,debt_consolidation,0.0218,0.1872,Low
31,57120.5,9.0,35830.8,666,2484.05,10,1,debt_consolidation,0.0435,0.6273,High
51,175349.27,5.5,3312.26,597,4079.82,12,0,debt_consolidation,0.0233,0.0189,Low
49,64879.23,2.8,4695.7,654,38100.57,8,0,debt_consolidation,0.5872,0.0724,Medium
33,30735.99,11.8,11181.21,654,9081.27,3,0,education,0.2955,0.3638,Medium
51,21128.12,7.0,25179.29,751,12020.04,8,0,education,0.5689,1.1917,Medium
22,59253.19,0.4,7151.2,574,868.43,2,1,other,0.0147,0.1207,Low
59,24263.77,0.8,14805.97,657,3440.42,7,1,debt_consolidation,0.1418,0.6102,Medium
35,29710.97,0.4,12901.96,695,8268.56,9,0,education,0.2783,0.4342,High
31,57048.14,1.9,27364.67,736,5714.27,4,0,home_improvement,0.1002,0.4797,Medium
54,82451.15,2.9,53565.42,602,1399.65,11,0,debt_consolidation,0.017,0.6497,Medium
59,42495.46,3.5,8330.51,799,6714.0,1,0,education,0.158,0.196,Low
24,26820.77,9.5,10788.84,516,2724.71,11,0,business,0.1016,0.4022,High
31,45559.52,0.1,12831.66,532,6457.16,4,0,education,0.1417,0.2816,Medium
49,42785.56,2.8,8173.75,667,1715.93,5,0,debt_consolidation,0.0401,0.191,Low
22,51992.08,2.6,38678.42,519,4762.61,14,0,business,0.0916,0.7439,Medium
36,26869.62,14.7,6840.65,600,13885.91,4,1,home_improvement,0.5168,0.2546,High
59,32254.9,1.4,28394.65,690,3616.52,6,1,debt_consolidation,0.1121,0.8803,High
33,81779.26,0.7,10333.52,765,15090.45,3,1,business,0.1845,0.1264,Medium
57,71727.2,0.8,12874.59,672,1909.61,10,0,debt_consolidation,0.0266,0.1795,Low
37,87732.14,3.7,14371.68,680,3519.34,9,0,other,0.0401,0.1638,Low
41,19433.49,2.5,10007.76,704,7103.82,9,0,debt_consolidation,0.3655,0.5149,High
64,31474.55,7.0,21316.65,523,2912.34,6,0,home_improvement,0.0925,0.6772,Medium
39,80455.11,2.0,17271.82,699,3775.47,8,1,business,0.0469,0.2147,Medium
27,65917.94,0.7,33488.93,650,1910.06,1,0,medical,0.029,0.508,Low
58,60093.25,2.4,19593.12,586,1278.02,14,0,debt_consolidation,0.0213,0.326,Medium
28,40896.75,10.7,6508.51,573,6356.74,10,0,other,0.1554,0.1591,Low
33,35951.08,2.6,12191.06,643,3760.76,10,0,debt_consolidation,0.1046,0.3391,Low
57,49817.19,9.0,34499.66,715,12507.86,11,0,business,0.2511,0.6925,Medium
22,39173.03,2.3,9492.71,737,1975.35,8,0,debt_consolidation,0.0504,0.2423,Low
61,63834.93,1.7,32580.94,640,3466.39,9,0,business,0.0543,0.5104,Medium
31,49939.38,7.5,20601.15,734,2773.3,1,0,debt_consolidation,0.0555,0.4125,Low
44,30164.54,1.2,21636.25,563,2279.76,6,0,debt_consolidation,0.0756,0.7173,Medium
26,67337.35,1.3,3703.61,614,14214.36,4,0,home_improvement,0.2111,0.055,Medium
46,91779.08,0.3,17195.31,787,2219.62,3,1,education,0.0242,0.1874,High
27,94894.12,1.0,46509.74,746,4923.67,6,0,debt_consolidation,0.0519,0.4901,Low
59,68645.47,2.4,7922.63,586,5636.21,13,0,debt_consolidation,0.0821,0.1154,Medium
39,69115.88,2.6,34703.4,709,2187.41,0,0,debt_consolidation,0.0316,0.5021,Low
26,27430.01,2.7,14924.7,605,9401.57,2,0,debt_consolidation,0.3427,0.5441,Medium
63,35043.03,3.3,8244.5,626,1976.26,1,0,debt_consolidation,0.0564,0.2353,Low
49,45063.48,4.2,11257.35,646,12131.53,1,0,medical,0.2692,0.2498,High
63,65925.93,1.1,4794.78,543,2869.48,13,1,home_improvement,0.0435,0.0727,Low
59,36309.31,4.8,13681.39,674,6859.91,4,0,other,0.1889,0.3768,Low
22,42045.97,2.1,17106.78,760,27424.63,12,0,debt_consolidation,0.6522,0.4068,Medium
39,64848.34,6.6,55210.68,638,10969.61,9,0,other,0.1692,0.8514,Medium
24,52499.27,4.1,16843.12,606,1758.19,1,0,medical,0.0335,0.3208,Medium
26,57926.73,4.0,31525.06,603,627.27,12,0,education,0.0108,0.5442,Medium
57,33222.49,5.8,7336.7,476,14943.95,2,0,business,0.4498,0.2208,High
48,41763.0,2.0,11978.06,456,5823.32,14,0,debt_consolidation,0.1394,0.2868,Medium
50,38763.33,2.8,16170.8,799,16863.45,6,0,other,0.435,0.4172,Low
27,48997.87,4.4,7967.79,615,9591.21,1,0,medical,0.1957,0.1626,Low
29,39475.54,2.7,11725.04,576,4817.93,3,0,medical,0.122,0.297,Medium
45,36885.98,2.9,23937.3,579,13208.78,1,0,medical,0.3581,0.6489,Medium
53,52183.09,1.6,57488.68,645,3678.66,7,0,debt_consolidation,0.0705,1.1017,Medium
21,139855.47,1.7,21864.26,630,19606.95,11,0,medical,0.1402,0.1563,Medium
26,65629.73,6.0,8737.91,681,3387.5,12,0,home_improvement,0.0516,0.1331,High
38,20128.52,0.0,13070.53,547,3539.8,5,0,education,0.1759,0.6493,High
30,58433.68,0.5,7123.42,685,7850.3,7,0,other,0.1343,0.1219,Low
48,37894.04,14.9,15591.29,696,3833.22,14,1,medical,0.1012,0.4114,Low
31,30621.68,1.0,32625.82,627,9096.73,5,0,debt_consolidation,0.2971,1.0654,High
53,69697.98,2.7,16009.44,715,4071.98,10,1,education,0.0584,0.2297,Medium
21,50949.54,9.5,13283.57,755,7079.88,0,0,medical,0.139,0.2607,Low
33,169937.47,0.0,12827.37,627,13598.87,8,0,home_improvement,0.08,0.0755,Low
57,46298.41,13.0,15005.15,645,5442.29,8,0,debt_consolidation,0.1175,0.3241,Low
40,43778.02,0.3,36316.12,677,4135.79,12,0,home_improvement,0.0945,0.8295,Medium
21,89194.47,0.9,21209.14,701,4094.29,4,0,education,0.0459,0.2378,Low
23,49562.29,0.1,7192.39,711,9259.59,9,0,business,0.1868,0.1451,Medium
38,28893.73,3.7,9359.35,704,12267.02,10,0,education,0.4245,0.3239,Medium
61,31559.15,14.3,27828.08,709,1161.17,6,0,medical,0.0368,0.8817,Low
34,41596.9,9.1,17063.23,664,8274.22,2,0,home_improvement,0.1989,0.4102,Low
51,68105.9,5.1,4454.93,713,2132.71,1,0,education,0.0313,0.0654,Low
47,92601.79,1.0,25168.5,710,3373.13,10,0,debt_consolidation,0.0364,0.2718,Medium
37,73201.75,10.2,10365.93,639,5041.42,7,1,education,0.0689,0.1416,High
49,65121.89,7.0,8759.97,755,4849.76,2,0,debt_consolidation,0.0745,0.1345,Low
56,84832.82,1.6,24986.31,535,4422.2,1,0,debt_consolidation,0.0521,0.2945,Low
57,66875.39,8.2,24072.49,662,6290.41,6,0,home_improvement,0.0941,0.36,Low
46,31206.63,10.5,12518.47,683,3128.68,13,0,medical,0.1003,0.4011,Low
37,43897.87,6.0,17370.14,648,7601.08,14,1,debt_consolidation,0.1731,0.3957,Medium
42,37887.52,0.5,9282.61,795,4228.41,12,0,education,0.1116,0.245,Low
45,92146.8,20.8,8567.52,642,6487.89,8,0,business,0.0704,0.093,Low
22,30415.18,0.4,10787.2,761,3404.91,5,1,home_improvement,0.1119,0.3547,Medium
42,30712.07,5.3,10835.24,608,2463.18,13,0,business,0.0802,0.3528,Medium
25,53367.9,0.6,9333.95,635,2148.56,1,0,home_improvement,0.0403,0.1749,Medium
24,128606.21,11.8,22664.76,671,3656.0,1,1,other,0.0284,0.1762,Low
56,70788.04,2.2,14218.57,639,2177.04,0,0,debt_consolidation,0.0308,0.2009,Medium
26,82523.48,3.6,7506.7,556,10451.12,8,0,debt_consolidation,0.1266,0.091,High
41,28186.53,1.0,9158.41,679,7122.41,3,0,medical,0.2527,0.3249,Medium
33,68487.1,4.0,6423.23,657,1943.95,11,0,debt_consolidation,0.0284,0.0938,Low
57,28124.76,14.0,12765.18,603,1225.3,3,0,debt_consolidation,0.0436,0.4539,Medium
45,70648.19,11.6,31834.59,474,9527.58,12,0,medical,0.1349,0.4506,Low
46,22349.95,0.3,15955.23,527,8000.43,9,0,debt_consolidation,0.3579,0.7139,Medium
59,41375.31,2.4,14210.58,531,1726.31,3,0,medical,0.0417,0.3434,Low
40,17561.09,1.6,5504.72,645,3089.31,12,1,business,0.1759,0.3134,Medium
53,31496.88,3.3,30371.19,739,8372.82,0,0,business,0.2658,0.9642,Medium
34,24045.35,9.0,13734.35,591,684.91,11,0,debt_consolidation,0.0285,0.5712,Low
56,67886.43,6.7,14216.98,698,2150.24,9,0,business,0.0317,0.2094,Low
37,51389.76,2.1,6707.54,568,3038.4,13,0,home_improvement,0.0591,0.1305,Medium
41,38802.22,2.4,12426.91,631,9150.39,10,0,home_improvement,0.2358,0.3203,High
36,51977.24,5.3,7714.96,627,3872.74,12,0,education,0.0745,0.1484,Low
36,32355.21,1.1,8896.65,654,9190.56,13,1,medical,0.284,0.275,High
40,57579.99,0.5,4811.17,634,2728.5,7,0,education,0.0474,0.0836,Low
49,47152.31,1.4,4160.45,654,6816.47,12,0,education,0.1446,0.0882,High
48,153345.23,0.7,48788.47,715,5613.33,8,0,medical,0.0366,0.3182,Low
28,110941.35,2.2,15063.66,691,2524.06,8,0,other,0.0228,0.1358,Medium
44,78454.96,13.9,26559.04,668,3395.4,8,0,education,0.0433,0.3385,Low
23,56735.85,0.6,11240.88,665,6506.81,5,1,medical,0.1147,0.1981,Medium
45,60486.69,8.5,12011.89,587,4900.67,11,0,debt_consolidation,0.081,0.1986,Medium
39,91166.67,3.8,7080.19,613,6930.5,6,1,education,0.076,0.0777,Medium
53,56617.37,5.0,19254.97,656,9500.59,0,0,home_improvement,0.1678,0.3401,Low
22,58386.07,0.9,20909.3,665,4083.74,10,0,medical,0.0699,0.3581,Low
35,36745.11,0.8,18291.47,555,548.29,4,0,other,0.0149,0.4978,High
42,34764.13,0.9,13380.37,477,1926.05,14,0,debt_consolidation,0.0554,0.3849,High
30,46461.73,5.5,15980.27,647,1445.16,5,1,education,0.0311,0.3439,Medium
38,13261.61,6.9,10302.56,571,1508.05,12,0,medical,0.1137,0.7768,High
42,48313.49,12.6,24914.96,761,4325.92,7,1,education,0.0895,0.5157,Medium
47,43430.71,2.5,5894.05,704,6882.18,0,0,education,0.1585,0.1357,Low
33,76078.04,3.1,8281.97,697,1780.42,7,0,medical,0.0234,0.1089,Low
53,90428.76,3.2,11684.86,543,8830.77,6,0,education,0.0977,0.1292,Low
25,177320.72,1.6,6266.19,720,9305.43,1,0,medical,0.0525,0.0353,Low
46,65497.68,2.0,5321.51,600,23661.28,12,0,other,0.3612,0.0812,Medium
33,52892.32,9.4,11708.27,711,10324.34,6,0,business,0.1952,0.2214,Low
47,36935.42,2.1,10283.19,719,11216.76,3,0,education,0.3037,0.2784,High
34,29013.88,10.2,12138.88,525,5654.33,9,0,business,0.1949,0.4184,Medium
44,77428.06,1.8,13464.52,570,2317.8,9,0,debt_consolidation,0.0299,0.1739,Medium
23,48352.54,2.1,19216.32,767,3926.13,10,0,medical,0.0812,0.3974,Medium
50,60624.73,4.1,14181.14,531,11385.99,5,0,home_improvement,0.1878,0.2339,High
55,49478.07,0.5,38021.88,693,4246.48,8,0,other,0.0858,0.7684,Medium
34,50127.91,12.8,15019.19,565,5737.06,3,0,medical,0.1144,0.2996,High
32,54699.48,8.6,33792.6,743,9826.61,9,0,debt_consolidation,0.1796,0.6178,Low
48,60538.9,5.6,25085.06,632,5419.06,1,0,debt_consolidation,0.0895,0.4144,Medium
64,78461.25,22.2,26558.64,644,4054.97,8,0,debt_consolidation,0.0517,0.3385,Low
49,26472.12,0.1,5268.25,742,2941.22,11,0,education,0.1111,0.199,Low
63,65712.24,2.6,15001.8,785,24996.61,0,0,education,0.3804,0.2283,Low
37,25743.31,9.8,16759.12,641,6528.37,5,0,business,0.2536,0.651,Medium
60,69613.32,2.8,11220.31,692,2000.85,6,0,debt_consolidation,0.0287,0.1612,Low
41,57533.01,0.0,14693.77,648,2774.02,7,0,home_improvement,0.0482,0.2554,Low
43,47178.68,0.9,7263.29,792,4802.88,3,1,business,0.1018,0.1539,Medium
40,48109.83,2.8,31636.95,768,8131.06,0,0,other,0.169,0.6576,Medium
31,52494.18,5.5,13457.93,659,4370.89,0,0,debt_consolidation,0.0833,0.2564,Medium
54,84583.28,0.9,17058.66,701,1457.25,14,0,home_improvement,0.0172,0.2017,Medium
30,80920.79,3.0,8301.64,736,1069.98,0,0,business,0.0132,0.1026,Low
30,76320.72,0.1,34297.06,597,1175.51,2,0,debt_consolidation,0.0154,0.4494,Low
63,25004.2,3.2,21939.03,637,7368.73,8,0,debt_consolidation,0.2947,0.8774,Low
26,65388.67,11.3,25011.72,731,5620.2,13,0,home_improvement,0.0859,0.3825,Low
56,14781.3,4.5,45044.6,544,2793.8,5,0,business,0.189,3.0472,High
44,16892.93,2.9,11765.45,702,24395.88,6,0,education,1.4441,0.6964,High
32,85988.48,0.9,19109.19,694,4707.49,13,0,education,0.0547,0.2222,Low
63,23778.46,1.1,18278.91,593,1323.52,6,0,medical,0.0557,0.7687,High
43,44821.27,0.4,9560.27,738,4348.23,1,0,home_improvement,0.097,0.2133,Low
47,98930.29,6.8,16832.76,683,6894.07,10,0,business,0.0697,0.1701,Medium
57,65636.27,0.4,8298.81,598,3268.1,14,1,medical,0.0498,0.1264,High
26,58982.74,2.4,13157.27,538,4225.22,5,0,home_improvement,0.0716,0.2231,Medium
21,47704.91,6.9,5065.54,613,7973.04,8,1,debt_consolidation,0.1671,0.1062,Medium
26,52205.65,6.2,8336.17,576,5764.77,3,1,home_improvement,0.1104,0.1597,High
42,35861.13,4.3,4453.49,610,8130.18,12,0,education,0.2267,0.1242,Low
61,38569.19,4.2,33171.5,616,8649.27,7,0,home_improvement,0.2242,0.86,Medium
44,51186.53,0.5,19910.47,745,1416.66,7,0,debt_consolidation,0.0277,0.389,Low
45,55061.31,1.0,10086.7,545,7734.77,2,0,other,0.1405,0.1832,Medium
35,45300.77,3.8,8505.57,565,8012.9,6,0,home_improvement,0.1769,0.1878,Medium
46,16023.87,2.1,26676.38,616,5950.94,7,0,business,0.3714,1.6647,High
28,107198.46,0.1,38841.49,850,6352.04,5,0,home_improvement,0.0593,0.3623,Low
44,78326.66,8.0,21436.27,524,2378.56,3,0,home_improvement,0.0304,0.2737,Medium
58,44266.14,5.3,29644.56,487,16651.57,13,0,business,0.3762,0.6697,High
26,79555.81,2.0,13284.99,752,7783.67,7,0,home_improvement,0.0978,0.167,Low
55,40975.8,0.5,3839.58,609,8425.1,13,0,debt_consolidation,0.2056,0.0937,Medium
62,57455.72,4.5,12542.93,585,14869.07,10,0,business,0.2588,0.2183,Medium
21,18739.58,2.1,14433.73,680,9695.36,3,1,debt_consolidation,0.5173,0.7702,Medium
56,55735.18,1.5,25285.83,706,9916.11,5,0,business,0.1779,0.4537,Medium
32,42588.13,6.4,10613.54,716,696.92,1,0,debt_consolidation,0.0164,0.2492,Low
58,54667.69,2.0,6687.03,695,502.24,11,0,business,0.0092,0.1223,Low
31,115259.82,0.7,4578.91,594,4355.82,1,0,home_improvement,0.0378,0.0397,Low
32,48579.48,3.3,19850.91,703,6003.84,14,0,medical,0.1236,0.4086,Low
62,38997.1,8.8,11168.09,682,6423.78,14,0,home_improvement,0.1647,0.2864,Low
59,39214.29,9.5,6870.27,757,6157.4,3,0,debt_consolidation,0.157,0.1752,Low
27,24147.34,9.5,19399.67,767,6176.05,5,0,debt_consolidation,0.2558,0.8034,Low
31,60001.41,2.7,21523.59,578,5465.12,2,0,home_improvement,0.0911,0.3587,Medium
56,64036.93,7.8,11842.34,786,2687.24,12,0,business,0.042,0.1849,Low
51,50650.71,9.5,24429.61,613,1590.45,2,0,home_improvement,0.0314,0.4823,Low
53,77648.97,3.1,19748.08,536,4404.08,5,0,education,0.0567,0.2543,High
33,78018.69,1.9,12273.64,783,2940.69,9,0,education,0.0377,0.1573,Low
38,50762.69,6.1,11736.87,715,3491.52,11,1,business,0.0688,0.2312,Low
61,65693.02,11.7,10925.11,491,1283.3,14,0,business,0.0195,0.1663,Medium
44,145268.71,17.9,13359.7,610,4242.13,7,0,education,0.0292,0.092,Low
29,32499.27,1.7,32819.18,593,5980.87,5,1,business,0.184,1.0098,High
51,72155.75,15.6,27232.49,604,1542.98,11,0,debt_consolidation,0.0214,0.3774,Medium
61,51195.77,3.5,18213.04,799,6900.51,7,0,home_improvement,0.1348,0.3557,Low
30,82691.6,1.8,39834.01,633,1655.52,3,0,debt_consolidation,0.02,0.4817,Low
22,32966.78,22.3,26512.54,612,7221.85,4,0,medical,0.2191,0.8042,Medium
58,54183.91,10.5,12187.96,732,2579.29,13,0,debt_consolidation,0.0476,0.2249,Medium
35,34898.53,5.9,18829.5,612,11269.34,2,1,business,0.3229,0.5395,High
23,20262.08,11.3,30227.98,841,2643.81,6,0,debt_consolidation,0.1305,1.4918,Medium
63,98932.57,5.7,14089.72,666,2108.19,10,0,home_improvement,0.0213,0.1424,Low
51,39449.17,2.9,11795.32,728,4719.08,6,0,medical,0.1196,0.299,Medium
26,32169.0,14.8,39892.38,806,6432.17,5,0,education,0.1999,1.24,Low
23,36737.46,16.5,18561.19,585,10376.92,3,1,debt_consolidation,0.2825,0.5052,Medium
31,122054.1,1.9,25021.66,712,7790.1,6,0,business,0.0638,0.205,Low
35,94396.93,2.2,8714.62,606,2224.45,11,0,home_improvement,0.0236,0.0923,High
48,43954.1,2.4,23060.44,667,5957.31,11,0,debt_consolidation,0.1355,0.5246,High
30,75409.39,8.6,11925.57,499,1847.5,2,0,medical,0.0245,0.1581,Low
58,28632.76,7.8,13061.74,607,10727.86,12,0,medical,0.3747,0.4562,High
27,63689.28,20.4,7494.1,759,14127.4,5,1,business,0.2218,0.1177,Low
35,39526.16,3.1,11674.2,716,5350.18,11,0,debt_consolidation,0.1354,0.2953,Medium
38,60964.63,6.7,5693.65,626,3821.6,3,0,home_improvement,0.0627,0.0934,Low
38,24664.28,9.7,26355.16,659,17183.89,4,0,debt_consolidation,0.6967,1.0685,Medium
61,36403.87,1.3,9629.28,710,14252.62,5,0,education,0.3915,0.2645,Medium
44,53688.51,4.8,16417.47,712,988.06,6,0,other,0.0184,0.3058,Low
22,53405.4,4.0,6668.3,684,7060.54,13,0,debt_consolidation,0.1322,0.1249,Low
60,23590.31,6.8,17912.28,731,4007.77,6,0,education,0.1699,0.7593,Medium
40,30154.13,5.9,2930.28,636,1420.06,6,0,debt_consolidation,0.0471,0.0972,Medium
54,60579.27,8.4,7770.69,533,16903.79,4,1,debt_consolidation,0.279,0.1283,Medium
63,57125.72,1.9,30122.8,573,2304.61,11,0,business,0.0403,0.5273,Low
46,68032.52,1.2,8990.25,614,9768.66,13,0,home_improvement,0.1436,0.1321,Low
27,53911.59,8.2,11796.57,495,2863.91,9,1,debt_consolidation,0.0531,0.2188,Medium
58,28952.26,2.2,3644.76,560,1746.23,6,1,other,0.0603,0.1259,Medium
50,41071.87,1.7,30093.26,572,5109.17,4,0,debt_consolidation,0.1244,0.7327,Medium
62,63927.9,2.1,11452.47,546,1272.38,4,0,business,0.0199,0.1791,Medium
25,29707.7,0.3,29496.7,518,24515.27,2,0,business,0.8252,0.9929,High
31,27916.84,7.4,8845.81,788,7960.45,8,1,other,0.2851,0.3169,Medium
21,42129.89,6.3,5494.18,724,2932.61,11,0,education,0.0696,0.1304,Low
54,56146.8,4.0,31183.74,628,4250.83,8,0,business,0.0757,0.5554,Medium
21,19508.08,6.3,16926.23,664,2229.8,0,0,education,0.1143,0.8676,Low
39,43423.44,2.3,14224.9,617,5991.65,3,1,medical,0.138,0.3276,Medium
22,63530.75,1.8,9308.44,615,1551.04,10,0,home_improvement,0.0244,0.1465,Medium
41,70100.13,9.9,27354.92,723,1360.64,12,0,debt_consolidation,0.0194,0.3902,Low
40,29676.63,2.7,4422.57,668,5719.3,10,0,medical,0.1927,0.149,Low
43,59039.97,1.1,21614.75,568,16769.68,2,0,debt_consolidation,0.284,0.3661,Low
41,80567.19,6.9,6522.6,741,2303.77,14,0,home_improvement,0.0286,0.081,Low
44,66393.38,2.0,17599.6,684,2640.0,3,0,medical,0.0398,0.2651,Low
24,39896.83,1.2,44152.1,721,3359.33,1,0,education,0.0842,1.1066,High
32,14874.43,0.1,13042.13,665,2982.46,14,0,debt_consolidation,0.2005,0.8768,High
42,54429.83,17.6,12685.15,656,3667.96,5,0,debt_consolidation,0.0674,0.2331,Low
40,107934.73,3.1,9805.99,639,6543.55,5,0,debt_consolidation,0.0606,0.0909,Medium
38,74015.58,0.9,12156.39,692,3759.78,13,0,debt_consolidation,0.0508,0.1642,Medium
21,71488.45,7.1,10241.61,555,1203.24,6,0,debt_consolidation,0.0168,0.1433,Low
50,53329.2,10.9,13537.44,693,3486.62,12,1,business,0.0654,0.2538,Medium
53,76756.34,3.8,11252.41,523,6304.06,13,0,debt_consolidation,0.0821,0.1466,Low
44,57046.63,0.1,12071.35,601,2458.89,5,1,other,0.0431,0.2116,High
34,20472.91,2.3,9533.8,766,7004.36,12,0,debt_consolidation,0.3421,0.4657,Medium
56,76556.9,1.4,12387.74,563,10177.47,7,0,debt_consolidation,0.1329,0.1618,Low
25,31870.43,5.1,13051.89,604,5964.23,3,0,debt_consolidation,0.1871,0.4095,Low
31,50696.72,3.7,36221.71,609,2419.52,13,0,debt_consolidation,0.0477,0.7145,Medium
44,70940.61,2.2,34730.16,586,15056.25,1,0,other,0.2122,0.4896,Medium
51,33705.38,5.2,16254.01,631,11178.87,9,0,home_improvement,0.3317,0.4822,Medium
33,29949.61,4.4,10233.05,662,5737.66,6,0,education,0.1916,0.3417,Low
36,62229.53,11.8,16457.03,763,3510.73,13,0,education,0.0564,0.2645,Low
44,28091.72,4.5,8178.58,732,10891.78,0,0,home_improvement,0.3877,0.2911,Medium
33,44515.91,3.5,9581.19,697,6162.36,0,0,home_improvement,0.1384,0.2152,Medium
44,86179.42,8.7,13814.76,639,10579.69,13,0,home_improvement,0.1228,0.1603,Medium
46,110552.54,1.1,8972.12,594,3831.08,10,0,education,0.0347,0.0812,Medium
22,20114.27,1.4,9078.72,696,3431.23,13,0,business,0.1706,0.4513,Medium
36,43942.88,7.7,10103.78,683,1253.41,4,0,home_improvement,0.0285,0.2299,Low
58,92505.62,2.9,52655.51,690,17156.42,4,0,debt_consolidation,0.1855,0.5692,Low
21,40172.62,2.6,14821.71,619,13710.77,4,0,education,0.3413,0.3689,High
31,72834.36,10.9,4732.17,662,2946.89,2,0,home_improvement,0.0405,0.065,Low
55,75633.05,4.7,15019.67,668,5483.74,13,0,debt_consolidation,0.0725,0.1986,Medium
63,36116.7,8.1,17575.63,603,8368.47,5,0,home_improvement,0.2317,0.4866,Medium
49,60737.05,8.3,12883.88,739,8122.35,14,0,debt_consolidation,0.1337,0.2121,Low
57,62613.12,0.6,19259.04,523,6192.56,1,0,debt_consolidation,0.0989,0.3076,High
37,77272.49,5.3,9490.93,597,3355.75,9,0,other,0.0434,0.1228,Low
59,21751.22,15.2,12245.67,580,3807.01,7,0,education,0.175,0.563,Low
62,93565.47,3.3,12674.18,619,4924.81,7,0,other,0.0526,0.1355,Low
48,69108.27,6.6,8841.25,605,3624.39,4,0,other,0.0524,0.1279,Medium
49,27856.1,4.2,7557.56,604,22227.85,5,0,other,0.7979,0.2713,Medium
63,45986.31,1.1,13994.36,715,4398.13,1,0,home_improvement,0.0956,0.3043,Low
23,74527.13,1.1,15331.7,668,4324.64,4,0,education,0.058,0.2057,High
30,28608.14,2.8,2485.93,583,3764.18,7,0,debt_consolidation,0.1316,0.0869,Medium
62,30875.67,3.3,9806.79,692,1962.66,9,0,home_improvement,0.0636,0.3176,Low
34,49479.02,3.5,11267.27,685,9546.69,13,0,education,0.1929,0.2277,Medium
32,39414.2,15.5,14899.06,499,1236.88,13,0,debt_consolidation,0.0314,0.378,Medium
62,55571.91,0.5,21861.65,612,6458.54,6,0,medical,0.1162,0.3934,Low
50,73974.74,2.4,11078.29,699,1714.05,11,0,debt_consolidation,0.0232,0.1498,Low
52,56169.04,3.6,18933.05,680,7040.77,14,1,medical,0.1253,0.3371,Medium
52,48769.02,16.5,5848.1,698,11426.01,14,0,business,0.2343,0.1199,Low
62,74144.53,3.5,29869.32,584,8041.95,8,0,medical,0.1085,0.4028,Medium
52,46515.92,7.5,12958.74,681,2684.85,11,0,debt_consolidation,0.0577,0.2786,Medium
46,33763.35,6.9,5412.83,508,2215.04,8,0,business,0.0656,0.1603,Medium
21,87346.73,4.2,19100.81,634,4528.05,7,1,debt_consolidation,0.0518,0.2187,Medium
62,14627.63,0.7,11394.8,789,1965.53,1,0,debt_consolidation,0.1344,0.7789,Medium
22,50615.59,1.2,40207.82,720,2663.03,14,0,debt_consolidation,0.0526,0.7944,Medium
37,40875.57,1.4,34817.94,665,3429.21,3,0,medical,0.0839,0.8518,Medium
50,30899.56,0.2,22761.47,605,7728.64,12,0,medical,0.2501,0.7366,High
59,56913.64,2.4,2375.05,750,27914.51,3,0,debt_consolidation,0.4905,0.0417,Medium
27,61688.72,4.7,11658.52,649,5629.46,7,0,debt_consolidation,0.0913,0.189,Medium
47,32386.29,0.8,28610.94,618,2985.69,1,0,education,0.0922,0.8834,Low
29,24392.07,1.0,22123.42,758,12291.32,9,0,home_improvement,0.5039,0.907,Medium
42,25514.91,6.1,7681.64,655,11130.8,8,0,home_improvement,0.4362,0.3011,Medium
54,121372.39,0.9,12548.38,678,9292.47,11,0,education,0.0766,0.1034,Medium
21,128264.47,0.7,19083.46,536,11368.13,1,0,home_improvement,0.0886,0.1488,High
29,49750.47,19.0,5134.21,610,21252.1,3,0,education,0.4272,0.1032,Medium
40,24691.47,0.1,5407.94,708,676.15,2,0,debt_consolidation,0.0274,0.219,Low
39,45584.57,2.0,57649.06,645,4480.72,9,0,business,0.0983,1.2646,High
56,16312.12,0.2,11107.14,641,1975.73,7,0,medical,0.1211,0.6809,Low
60,57373.58,9.1,4247.69,563,7502.61,0,0,medical,0.1308,0.074,Medium
24,29821.04,4.4,8816.93,721,6591.98,6,0,other,0.221,0.2957,Low
29,26766.33,0.2,16237.13,621,6676.84,6,0,debt_consolidation,0.2494,0.6066,Medium
61,79922.8,4.8,21528.82,669,3342.97,14,0,other,0.0418,0.2694,Low
42,45382.29,0.7,8998.26,760,6334.0,8,0,debt_consolidation,0.1396,0.1983,Low
38,75571.9,3.4,6515.06,788,7245.26,12,0,other,0.0959,0.0862,Low
32,89630.89,5.5,22531.27,586,3510.21,9,0,debt_consolidation,0.0392,0.2514,Medium
62,46877.55,0.8,7579.21,626,2063.46,7,0,debt_consolidation,0.044,0.1617,Low
63,48894.53,3.4,11477.84,697,16212.78,5,1,business,0.3316,0.2347,Medium
59,83211.15,3.1,19987.39,596,9471.84,5,0,education,0.1138,0.2402,High
29,37444.35,12.4,9981.36,730,246.54,5,0,other,0.0066,0.2666,Low
26,87318.43,27.2,44525.72,703,1958.86,4,0,home_improvement,0.0224,0.5099,Low
39,17825.37,5.3,8011.85,699,3472.5,13,0,home_improvement,0.1948,0.4494,Low
27,41052.03,9.7,10713.04,633,8572.69,0,0,business,0.2088,0.261,Low
36,53831.9,5.2,10538.49,656,1001.66,1,0,medical,0.0186,0.1958,Low
25,26836.0,10.4,9117.55,691,1762.58,10,0,education,0.0657,0.3397,Low
36,58969.14,2.8,25614.06,666,4061.35,11,0,other,0.0689,0.4344,Low
21,53428.73,4.7,10839.45,530,5590.08,5,0,business,0.1046,0.2029,Low
57,33992.79,9.3,74082.87,759,2845.05,1,0,medical,0.0837,2.1793,High
59,33348.77,12.5,14198.23,662,6269.52,4,0,medical,0.188,0.4257,Low
39,31697.06,0.1,15238.99,652,3171.43,9,0,debt_consolidation,0.1001,0.4808,Medium
57,22398.2,0.5,5220.42,748,1449.13,0,0,home_improvement,0.0647,0.2331,Low
37,109649.43,13.4,9441.66,642,6275.02,0,0,debt_consolidation,0.0572,0.0861,Low
46,44126.07,4.2,20140.14,569,8297.49,5,0,debt_consolidation,0.188,0.4564,Low
42,24922.64,23.1,18529.36,626,10642.81,0,0,medical,0.427,0.7434,Medium
28,46112.76,7.9,7065.94,747,1803.37,3,0,other,0.0391,0.1532,Low
53,55267.67,8.5,10131.73,573,7650.13,1,0,home_improvement,0.1384,0.1833,Medium
22,32564.03,2.4,1944.81,498,6550.22,8,0,home_improvement,0.2011,0.0597,High
50,40850.05,1.5,8312.45,604,21168.7,0,1,home_improvement,0.5182,0.2035,High
40,94088.68,4.6,37675.52,686,2150.15,2,0,business,0.0229,0.4004,Low
38,27339.67,10.6,15366.79,744,5295.02,6,0,other,0.1937,0.562,Low
63,36650.77,6.5,26197.84,667,4750.26,0,0,medical,0.1296,0.7148,Low
30,17984.94,3.2,4863.23,621,1320.79,12,0,debt_consolidation,0.0734,0.2704,Medium
44,121983.43,7.0,14150.36,536,14668.32,0,0,medical,0.1202,0.116,Low
24,68123.55,5.9,12453.71,608,2382.15,12,0,home_improvement,0.035,0.1828,High
57,47820.87,12.2,9197.58,498,2529.82,5,0,medical,0.0529,0.1923,Medium
24,34233.67,1.5,11633.2,736,4225.91,11,0,medical,0.1234,0.3398,Low
33,33389.45,0.6,9737.27,564,2545.13,5,0,home_improvement,0.0762,0.2916,Medium
45,42849.93,3.2,6637.24,588,7847.74,3,0,debt_consolidation,0.1831,0.1549,Low
33,62822.91,2.2,14482.81,549,4941.07,9,0,home_improvement,0.0786,0.2305,Medium
38,28802.24,18.4,22571.79,637,996.76,2,0,debt_consolidation,0.0346,0.7837,Medium
44,38888.02,0.0,8357.44,673,1173.04,9,0,business,0.0302,0.2149,Low
22,75254.45,13.5,8591.37,737,7175.75,0,0,other,0.0954,0.1142,Low
53,109597.14,15.5,21669.5,644,2712.75,7,1,medical,0.0248,0.1977,Medium
39,64328.81,0.3,13756.71,593,4656.95,7,0,home_improvement,0.0724,0.2138,High
29,35203.02,11.0,10837.12,727,6392.91,6,0,education,0.1816,0.3078,Low
48,45364.94,3.2,14173.67,678,1993.26,3,0,education,0.0439,0.3124,Medium
55,60243.11,7.3,46025.72,647,1734.43,12,0,business,0.0288,0.764,Medium
59,42372.85,0.4,26630.97,617,8097.33,1,0,education,0.1911,0.6285,Medium
30,69976.69,15.5,37583.17,576,3556.28,6,1,other,0.0508,0.5371,High
21,34029.3,4.7,20774.14,700,12798.13,7,0,debt_consolidation,0.3761,0.6105,High
62,109824.72,11.4,8454.88,645,8080.18,11,0,debt_consolidation,0.0736,0.077,Medium
41,46922.11,5.6,10247.78,528,6480.26,12,0,home_improvement,0.1381,0.2184,High
29,35754.91,3.8,8486.92,630,22929.24,4,0,business,0.6413,0.2374,Medium
35,65893.99,0.9,19411.69,724,3115.91,8,0,home_improvement,0.0473,0.2946,Low
55,30044.26,1.0,11133.36,831,3368.21,9,1,education,0.1121,0.3706,Medium
25,52783.8,3.2,8101.52,629,8197.04,7,0,home_improvement,0.1553,0.1535,Low
61,98785.08,10.2,12478.51,712,4734.25,13,0,education,0.0479,0.1263,Low
42,26681.62,0.6,5769.44,618,2784.49,12,0,debt_consolidation,0.1044,0.2162,Medium
61,88937.54,32.1,24471.19,658,2912.09,3,0,home_improvement,0.0327,0.2751,Low
43,25705.93,10.4,7481.31,676,1709.31,9,0,business,0.0665,0.291,Low
27,73882.97,2.5,23097.75,763,5316.56,8,0,debt_consolidation,0.072,0.3126,Medium
43,30536.63,1.5,17669.06,740,8556.77,0,0,home_improvement,0.2802,0.5786,Low
64,88957.26,12.8,18875.31,700,4646.27,11,0,debt_consolidation,0.0522,0.2122,Medium
45,36752.2,0.7,6718.9,585,9178.34,13,0,education,0.2497,0.1828,High
47,41017.02,2.1,13902.48,690,4694.47,12,0,home_improvement,0.1144,0.3389,Medium
61,30662.0,0.4,9786.32,771,3887.31,8,1,debt_consolidation,0.1268,0.3192,Medium
26,14676.55,15.3,4669.1,695,6335.62,0,0,business,0.4317,0.3181,Medium
54,27690.07,4.8,31622.86,706,4064.29,4,0,debt_consolidation,0.1468,1.142,High
29,21114.76,2.0,12617.61,662,4684.92,12,0,home_improvement,0.2219,0.5975,Medium
53,17659.99,1.6,10195.11,625,4566.44,4,0,debt_consolidation,0.2586,0.5773,High
26,56781.73,2.9,30466.62,693,1720.52,7,0,education,0.0303,0.5365,High
57,105075.41,0.5,23866.34,634,6140.22,10,0,debt_consolidation,0.0584,0.2271,High
51,120412.18,11.0,96971.69,525,1979.43,10,0,other,0.0164,0.8053,Medium
54,27411.05,3.6,7547.93,758,3625.53,4,0,business,0.1323,0.2754,Low
61,46399.38,6.5,9492.64,704,26119.21,12,0,debt_consolidation,0.5629,0.2046,High
49,87762.86,1.3,42783.77,493,11732.28,11,0,home_improvement,0.1337,0.4875,Medium
34,25443.11,3.5,7992.83,453,2767.89,7,0,debt_consolidation,0.1088,0.3141,High
56,89482.84,1.2,8616.92,635,2275.51,0,0,business,0.0254,0.0963,Medium
56,90221.48,8.5,12724.39,699,3639.72,9,0,education,0.0403,0.141,Low
35,18526.24,7.5,35920.43,602,5842.94,13,0,home_improvement,0.3154,1.9388,High
28,15092.58,0.8,9718.46,578,1171.83,2,0,education,0.0776,0.6439,High
46,40129.84,0.4,52395.91,638,3562.97,6,0,medical,0.0888,1.3056,High
56,78357.54,8.7,13253.83,638,12540.22,14,0,other,0.16,0.1691,Low
41,22928.51,0.6,29876.75,631,3847.67,5,0,debt_consolidation,0.1678,1.303,High
48,17691.64,4.0,10888.08,558,2260.47,10,0,home_improvement,0.1278,0.6154,High
24,50624.12,3.8,7442.62,664,1856.6,4,0,debt_consolidation,0.0367,0.147,Medium
36,67263.95,1.1,18846.77,651,1835.68,6,0,business,0.0273,0.2802,Low
42,34888.36,4.5,5585.96,530,13638.21,14,0,medical,0.3909,0.1601,High
32,36343.58,3.5,4988.51,688,5877.84,12,0,business,0.1617,0.1373,High
36,67060.07,3.6,20416.02,620,4657.0,4,0,other,0.0694,0.3044,Medium
60,31730.69,2.2,9475.42,586,9677.36,6,0,debt_consolidation,0.305,0.2986,High
58,32944.08,9.1,5844.13,664,9367.24,9,0,debt_consolidation,0.2843,0.1774,Medium
62,56310.9,0.4,9320.77,625,4611.58,2,0,medical,0.0819,0.1655,High
57,59545.68,2.9,18714.14,621,7501.05,5,0,home_improvement,0.126,0.3143,Low
49,43828.39,1.5,7597.88,584,1800.77,1,0,education,0.0411,0.1734,Low
38,102975.05,9.4,2505.48,672,4545.09,0,0,other,0.0441,0.0243,Low
30,71316.75,1.3,12133.58,746,4454.23,1,0,business,0.0625,0.1701,Low
62,41131.56,7.3,16566.81,644,1604.81,3,0,education,0.039,0.4028,Low
59,25710.25,4.7,21739.84,596,3582.25,10,1,home_improvement,0.1393,0.8455,High
38,80475.76,10.4,24672.04,719,24132.51,9,0,medical,0.2999,0.3066,Medium
21,81898.66,4.5,12145.71,656,6981.1,5,0,education,0.0852,0.1483,Medium
59,46652.74,4.1,41781.25,539,4537.73,10,0,business,0.0973,0.8956,Medium
41,56299.5,8.1,12408.49,667,2053.79,4,0,debt_consolidation,0.0365,0.2204,Low
21,69607.09,4.1,11661.76,596,19756.42,7,0,home_improvement,0.2838,0.1675,Medium
35,109267.23,9.3,11229.1,712,11015.64,1,0,other,0.1008,0.1028,Medium
24,76391.73,0.3,14552.72,495,8309.43,2,0,home_improvement,0.1088,0.1905,Low
40,61237.12,3.4,18127.21,641,3504.89,1,0,other,0.0572,0.296,Low
30,78032.04,8.4,30869.32,739,812.68,9,1,other,0.0104,0.3956,High
43,87165.32,9.4,9656.03,622,14374.13,1,0,business,0.1649,0.1108,Low
61,56126.3,9.0,8254.16,639,14861.99,3,0,home_improvement,0.2648,0.1471,Low
54,77556.71,4.6,14539.5,592,4866.7,11,0,debt_consolidation,0.0627,0.1875,Low
53,34956.01,25.6,10272.39,635,1716.61,1,0,business,0.0491,0.2939,Low
54,82259.39,1.0,6819.88,537,6561.72,14,0,debt_consolidation,0.0798,0.0829,Low
59,35101.57,1.0,27514.39,552,4153.39,1,0,business,0.1183,0.7838,Medium
30,29609.02,0.2,26997.46,547,17476.88,2,0,education,0.5902,0.9118,Medium
40,45962.39,22.7,5533.94,764,4832.9,12,0,home_improvement,0.1051,0.1204,Low
21,25062.32,2.1,12310.47,531,4454.57,0,0,debt_consolidation,0.1777,0.4912,Low
33,36379.08,7.2,18886.67,585,3365.83,4,0,medical,0.0925,0.5191,Medium
21,59233.17,0.3,42326.24,526,3724.82,10,0,business,0.0629,0.7146,Medium
25,56328.85,1.8,12870.87,771,2030.65,3,0,debt_consolidation,0.036,0.2285,Medium
36,67493.01,4.9,22423.7,608,11212.33,10,0,debt_consolidation,0.1661,0.3322,Medium
35,68016.23,3.7,10706.65,536,1771.02,10,0,business,0.026,0.1574,High
48,59107.03,1.2,17541.49,590,4449.97,0,0,education,0.0753,0.2968,Low
51,32021.91,3.1,22946.54,574,6401.91,5,0,home_improvement,0.1999,0.7166,Low
43,77779.64,0.6,16470.5,723,1354.85,6,0,education,0.0174,0.2118,Low
63,46406.33,3.9,13575.0,632,3122.71,12,0,education,0.0673,0.2925,High
37,55278.3,0.5,23874.86,556,5631.96,14,0,home_improvement,0.1019,0.4319,High
54,51640.09,5.1,30344.38,764,4668.96,3,0,debt_consolidation,0.0904,0.5876,Low
33,107721.06,0.8,14624.1,694,4825.67,2,1,home_improvement,0.0448,0.1358,Low
34,26972.21,4.0,24825.73,579,1615.51,8,0,education,0.0599,0.9204,High
31,41292.58,0.7,9540.57,682,1817.74,10,0,debt_consolidation,0.044,0.231,Low
48,63938.52,2.6,10520.14,527,8091.05,14,0,debt_consolidation,0.1265,0.1645,High
62,49560.74,2.2,34233.26,510,10732.25,2,1,home_improvement,0.2165,0.6907,High
52,38470.65,7.1,2342.04,558,12368.69,4,1,business,0.3215,0.0609,Medium
55,18788.15,5.1,11579.46,711,4712.97,4,0,debt_consolidation,0.2508,0.6163,High
51,42469.22,13.8,15214.26,769,7950.96,6,0,home_improvement,0.1872,0.3582,Low
37,58759.74,12.7,6647.78,563,1418.55,0,0,business,0.0241,0.1131,Medium
29,64328.46,6.5,25483.46,653,1752.12,10,0,business,0.0272,0.3961,Low
30,45069.58,7.4,12980.01,786,3658.52,2,0,debt_consolidation,0.0812,0.288,Low
28,53583.07,4.9,20495.86,710,4506.95,2,0,business,0.0841,0.3825,Low
41,27674.27,5.9,33047.19,604,3405.86,14,0,home_improvement,0.1231,1.1941,Medium
33,59557.74,4.8,27959.19,723,3810.03,9,0,debt_consolidation,0.064,0.4694,Low
25,49252.68,1.9,10845.57,721,1821.07,9,0,other,0.037,0.2202,Low
26,53242.1,2.2,6751.93,582,3050.39,7,1,business,0.0573,0.1268,Low
50,43926.71,4.3,10484.67,458,1651.24,2,0,other,0.0376,0.2387,High
51,54524.83,6.4,14676.72,584,12264.12,6,0,home_improvement,0.2249,0.2692,Medium
37,67326.28,2.6,4596.21,631,2094.44,12,0,other,0.0311,0.0683,Low
31,55699.65,0.8,34634.07,555,8436.72,14,0,home_improvement,0.1515,0.6218,Medium
40,19703.62,3.1,14368.65,620,4677.57,8,0,home_improvement,0.2374,0.7292,Low
29,56279.34,16.5,11611.38,787,7449.41,7,0,medical,0.1324,0.2063,Medium
22,40379.05,1.2,4190.35,684,5116.61,5,0,debt_consolidation,0.1267,0.1038,Low
57,34403.13,5.2,13465.22,556,3331.11,13,0,education,0.0968,0.3914,Low
21,96238.67,20.2,14150.23,554,3493.17,4,0,medical,0.0363,0.147,Low
24,30752.99,2.4,8076.09,724,10601.43,6,1,medical,0.3447,0.2626,High
56,32537.88,10.9,15971.86,637,2677.06,8,0,debt_consolidation,0.0823,0.4909,Low
45,15983.39,10.0,12362.51,685,3896.8,11,0,medical,0.2438,0.7734,Medium
23,100735.89,2.1,5099.35,678,18867.1,5,0,education,0.1873,0.0506,Medium
29,76540.3,0.5,20132.44,645,3867.26,10,0,medical,0.0505,0.263,Low
42,41518.14,1.0,58832.21,841,4971.71,14,0,education,0.1197,1.417,Medium
43,66596.01,2.3,39111.34,615,1235.34,10,0,education,0.0185,0.5873,Medium
32,16110.25,16.0,17943.81,546,4017.87,1,0,business,0.2494,1.1137,High
30,62170.94,1.6,15777.2,663,4485.53,14,0,home_improvement,0.0721,0.2538,Low
54,31935.26,13.1,5407.77,648,3909.1,7,0,other,0.1224,0.1693,Low
63,113196.02,1.0,15536.7,678,7041.2,3,0,debt_consolidation,0.0622,0.1373,Low
30,58910.3,17.5,11202.08,614,4413.93,5,1,debt_consolidation,0.0749,0.1902,Low
50,52339.33,1.7,2911.48,617,2721.06,13,0,education,0.052,0.0556,Medium
42,32521.2,5.0,10657.57,753,3353.71,1,0,education,0.1031,0.3277,Low
26,32623.06,0.4,9464.05,726,6980.54,12,0,medical,0.214,0.2901,Medium
22,65925.25,1.8,5286.49,631,1728.05,5,0,business,0.0262,0.0802,Low
50,32369.31,1.2,12570.55,678,3984.82,1,1,debt_consolidation,0.1231,0.3883,Low
22,31739.23,0.0,5504.35,685,5307.27,0,0,medical,0.1672,0.1734,Low
52,99066.08,0.9,17032.8,645,14329.84,10,0,debt_consolidation,0.1446,0.1719,Low
62,56600.61,4.5,18675.17,545,16894.53,4,0,home_improvement,0.2985,0.3299,High
36,28336.49,2.5,3875.86,463,7265.69,3,0,business,0.2564,0.1368,High
32,64593.77,6.4,10434.15,705,4573.08,10,1,business,0.0708,0.1615,Low
21,42636.67,5.6,10086.2,619,12915.61,12,1,home_improvement,0.3029,0.2366,High
28,20273.88,8.0,11595.67,762,10718.52,14,1,home_improvement,0.5287,0.5719,Medium
33,38196.37,10.1,3063.66,539,6704.56,3,0,home_improvement,0.1755,0.0802,High
35,29019.1,8.6,16839.73,684,9438.25,0,0,other,0.3252,0.5803,Medium
64,55708.54,3.0,33232.69,556,3618.8,8,0,home_improvement,0.065,0.5965,Medium
28,35320.15,1.8,33184.63,665,1601.14,11,0,business,0.0453,0.9395,Medium
30,51300.26,3.5,23058.47,602,9575.35,13,0,business,0.1866,0.4495,Medium
25,68400.12,3.8,3991.15,495,4002.25,10,0,business,0.0585,0.0583,High
39,159608.6,1.9,9158.86,706,5107.64,7,0,business,0.032,0.0574,Low
58,131919.95,3.9,18072.5,684,5498.17,0,1,debt_consolidation,0.0417,0.137,Medium
31,54809.82,0.6,17614.39,690,10439.7,4,0,home_improvement,0.1905,0.3214,Low
63,47748.26,1.3,26816.27,752,2890.97,10,0,debt_consolidation,0.0605,0.5616,Low
40,36404.74,6.9,11413.05,712,1533.86,11,0,business,0.0421,0.3135,Low
40,21556.9,1.0,6425.14,619,5989.42,8,0,debt_consolidation,0.2778,0.298,Medium
41,15628.37,0.7,18364.89,813,12751.75,0,1,debt_consolidation,0.8159,1.175,Medium
38,32165.44,1.7,10037.88,697,1617.39,9,0,medical,0.0503,0.3121,Medium
30,111159.61,2.3,30848.32,570,5657.38,9,0,business,0.0509,0.2775,Medium
54,109266.9,2.0,19996.35,627,6166.39,2,0,business,0.0564,0.183,Low
46,50808.64,2.3,10704.53,599,20755.8,10,0,debt_consolidation,0.4085,0.2107,Medium
50,61858.7,0.8,14779.86,801,7509.76,11,0,home_improvement,0.1214,0.2389,Low
29,36229.95,0.9,26101.26,726,2043.6,11,1,business,0.0564,0.7204,High
51,48287.34,1.3,18364.07,672,6887.05,3,1,home_improvement,0.1426,0.3803,High
62,33253.43,2.6,14514.04,619,5458.45,1,0,business,0.1641,0.4365,Medium
24,33223.57,2.0,15540.22,809,6470.48,8,1,debt_consolidation,0.1947,0.4677,High
26,66587.29,7.8,11125.82,748,1286.51,0,1,debt_consolidation,0.0193,0.1671,Medium
34,36219.51,3.7,17110.04,614,1919.06,3,0,debt_consolidation,0.053,0.4724,Medium
24,62697.88,4.3,13542.46,658,2134.62,9,0,home_improvement,0.034,0.216,Medium
46,45542.64,4.1,7171.15,693,21367.96,11,0,other,0.4692,0.1575,Low
59,99601.86,2.5,17269.4,588,5108.12,12,0,business,0.0513,0.1734,Low
37,64612.98,19.7,18595.86,589,2339.92,2,0,debt_consolidation,0.0362,0.2878,Low
39,55390.49,0.2,24445.86,812,6022.59,9,0,education,0.1087,0.4413,Low
26,23976.71,1.2,5162.9,646,5842.06,8,0,debt_consolidation,0.2436,0.2153,Medium
49,38359.03,1.7,15686.02,624,6972.46,12,0,debt_consolidation,0.1818,0.4089,Medium
31,47803.68,10.7,10585.9,716,2042.7,10,0,debt_consolidation,0.0427,0.2214,High
36,50376.53,12.6,18828.69,566,5977.54,2,0,debt_consolidation,0.1187,0.3738,Medium
50,68296.54,9.4,6377.38,651,3532.96,6,0,home_improvement,0.0517,0.0934,Low
45,54339.68,2.7,29074.6,755,2742.01,10,0,education,0.0505,0.535,Low
60,29242.72,12.3,7014.63,526,13540.03,1,0,business,0.463,0.2399,Medium
31,65910.77,0.5,9866.8,597,14499.81,7,0,home_improvement,0.22,0.1497,Low
27,38924.01,5.3,68002.76,631,6096.48,1,0,other,0.1566,1.747,High
46,35462.61,13.8,14127.41,589,3216.17,9,1,debt_consolidation,0.0907,0.3984,High
42,28244.2,7.0,25705.77,743,5370.62,8,0,home_improvement,0.1901,0.9101,Low
45,41123.53,1.6,15501.32,749,301.68,8,0,education,0.0073,0.3769,Low
39,37100.84,6.3,28596.86,686,16325.97,8,0,home_improvement,0.44,0.7708,Medium
51,87585.49,1.7,21647.01,643,17458.96,12,0,home_improvement,0.1993,0.2472,Medium
46,42883.61,0.6,8274.53,777,16896.3,12,0,debt_consolidation,0.394,0.1929,Low
62,63964.32,6.3,4599.11,617,2493.31,5,0,debt_consolidation,0.039,0.0719,Low
61,19903.1,1.0,6211.75,661,4840.19,6,0,debt_consolidation,0.2432,0.3121,Low
56,71126.55,0.6,9866.64,669,13625.73,11,0,other,0.1916,0.1387,Low
43,67554.62,4.0,18748.2,613,1559.05,13,0,education,0.0231,0.2775,Low
33,23674.08,4.8,24364.45,634,5869.27,3,0,education,0.2479,1.0291,High
45,31700.21,0.3,12989.74,563,3388.32,10,0,debt_consolidation,0.1069,0.4098,High
22,35189.5,0.0,14758.51,742,884.73,10,0,home_improvement,0.0251,0.4194,Low
22,44296.12,10.7,3330.83,492,7538.71,1,0,education,0.1702,0.0752,Medium
36,34459.69,0.6,11266.88,655,5766.41,2,0,business,0.1673,0.3269,Medium
29,43369.83,4.4,12626.68,592,5280.97,2,0,business,0.1218,0.2911,Low
48,67967.28,15.3,17488.75,637,2001.58,12,0,medical,0.0294,0.2573,Medium
33,37083.08,3.6,10985.96,490,12413.0,0,0,home_improvement,0.3347,0.2962,Medium
55,56875.7,0.8,9892.19,737,6740.2,2,1,medical,0.1185,0.1739,Low
61,53517.78,2.5,41480.55,623,7018.41,14,0,home_improvement,0.1311,0.7751,Low
33,11172.8,4.9,5842.93,697,10528.19,3,0,business,0.9422,0.5229,High
51,32731.29,7.2,30330.35,652,7856.16,3,0,business,0.24,0.9266,Medium
41,80244.37,4.7,19421.45,634,2945.69,2,0,home_improvement,0.0367,0.242,Low
52,31339.45,0.2,12386.23,683,7374.76,9,0,debt_consolidation,0.2353,0.3952,Medium
54,28698.04,0.8,50084.33,555,5266.38,3,0,home_improvement,0.1835,1.7452,High
28,82285.21,2.3,12852.81,651,5192.14,10,0,debt_consolidation,0.0631,0.1562,Medium
61,52929.81,6.1,7989.28,536,7955.45,3,0,home_improvement,0.1503,0.1509,Low
22,101582.86,4.4,15190.41,568,2186.54,2,0,business,0.0215,0.1495,Medium
58,38855.32,0.2,22594.21,607,646.55,4,0,debt_consolidation,0.0166,0.5815,Medium
52,89417.09,8.0,18612.38,590,3747.54,11,0,education,0.0419,0.2082,High
60,31431.89,4.6,9661.19,665,1323.3,2,0,business,0.0421,0.3074,Medium
48,13572.12,10.9,19912.0,540,3611.81,14,0,other,0.2661,1.467,Medium
57,68640.4,2.7,4765.61,700,1275.82,7,0,debt_consolidation,0.0186,0.0694,Low
61,65291.44,3.4,30234.62,825,5209.45,12,0,debt_consolidation,0.0798,0.4631,Low
21,68626.96,2.6,21591.74,731,4498.95,10,0,business,0.0656,0.3146,Low
61,44211.09,6.4,3635.58,685,4612.6,2,0,home_improvement,0.1043,0.0822,Low
30,102076.26,7.0,8612.67,605,7739.66,9,0,home_improvement,0.0758,0.0844,Medium
24,75565.44,6.4,28219.53,664,12066.96,2,0,home_improvement,0.1597,0.3734,Low
55,74047.31,1.7,11636.14,695,3062.13,7,0,medical,0.0414,0.1571,Low
30,52095.15,5.1,13078.61,740,5847.59,11,0,debt_consolidation,0.1122,0.251,Medium
31,24996.74,2.1,31058.04,786,5897.81,0,0,medical,0.2359,1.2424,Low
34,50707.22,9.0,9359.45,601,1516.67,14,0,education,0.0299,0.1846,Medium
58,58672.61,0.3,3689.2,526,10051.59,14,0,education,0.1713,0.0629,High
32,135455.98,0.2,30617.72,689,2360.99,10,0,other,0.0174,0.226,Low
37,55995.24,0.5,10277.48,639,2687.14,3,0,business,0.048,0.1835,Low
36,29055.35,1.1,13148.97,571,3805.31,2,0,medical,0.131,0.4525,Low
55,61922.83,0.2,11887.86,602,2117.58,0,0,home_improvement,0.0342,0.192,Low
22,91928.01,0.4,9986.25,568,2494.01,0,0,education,0.0271,0.1086,Medium
31,115183.56,1.8,7959.47,664,7200.66,6,0,home_improvement,0.0625,0.0691,Low
61,46469.41,0.5,11992.11,808,1895.83,10,0,medical,0.0408,0.2581,Low
23,44364.99,8.1,7527.67,657,10259.81,3,0,debt_consolidation,0.2313,0.1697,Low
49,24205.2,0.3,30412.43,622,2296.77,4,1,medical,0.0949,1.2564,Medium
38,36254.83,11.9,27707.5,739,9207.86,1,1,debt_consolidation,0.254,0.7642,Medium
40,60864.62,10.2,18618.77,675,6892.1,14,0,debt_consolidation,0.1132,0.3059,Low
34,22881.16,1.2,18263.82,696,2111.81,2,0,education,0.0923,0.7982,Low
54,136458.54,0.4,4819.01,806,2271.06,11,0,debt_consolidation,0.0166,0.0353,Low
51,41013.9,0.6,26334.3,507,7734.44,0,0,home_improvement,0.1886,0.6421,High
60,52061.44,4.1,10203.77,542,11320.83,14,0,home_improvement,0.2174,0.196,Medium
62,58166.85,4.6,30035.83,627,5045.85,3,0,home_improvement,0.0867,0.5164,Low
38,86212.67,1.9,36991.66,759,12146.0,10,0,other,0.1409,0.4291,Low
50,56013.94,1.8,11556.36,633,12717.39,7,0,business,0.227,0.2063,Low
45,28737.2,3.8,3478.88,714,2437.19,11,0,education,0.0848,0.1211,Low
39,60530.49,1.8,15349.17,543,13981.51,11,0,medical,0.231,0.2536,Low
28,86122.18,13.6,6672.31,715,8370.43,10,1,business,0.0972,0.0775,High
48,31340.05,2.4,9323.4,658,2513.57,10,0,education,0.0802,0.2975,High
28,73131.63,1.2,11771.43,591,3066.72,12,0,home_improvement,0.0419,0.161,Low
51,55665.99,0.8,23588.98,755,12145.51,2,0,other,0.2182,0.4238,Low
23,51409.32,5.0,17499.09,718,16367.34,13,0,education,0.3184,0.3404,Medium
23,35596.62,2.0,33638.45,660,4264.37,0,0,other,0.1198,0.945,Medium
64,43865.25,1.0,8295.04,638,32379.34,3,0,debt_consolidation,0.7381,0.1891,Medium
42,61040.12,1.6,26270.03,527,16984.36,8,0,debt_consolidation,0.2782,0.4304,High
37,39652.6,1.8,21267.73,617,8614.21,13,0,business,0.2172,0.5363,Low
56,30042.17,4.9,20011.86,537,7891.33,9,0,education,0.2627,0.6661,Low
37,29434.86,1.0,26028.54,654,8006.04,7,1,medical,0.272,0.8842,High
34,56413.29,6.6,21970.79,679,1443.78,14,1,medical,0.0256,0.3895,High
29,62607.19,1.8,5063.61,696,3088.42,9,0,debt_consolidation,0.0493,0.0809,Low
50,47389.45,3.4,9447.1,656,4806.16,2,0,education,0.1014,0.1993,Medium
41,121486.85,5.3,23975.87,778,3708.04,3,0,debt_consolidation,0.0305,0.1974,Low
32,20945.16,3.9,17858.58,537,8341.1,14,0,business,0.3982,0.8526,High
57,59269.68,5.4,24924.72,652,5720.55,10,0,debt_consolidation,0.0965,0.4205,Medium
52,19528.55,1.9,15100.51,750,7944.47,4,1,debt_consolidation,0.4068,0.7732,High
31,46541.38,16.5,9714.8,700,4265.66,14,0,debt_consolidation,0.0917,0.2087,Low
40,55549.11,3.1,8165.31,605,14407.04,6,0,home_improvement,0.2594,0.147,High
55,44879.72,1.9,4974.87,708,5953.06,0,0,home_improvement,0.1326,0.1108,Low
31,18470.51,1.8,18332.64,611,4188.59,2,0,other,0.2268,0.9925,Medium
28,46743.96,0.2,5608.5,656,8603.95,12,0,education,0.1841,0.12,Low
24,49092.47,5.8,13364.47,703,9152.29,0,0,debt_consolidation,0.1864,0.2722,Medium
47,76783.21,1.5,12469.5,533,5373.9,2,0,home_improvement,0.07,0.1624,Medium
64,24016.29,16.0,26073.03,732,1502.8,10,0,debt_consolidation,0.0626,1.0856,Low
60,100758.47,1.2,52897.83,718,10928.95,10,0,education,0.1085,0.525,Low
58,13920.13,3.8,10587.64,507,1398.41,12,0,other,0.1005,0.7605,High
50,25642.36,6.6,18306.02,379,1723.82,5,0,home_improvement,0.0672,0.7139,High
64,53533.82,10.2,13345.17,483,5460.57,8,0,other,0.102,0.2493,Low
47,57258.35,0.9,7805.91,654,3544.0,5,0,debt_consolidation,0.0619,0.1363,Low
41,104399.24,21.1,27146.44,797,5364.75,7,0,business,0.0514,0.26,Low
40,53993.97,11.9,16982.42,718,16276.36,13,0,business,0.3014,0.3145,Medium
24,46594.17,16.5,19026.68,742,7070.32,3,0,education,0.1517,0.4083,Low
31,61219.34,9.6,22891.47,721,2783.5,14,0,debt_consolidation,0.0455,0.3739,Low
33,15204.81,10.5,22990.95,683,10086.86,4,0,debt_consolidation,0.6634,1.512,High
29,29618.87,4.6,12102.74,475,1666.12,12,1,home_improvement,0.0563,0.4086,Medium
24,27237.02,9.3,25091.7,746,3070.33,7,0,business,0.1127,0.9212,Low
32,78902.52,3.8,12119.0,604,4891.81,12,0,debt_consolidation,0.062,0.1536,Low
29,93901.69,3.9,6486.41,562,3167.81,0,1,other,0.0337,0.0691,Medium
33,124552.53,4.1,18016.6,620,8795.55,7,1,home_improvement,0.0706,0.1446,Medium
46,65171.42,28.0,30128.69,718,5220.15,13,0,business,0.0801,0.4623,Low
58,76573.42,0.6,8945.47,653,6409.93,14,0,home_improvement,0.0837,0.1168,Medium
62,51378.2,8.2,5173.6,662,5594.71,1,0,home_improvement,0.1089,0.1007,Low
33,38190.64,1.6,14412.36,648,10686.81,5,0,home_improvement,0.2798,0.3774,Medium
59,28572.38,2.2,7128.76,759,2292.64,3,0,debt_consolidation,0.0802,0.2495,Low
48,27320.55,0.4,9502.15,512,1360.38,11,0,debt_consolidation,0.0498,0.3478,High
39,24696.12,2.2,14139.07,650,9148.25,11,0,home_improvement,0.3704,0.5725,Medium
44,70654.32,23.4,2259.09,701,2848.59,9,1,education,0.0403,0.032,Medium
39,39936.03,2.5,10155.48,668,2312.43,12,1,home_improvement,0.0579,0.2543,Low
33,34140.14,5.5,10612.16,762,5662.32,9,0,debt_consolidation,0.1659,0.3108,Low
33,17790.48,0.6,40521.34,667,6069.18,3,1,business,0.3411,2.2776,High
48,31051.85,12.8,12163.41,621,12172.29,4,0,business,0.392,0.3917,High
22,42465.5,8.8,48013.64,598,5488.18,0,0,debt_consolidation,0.1292,1.1306,Low
30,22738.06,2.4,28038.08,521,5171.44,3,0,home_improvement,0.2274,1.233,Medium
42,185349.4,2.1,17482.25,599,2934.56,7,0,education,0.0158,0.0943,Medium
33,25080.0,2.8,16558.69,552,16822.1,12,0,debt_consolidation,0.6707,0.6602,High
29,87229.13,2.6,16237.2,641,12437.9,8,0,debt_consolidation,0.1426,0.1861,Low
53,46153.98,1.5,14490.32,498,1235.09,1,0,education,0.0268,0.3139,Low
34,36929.52,23.5,5495.04,657,15442.48,5,1,business,0.4181,0.1488,Medium
40,43273.02,8.3,16459.65,616,3129.94,4,0,business,0.0723,0.3804,Low
35,49366.65,1.6,14146.83,746,11794.5,7,1,home_improvement,0.2389,0.2866,Low
52,54899.42,20.0,15153.88,696,6841.81,7,0,debt_consolidation,0.1246,0.276,Low
53,30002.49,0.1,37991.81,744,10861.67,14,0,debt_consolidation,0.362,1.2662,High
37,64838.86,2.9,11796.15,655,10260.17,12,0,home_improvement,0.1582,0.1819,Low
44,42631.4,4.2,7051.09,725,7157.61,7,0,debt_consolidation,0.1679,0.1654,Medium
50,25194.19,0.2,9543.26,654,8740.96,9,0,business,0.3469,0.3788,High
33,39580.18,0.9,22053.17,582,2547.43,0,0,education,0.0644,0.5572,Medium
36,99692.46,1.5,15845.71,610,61365.66,13,0,business,0.6155,0.1589,High
22,54705.27,6.4,13734.0,695,2820.59,9,1,education,0.0516,0.251,Low
37,49132.9,14.0,5860.04,689,6846.19,3,0,other,0.1393,0.1193,Low
52,40180.89,4.9,27411.9,669,5324.42,10,0,other,0.1325,0.6822,Low
63,41791.45,4.1,9255.7,656,6808.42,1,0,debt_consolidation,0.1629,0.2215,Medium
28,54723.71,3.8,16585.83,669,2134.79,3,0,debt_consolidation,0.039,0.3031,Low
23,42927.13,2.2,12578.86,582,5016.67,12,0,education,0.1169,0.293,High
32,61516.21,8.8,5151.24,662,2572.25,5,0,other,0.0418,0.0837,Low
40,57620.23,3.9,16684.47,624,1300.22,3,0,home_improvement,0.0226,0.2896,Low
36,26997.89,1.3,6509.85,636,3488.95,4,0,debt_consolidation,0.1292,0.2411,Low
34,63827.31,0.7,16348.19,496,20729.64,2,0,education,0.3248,0.2561,High
36,30415.34,21.2,9756.13,682,3192.06,10,1,home_improvement,0.1049,0.3208,Medium
63,29796.24,0.1,11906.32,542,6991.34,1,1,debt_consolidation,0.2346,0.3996,High
53,48405.37,13.5,20449.94,544,7493.53,6,0,education,0.1548,0.4225,Low
50,55776.3,1.2,6265.94,682,10039.12,5,0,home_improvement,0.18,0.1123,High
32,66666.84,5.4,85745.5,517,5725.51,2,0,business,0.0859,1.2862,High
35,16677.78,1.8,8043.78,712,9822.34,13,0,education,0.5889,0.4823,Medium
38,72738.33,9.8,20310.0,588,7308.57,9,0,medical,0.1005,0.2792,High
48,60254.41,3.9,22949.92,695,17665.59,8,0,business,0.2932,0.3809,Medium
43,34096.47,0.8,33404.95,543,2549.55,5,0,other,0.0748,0.9797,High
34,43557.49,1.6,8945.29,608,10831.25,4,0,home_improvement,0.2487,0.2054,Low
50,54124.9,1.9,8528.12,711,6544.95,7,0,business,0.1209,0.1576,Low
53,8562.18,10.9,25802.01,631,3287.89,1,0,home_improvement,0.384,3.0131,High
35,26225.5,7.3,18521.8,575,4853.66,5,0,debt_consolidation,0.1851,0.7062,Medium
27,87608.88,8.8,18770.65,686,20438.42,5,0,business,0.2333,0.2143,Low
35,36272.31,0.3,30900.82,447,4673.96,6,0,debt_consolidation,0.1289,0.8519,Medium
62,46959.43,4.3,14147.64,740,10477.48,2,0,education,0.2231,0.3013,Medium
58,46243.48,35.5,14891.07,560,6193.07,5,0,business,0.1339,0.322,Medium
64,70075.35,7.7,29660.37,770,14776.78,2,0,debt_consolidation,0.2109,0.4233,Low
31,40001.77,0.6,14849.55,708,4430.83,13,0,business,0.1108,0.3712,Low
49,41727.69,5.7,7269.64,626,11456.08,12,0,other,0.2745,0.1742,Medium
51,53921.72,6.8,7792.45,684,3859.97,7,0,medical,0.0716,0.1445,Low
45,74856.28,3.6,11378.89,504,6011.33,4,0,home_improvement,0.0803,0.152,High
44,87688.22,0.4,16544.31,587,1933.73,5,0,education,0.0221,0.1887,Low
39,41794.24,0.2,23742.01,610,2287.83,8,0,debt_consolidation,0.0547,0.5681,High
22,38351.64,13.9,56305.61,678,5109.33,8,0,debt_consolidation,0.1332,1.4681,Medium
42,45563.88,1.5,11523.58,647,4557.82,10,0,medical,0.1,0.2529,Medium
40,95561.15,2.4,5763.43,626,1362.07,4,0,home_improvement,0.0143,0.0603,Low
53,72340.96,7.9,5131.15,612,6067.01,9,0,debt_consolidation,0.0839,0.0709,Low
28,38565.7,5.8,11747.71,635,5661.56,6,1,home_improvement,0.1468,0.3046,High
45,21872.31,17.3,13281.07,648,2389.75,5,0,other,0.1093,0.6072,Low
29,85262.02,0.5,19316.88,707,11169.21,13,0,medical,0.131,0.2266,Low
54,90185.6,6.1,58012.09,680,5158.59,9,1,education,0.0572,0.6432,High
43,28128.58,0.4,19356.49,685,2292.41,12,0,debt_consolidation,0.0815,0.6881,Low
25,39237.92,0.0,14068.98,772,9225.0,3,0,education,0.2351,0.3585,Low
45,75982.7,0.6,24365.11,689,1045.59,0,0,medical,0.0138,0.3207,Low
28,59450.52,4.8,5166.48,659,1324.34,14,0,other,0.0223,0.0869,High
36,18085.1,5.6,15518.72,709,1623.26,3,0,home_improvement,0.0898,0.858,Medium
35,27888.85,2.9,5032.43,637,6040.61,1,0,debt_consolidation,0.2166,0.1804,Medium
21,65565.9,0.2,31089.68,650,8161.7,12,0,other,0.1245,0.4742,Medium
42,55525.86,5.0,5941.82,756,2511.05,7,0,medical,0.0452,0.107,Low
23,68391.6,0.4,24266.72,664,6708.57,1,0,home_improvement,0.0981,0.3548,Medium
58,72423.32,0.8,21750.16,706,14854.67,8,0,business,0.2051,0.3003,Low
34,55318.01,3.6,32346.44,750,3088.88,9,0,home_improvement,0.0558,0.5847,Low
56,60487.33,2.1,7688.35,794,1616.76,13,0,home_improvement,0.0267,0.1271,Low
38,36871.95,3.1,12900.8,507,32142.07,5,1,home_improvement,0.8717,0.3499,High
61,51902.51,5.0,24094.0,517,5875.66,4,0,debt_consolidation,0.1132,0.4642,Medium
38,57338.78,0.9,16455.33,560,1885.94,12,0,other,0.0329,0.287,Low
23,115033.47,11.2,17935.57,511,3264.02,12,0,debt_consolidation,0.0284,0.1559,Medium
30,32458.16,4.1,20798.76,850,659.08,8,0,debt_consolidation,0.0203,0.6408,Medium
59,70398.21,0.1,10944.98,741,2103.1,14,0,home_improvement,0.0299,0.1555,Low
21,46268.76,5.0,7497.08,607,5481.23,1,0,debt_consolidation,0.1185,0.162,Low
47,71135.77,3.1,8313.05,660,6143.64,0,0,home_improvement,0.0864,0.1169,Low
47,46157.57,6.0,12662.84,585,1235.53,8,0,business,0.0268,0.2743,Low
31,88318.3,7.7,8541.06,552,7005.12,9,0,debt_consolidation,0.0793,0.0967,Low
25,33817.3,14.0,11255.47,472,3569.54,3,0,debt_consolidation,0.1056,0.3328,Medium
27,52633.49,32.0,13171.65,507,6468.68,1,0,home_improvement,0.1229,0.2502,Medium
39,61064.47,4.0,33228.29,713,15405.18,5,0,education,0.2523,0.5441,Medium
49,34868.5,4.1,6914.11,605,9166.41,0,0,debt_consolidation,0.2629,0.1983,Low
35,57086.5,0.1,8474.45,575,4878.72,10,0,business,0.0855,0.1484,Medium
55,81101.83,10.0,13023.96,798,3696.63,3,0,home_improvement,0.0456,0.1606,Low
57,47402.99,0.1,7200.14,682,2357.59,14,0,home_improvement,0.0497,0.1519,Low
32,71342.15,5.0,2152.33,749,1682.97,11,0,education,0.0236,0.0302,Low
50,34991.13,0.5,9233.47,595,2480.42,10,1,business,0.0709,0.2639,Medium
40,28332.84,1.7,11417.69,739,9112.65,14,0,home_improvement,0.3216,0.403,High
57,69406.64,0.8,14901.44,696,3989.01,3,0,debt_consolidation,0.0575,0.2147,High
23,37064.22,0.7,7471.47,538,1259.11,9,1,business,0.034,0.2016,High
29,21197.54,0.4,36451.93,650,3022.8,10,0,debt_consolidation,0.1426,1.7195,High
61,33519.25,1.9,21290.61,494,12866.96,6,0,home_improvement,0.3839,0.6352,High
59,96161.98,2.8,6871.96,630,3731.68,2,0,debt_consolidation,0.0388,0.0715,Low
46,83294.13,3.1,9257.43,588,1545.74,10,0,home_improvement,0.0186,0.1111,Medium
22,27995.24,2.9,8847.31,683,6311.06,7,0,business,0.2254,0.316,Low
43,23603.67,3.7,7019.84,621,5616.21,1,0,education,0.2379,0.2974,High
43,39949.93,9.8,26597.4,749,2867.62,3,1,debt_consolidation,0.0718,0.6658,High
41,82473.28,5.0,7044.54,629,6355.89,7,0,business,0.0771,0.0854,Low
36,44450.58,0.1,14227.56,664,6187.61,3,0,debt_consolidation,0.1392,0.3201,Medium
29,44636.05,0.9,9786.18,682,5135.46,13,1,home_improvement,0.115,0.2192,Medium
33,36059.79,2.1,11853.32,622,14128.59,4,0,other,0.3918,0.3287,Medium
48,42797.7,14.9,24772.58,750,6064.88,9,0,debt_consolidation,0.1417,0.5788,Low
47,74884.64,0.4,16164.13,721,4656.01,14,0,other,0.0622,0.2159,Low
37,51155.68,6.2,16615.94,680,5458.21,7,0,business,0.1067,0.3248,Low
58,44314.56,0.2,16149.04,609,5859.26,7,0,business,0.1322,0.3644,Medium
56,67869.69,2.3,17855.68,558,6843.33,11,0,debt_consolidation,0.1008,0.2631,Low
21,50807.37,7.4,7122.98,651,4680.26,4,0,debt_consolidation,0.0921,0.1402,Low
38,78835.28,2.1,8881.65,640,16081.57,12,0,other,0.204,0.1127,High
29,34891.33,2.8,16685.38,582,2185.81,5,0,debt_consolidation,0.0626,0.4782,Medium
33,56164.21,11.8,8658.18,626,9576.07,8,0,debt_consolidation,0.1705,0.1542,Low
60,76403.65,0.3,10816.99,553,3265.84,1,1,education,0.0427,0.1416,Medium
35,106583.63,3.8,15749.18,779,5030.09,12,0,education,0.0472,0.1478,Low
63,28372.47,2.3,25910.6,729,12280.71,2,0,home_improvement,0.4328,0.9132,Medium
64,44942.49,16.6,22306.26,548,8093.28,10,0,other,0.1801,0.4963,Medium
24,25388.08,7.9,34865.24,671,5266.58,14,0,other,0.2074,1.3732,Medium
53,30184.98,0.7,14588.19,490,4566.99,8,0,medical,0.1513,0.4833,High
44,49476.75,13.1,14340.5,625,1962.74,13,0,debt_consolidation,0.0397,0.2898,Low
56,17792.2,1.2,8982.3,633,14372.85,12,1,home_improvement,0.8078,0.5048,Medium
61,60455.88,0.4,18634.56,588,5412.07,2,0,debt_consolidation,0.0895,0.3082,High
30,64769.22,3.9,28362.91,582,7328.62,4,0,debt_consolidation,0.1131,0.4379,Medium
56,47183.22,6.7,9533.43,669,14581.43,2,1,medical,0.309,0.202,Medium
40,32202.58,6.3,17458.14,612,3850.38,14,0,other,0.1196,0.5421,High
61,43392.49,3.8,26142.98,698,2005.8,9,0,debt_consolidation,0.0462,0.6025,Low
64,141253.85,3.4,8097.69,757,2820.79,3,1,debt_consolidation,0.02,0.0573,Medium
31,37790.48,17.5,18571.53,677,1972.6,2,0,debt_consolidation,0.0522,0.4914,Low
32,33059.63,8.6,19216.54,758,19264.46,9,0,debt_consolidation,0.5827,0.5813,High
38,15427.9,6.0,3510.66,589,3393.67,3,0,home_improvement,0.22,0.2275,Low
50,82614.56,1.1,9687.91,650,1087.83,0,0,home_improvement,0.0132,0.1173,Low
64,26367.72,8.6,6841.2,738,1596.82,11,0,home_improvement,0.0606,0.2594,Low
57,51231.47,6.9,9827.08,633,25960.63,7,0,education,0.5067,0.1918,Low
40,140552.94,24.2,10404.39,673,6159.38,9,0,debt_consolidation,0.0438,0.074,Low
45,58962.57,0.7,13063.6,569,10053.16,13,0,medical,0.1705,0.2216,Medium
32,58635.42,6.3,23016.88,784,1759.38,10,1,medical,0.03,0.3925,Medium
41,41652.01,19.3,27772.72,589,11609.96,6,0,debt_consolidation,0.2787,0.6668,Medium
45,57348.7,3.1,14837.48,665,1771.16,5,0,business,0.0309,0.2587,Low
31,50911.23,6.6,29107.56,594,4043.06,6,0,education,0.0794,0.5717,Medium
29,64226.05,18.5,21986.68,551,6221.45,7,0,debt_consolidation,0.0969,0.3423,Low
45,14643.42,4.0,12692.0,684,4992.63,0,0,home_improvement,0.3409,0.8667,High
55,59263.69,6.0,32195.73,789,5737.57,12,0,education,0.0968,0.5433,Low
52,60884.53,0.1,13907.4,588,2625.47,6,0,education,0.0431,0.2284,Medium
34,175197.57,3.7,15500.11,566,4128.68,13,1,medical,0.0236,0.0885,Low
21,48915.96,1.5,7474.13,603,2067.19,8,0,debt_consolidation,0.0423,0.1528,High
37,54765.78,0.7,16580.49,621,15031.12,3,1,home_improvement,0.2745,0.3027,High
45,59764.37,6.2,17207.98,682,4470.48,1,0,education,0.0748,0.2879,Low
28,60612.32,0.2,22464.79,497,2119.56,0,0,debt_consolidation,0.035,0.3706,Medium
25,26454.7,11.8,11671.19,740,20241.29,7,0,business,0.7651,0.4412,High
25,73806.22,3.6,8632.66,760,3364.6,8,0,debt_consolidation,0.0456,0.117,Low
61,30986.48,5.2,17078.07,680,9010.58,10,0,debt_consolidation,0.2908,0.5511,Low
55,60073.59,1.5,20820.17,562,3263.85,11,0,debt_consolidation,0.0543,0.3466,Medium
39,31902.53,1.0,10911.52,737,5242.69,2,0,debt_consolidation,0.1643,0.342,Medium
43,43860.74,1.4,8068.96,612,8474.13,7,0,debt_consolidation,0.1932,0.184,Medium
29,38746.13,1.3,10432.25,664,4141.41,13,0,medical,0.1069,0.2692,Medium
50,43282.56,10.0,34632.12,646,7471.57,14,0,debt_consolidation,0.1726,0.8001,High
36,47027.41,7.7,7448.45,554,12312.24,14,0,education,0.2618,0.1584,Low
53,59051.01,9.6,7329.03,806,2319.03,7,0,debt_consolidation,0.0393,0.1241,Low
22,46719.36,6.6,40988.37,545,1254.14,10,0,home_improvement,0.0268,0.8773,Medium
34,75906.59,5.2,12161.14,651,3500.05,11,0,business,0.0461,0.1602,Low
21,37542.1,3.8,6414.0,662,10064.58,0,0,debt_consolidation,0.2681,0.1708,Low
46,60770.26,1.5,5720.24,655,3259.95,7,0,debt_consolidation,0.0536,0.0941,Low
45,32330.16,6.1,18851.4,670,12491.92,1,0,other,0.3864,0.5831,Medium
36,119528.5,0.7,16336.24,651,7867.28,1,0,medical,0.0658,0.1367,Medium
35,60899.63,3.6,18943.44,681,8293.09,11,1,education,0.1362,0.3111,High
46,34593.25,1.1,7967.78,570,4429.34,3,0,business,0.128,0.2303,Low
64,116688.39,3.5,6551.65,556,2949.25,9,0,business,0.0253,0.0561,Low
36,63528.82,1.7,18459.78,739,4180.22,6,0,medical,0.0658,0.2906,Low
34,34655.35,0.3,7133.19,688,4978.29,1,0,home_improvement,0.1436,0.2058,Medium
49,45907.12,3.5,12100.89,637,4876.05,13,0,debt_consolidation,0.1062,0.2636,Medium
44,27750.64,1.0,7854.6,755,5318.97,4,0,medical,0.1917,0.283,Low
35,27746.5,0.9,35914.13,692,3821.94,3,0,debt_consolidation,0.1377,1.2943,Medium
39,89698.28,2.4,23235.08,708,3602.7,5,0,other,0.0402,0.259,Low
28,31280.88,2.2,64921.59,769,12010.8,2,0,education,0.384,2.0754,High
54,25114.86,10.1,19598.81,661,2340.97,8,0,home_improvement,0.0932,0.7803,Low
22,67364.31,4.2,16121.78,620,4200.0,0,0,business,0.0623,0.2393,Medium
47,112405.01,9.6,20087.49,616,16705.25,12,0,business,0.1486,0.1787,Low
30,87434.3,0.8,5198.27,482,4404.33,7,0,home_improvement,0.0504,0.0595,Medium
55,154131.84,2.2,4583.89,567,9902.79,5,0,debt_consolidation,0.0642,0.0297,Medium
43,164521.22,4.1,20473.02,710,3203.09,3,0,medical,0.0195,0.1244,Low
28,31251.05,0.8,9428.09,584,2182.09,8,0,business,0.0698,0.3017,Medium
48,41952.68,0.7,13355.53,617,20676.98,0,0,education,0.4929,0.3183,High
43,22352.48,5.4,5027.56,708,2198.16,8,0,debt_consolidation,0.0983,0.2249,Low
24,27406.88,5.3,9787.02,661,4962.31,1,0,debt_consolidation,0.1811,0.3571,Low
34,83802.04,1.3,10755.67,665,16969.71,12,0,medical,0.2025,0.1283,High
62,56298.85,1.3,23269.98,758,1965.7,5,0,business,0.0349,0.4133,Medium
49,101542.81,6.8,14469.86,710,8264.86,10,0,home_improvement,0.0814,0.1425,Low
21,31801.92,0.6,5836.96,484,7497.21,7,0,debt_consolidation,0.2357,0.1835,High
24,37259.23,12.8,9775.31,779,4950.5,1,0,home_improvement,0.1329,0.2624,Medium
52,65959.05,14.4,25992.31,625,20558.57,11,0,education,0.3117,0.3941,Medium
53,83143.4,10.2,10189.77,701,6100.39,14,1,debt_consolidation,0.0734,0.1226,Medium
46,21644.95,1.2,22932.31,666,5407.6,14,0,debt_consolidation,0.2498,1.0594,High
37,43467.14,0.1,9622.64,584,2514.63,14,0,business,0.0578,0.2214,High
59,59854.39,13.8,16332.71,684,4694.88,4,1,home_improvement,0.0784,0.2729,Low
43,72510.92,2.1,13839.05,602,8015.12,9,1,other,0.1105,0.1909,Medium
52,80045.46,1.9,12519.5,620,9721.85,9,0,business,0.1215,0.1564,High
35,47226.98,1.5,6080.62,708,8738.96,12,0,home_improvement,0.185,0.1288,Low
33,26430.21,1.4,5074.2,590,1307.15,13,0,home_improvement,0.0495,0.192,Medium
22,18718.49,6.6,15459.72,492,4764.68,3,0,debt_consolidation,0.2545,0.8259,Medium
39,44751.06,11.9,13660.11,581,2613.02,4,0,home_improvement,0.0584,0.3052,Low
44,42428.92,7.7,9703.63,751,1528.55,12,0,debt_consolidation,0.036,0.2287,Low
44,32925.19,5.6,7904.74,727,3062.07,11,0,home_improvement,0.093,0.2401,Low
31,76614.93,1.7,29825.32,690,3480.66,9,0,debt_consolidation,0.0454,0.3893,Medium
42,27617.54,4.0,24203.84,680,2288.39,3,0,education,0.0829,0.8764,High
35,35207.19,1.4,20903.77,810,5006.72,14,0,education,0.1422,0.5937,Low
30,87851.23,0.6,35148.15,751,8867.62,2,0,medical,0.1009,0.4001,Low
61,33273.58,0.6,6910.52,589,7264.67,3,1,other,0.2183,0.2077,Medium
47,57617.43,4.6,15762.39,687,3469.68,10,0,education,0.0602,0.2736,Low
29,48786.26,0.2,5803.44,700,9557.36,4,0,debt_consolidation,0.1959,0.119,Low
48,55359.31,18.1,10493.57,593,2961.43,14,0,business,0.0535,0.1896,Low
21,76173.77,27.0,11091.79,683,17365.35,0,0,other,0.228,0.1456,Medium
37,57678.83,0.8,8885.87,587,5799.57,12,0,debt_consolidation,0.1005,0.1541,Medium
51,24507.38,2.8,13043.56,645,9825.2,10,0,home_improvement,0.4009,0.5322,Medium
64,26670.22,7.3,48559.44,635,3388.28,3,1,education,0.127,1.8207,High
30,56806.82,15.5,15629.72,751,4065.17,10,0,education,0.0716,0.2751,Low
57,30954.47,11.1,24053.17,729,5325.78,8,1,other,0.172,0.777,Medium
49,79034.72,1.5,14213.62,577,4474.96,7,0,debt_consolidation,0.0566,0.1798,Low
38,57215.06,0.4,4890.98,813,3605.08,4,0,medical,0.063,0.0855,Low
58,20787.64,1.7,9150.63,703,1710.08,2,0,debt_consolidation,0.0823,0.4402,Low
59,126063.55,2.9,9691.1,536,3041.42,1,0,debt_consolidation,0.0241,0.0769,High
26,40818.04,2.2,13023.61,574,2030.32,7,0,other,0.0497,0.3191,Medium
60,44150.36,7.4,19200.58,546,1253.2,12,0,medical,0.0284,0.4349,Medium
32,60552.91,1.5,22401.68,612,5748.58,7,0,debt_consolidation,0.0949,0.3699,Medium
34,46942.64,9.8,16470.01,789,2662.85,4,0,debt_consolidation,0.0567,0.3508,Low
64,79286.24,1.3,25242.69,646,13117.9,10,0,home_improvement,0.1654,0.3184,Medium
30,29466.12,2.2,9031.94,673,2771.89,10,1,home_improvement,0.0941,0.3065,High
40,86988.82,3.0,18711.22,807,2445.86,6,0,home_improvement,0.0281,0.2151,Low
35,68906.01,1.7,18039.09,578,11210.16,0,0,business,0.1627,0.2618,High
51,33282.96,7.3,22938.53,677,7806.32,14,0,debt_consolidation,0.2345,0.6892,Medium
27,55593.96,2.6,8605.75,738,10796.31,5,0,other,0.1942,0.1548,Low
61,89867.45,10.9,40326.74,579,4006.8,9,1,other,0.0446,0.4487,Medium
30,63626.08,16.6,8327.75,717,1337.6,10,1,home_improvement,0.021,0.1309,Low
30,52769.98,9.8,10115.77,670,8051.68,8,0,home_improvement,0.1526,0.1917,Medium
59,66918.11,3.7,20902.16,541,10112.49,10,0,home_improvement,0.1511,0.3123,Medium
48,69795.21,3.6,5208.72,722,3890.45,6,0,education,0.0557,0.0746,Low
50,38067.43,1.2,7628.99,677,17678.51,4,1,education,0.4644,0.2004,Medium
57,53017.56,4.5,14071.45,658,7572.08,5,0,business,0.1428,0.2654,Medium
23,74931.77,15.3,4473.88,679,4967.56,13,0,other,0.0663,0.0597,Low
63,52389.55,0.4,8281.51,779,7945.27,12,0,home_improvement,0.1517,0.1581,Low
35,34243.55,7.0,14084.43,652,2433.5,14,0,debt_consolidation,0.0711,0.4113,Low
41,56390.76,10.2,8155.31,586,5411.33,6,1,education,0.096,0.1446,Medium
57,40326.65,21.6,38916.8,547,1689.47,12,0,debt_consolidation,0.0419,0.965,Medium
32,65585.58,2.0,20642.26,589,5641.9,5,0,business,0.086,0.3147,Medium
24,100052.43,2.2,17512.64,577,5676.92,4,0,home_improvement,0.0567,0.175,Low
29,68773.82,1.3,14533.36,597,5813.57,11,0,debt_consolidation,0.0845,0.2113,High
59,32473.0,7.8,21164.23,636,4348.09,12,0,home_improvement,0.1339,0.6517,Low
62,57002.11,0.8,13831.3,711,2277.3,1,1,debt_consolidation,0.04,0.2426,High
48,13495.74,1.6,7370.72,574,25072.6,12,0,business,1.8577,0.5461,Medium
43,46638.35,1.7,16400.7,579,2291.63,11,0,debt_consolidation,0.0491,0.3516,High
60,78440.7,2.3,8695.94,636,1972.82,10,0,medical,0.0252,0.1109,Medium
64,59940.09,2.7,17274.88,649,4552.61,2,0,business,0.076,0.2882,Medium
42,51794.26,4.1,15950.33,713,4433.76,3,0,medical,0.0856,0.3079,Low
44,142188.19,14.8,9147.24,668,5763.61,4,0,debt_consolidation,0.0405,0.0643,Low
46,20901.73,1.4,45939.41,686,8817.64,0,0,home_improvement,0.4218,2.1978,High
50,23379.15,7.6,28702.85,662,2259.85,9,0,education,0.0967,1.2277,High
53,62382.91,5.6,12926.56,539,14059.96,12,0,debt_consolidation,0.2254,0.2072,Medium
36,76806.63,0.6,18114.29,524,3776.74,11,1,debt_consolidation,0.0492,0.2358,Medium
42,78387.86,8.3,16325.0,477,1408.43,6,0,other,0.018,0.2083,Low
63,36813.21,0.5,9656.9,553,7046.48,13,0,education,0.1914,0.2623,Medium
38,32142.64,6.7,18820.6,624,4319.67,7,0,education,0.1344,0.5855,Medium
27,29860.66,6.3,11872.83,671,5546.4,12,0,other,0.1857,0.3976,Medium
46,57591.3,5.8,5755.11,455,9805.1,11,0,business,0.1703,0.0999,Medium
28,29983.31,1.6,9829.62,583,13570.82,6,0,business,0.4526,0.3278,High
26,85588.78,4.3,9865.21,605,2402.78,4,1,debt_consolidation,0.0281,0.1153,Medium
50,48487.36,7.2,4184.55,606,770.13,0,0,home_improvement,0.0159,0.0863,Medium
59,34480.08,5.1,29762.31,607,3690.25,13,0,debt_consolidation,0.107,0.8631,Low
43,34550.31,8.2,9745.18,536,3065.18,8,0,debt_consolidation,0.0887,0.282,Medium
52,22789.3,5.8,10652.09,629,4071.04,1,0,debt_consolidation,0.1786,0.4674,High
42,32955.48,1.6,51561.51,575,1407.08,9,0,home_improvement,0.0427,1.5645,High
62,37182.99,0.8,7444.25,749,3554.65,11,1,business,0.0956,0.2002,Medium
63,60116.53,5.0,12623.75,738,2658.18,0,0,business,0.0442,0.21,Low
29,46648.7,7.1,5148.07,580,2155.46,1,0,medical,0.0462,0.1104,Low
51,31892.86,0.8,9099.1,590,1253.69,3,1,home_improvement,0.0393,0.2853,Medium
27,26565.84,1.0,9771.5,790,3446.15,13,1,medical,0.1297,0.3678,Low
29,43543.15,0.1,26160.65,536,12363.62,1,1,home_improvement,0.2839,0.6008,Medium
33,17562.13,3.8,8100.01,653,3669.09,5,0,debt_consolidation,0.2089,0.4612,High
23,41817.44,3.9,22253.5,767,1085.37,7,0,medical,0.026,0.5321,Low
55,85628.79,3.5,67510.31,576,17973.06,8,0,home_improvement,0.2099,0.7884,Medium
53,44348.08,1.9,38183.4,521,1183.19,7,0,debt_consolidation,0.0267,0.861,High
41,53085.59,2.8,2413.14,605,4494.07,13,0,debt_consolidation,0.0847,0.0455,Low
51,49963.42,7.3,17970.6,627,2960.94,12,0,debt_consolidation,0.0593,0.3597,Low
54,24523.43,1.0,34297.59,662,2948.56,10,0,business,0.1202,1.3985,Medium
52,118036.0,1.1,8128.38,658,3127.24,7,0,home_improvement,0.0265,0.0689,Low
55,39983.31,5.5,12693.99,680,7634.15,8,0,other,0.1909,0.3175,Low
35,48938.79,10.1,11072.44,439,4515.04,13,0,business,0.0923,0.2262,High
52,35319.43,2.1,23690.0,653,9785.76,7,0,debt_consolidation,0.2771,0.6707,Medium
26,86598.06,13.5,10037.13,591,31321.62,1,0,business,0.3617,0.1159,Medium
41,23639.16,0.3,42051.65,753,8591.91,6,0,other,0.3634,1.7788,High
53,94009.29,0.6,27932.25,708,8197.75,2,0,debt_consolidation,0.0872,0.2971,Low
52,42102.01,3.1,5213.5,727,3825.34,0,0,debt_consolidation,0.0909,0.1238,Low
39,37542.73,6.4,5252.56,728,9616.16,14,0,other,0.2561,0.1399,Low
53,35815.07,2.3,15153.3,660,5895.77,9,0,debt_consolidation,0.1646,0.4231,Low
48,121094.23,4.0,11746.56,611,3117.15,8,1,other,0.0257,0.097,Medium
51,21973.92,0.1,12768.57,637,4951.31,7,0,business,0.2253,0.5811,High
41,37518.25,3.1,9493.21,724,3372.86,13,1,debt_consolidation,0.0899,0.253,Medium
54,25709.51,1.4,7060.56,626,8603.11,13,0,debt_consolidation,0.3346,0.2746,Medium
35,19805.84,3.6,13578.29,655,1562.07,5,1,debt_consolidation,0.0789,0.6855,High
34,94149.9,3.7,17726.54,641,4629.62,11,1,medical,0.0492,0.1883,High
39,48360.37,7.0,24947.57,628,9298.57,1,0,medical,0.1923,0.5159,Low
63,27435.08,3.9,27511.78,750,12572.41,10,1,medical,0.4582,1.0028,High
35,74201.85,4.8,13695.27,607,3967.67,0,1,other,0.0535,0.1846,High
26,40121.11,3.8,16552.59,559,8906.15,9,0,home_improvement,0.222,0.4126,Medium
29,35479.72,23.2,4881.36,704,11999.35,5,0,other,0.3382,0.1376,Low
57,65361.63,7.8,20548.41,637,4325.4,4,0,debt_consolidation,0.0662,0.3144,Low
40,39692.03,7.0,29829.82,603,15011.19,1,0,other,0.3782,0.7515,Medium
54,30291.18,4.9,19792.9,611,3670.39,0,0,debt_consolidation,0.1212,0.6534,High
58,69404.1,3.8,12980.49,621,1717.25,12,0,home_improvement,0.0247,0.187,Low
46,45675.41,2.1,7518.71,591,2693.66,2,0,business,0.059,0.1646,Medium
38,71196.76,7.7,7529.4,774,4403.8,4,0,medical,0.0619,0.1058,Low
48,40078.24,1.1,11897.72,737,9194.42,8,0,home_improvement,0.2294,0.2969,Low
29,81594.04,0.2,17592.91,547,1623.7,7,0,home_improvement,0.0199,0.2156,Low
52,49365.89,6.0,3859.05,600,5003.95,12,0,other,0.1014,0.0782,Medium
26,83256.56,0.8,6040.01,621,16478.22,13,0,debt_consolidation,0.1979,0.0725,Low
34,81905.81,11.7,23472.09,463,3731.76,8,1,debt_consolidation,0.0456,0.2866,High
48,90955.52,7.4,37669.02,596,7111.72,4,0,debt_consolidation,0.0782,0.4141,Medium
44,50723.45,4.6,12028.64,687,5001.77,3,1,other,0.0986,0.2371,Low
33,59359.06,1.9,19797.07,632,4996.17,2,0,debt_consolidation,0.0842,0.3335,Low
63,43679.62,5.1,12464.3,752,2170.67,2,0,debt_consolidation,0.0497,0.2854,Medium
32,31292.94,3.2,14386.59,682,1916.97,10,0,education,0.0613,0.4597,Low
39,133472.22,1.7,6922.36,762,5356.63,3,0,business,0.0401,0.0519,Low
41,33656.03,14.5,18654.85,703,7596.31,10,0,education,0.2257,0.5543,Low
47,77067.25,0.9,8557.93,638,7380.32,4,0,business,0.0958,0.111,Medium
39,70467.45,7.0,15464.17,568,8383.67,13,0,debt_consolidation,0.119,0.2194,Medium
44,53665.55,8.0,20985.93,556,7234.85,9,0,debt_consolidation,0.1348,0.391,Medium
46,45365.43,15.2,19472.85,675,4243.83,13,0,debt_consolidation,0.0935,0.4292,Medium
48,45591.6,4.0,8234.2,723,2865.59,14,0,education,0.0629,0.1806,Low
38,35293.72,3.8,15710.09,661,10169.43,11,0,business,0.2881,0.4451,Medium
64,51391.13,12.6,9461.07,685,2886.96,6,0,education,0.0562,0.1841,Low
56,27154.74,8.1,20821.58,705,4957.19,11,0,other,0.1825,0.7667,Low
62,71226.93,7.2,22062.25,618,1024.94,8,0,debt_consolidation,0.0144,0.3097,Low
49,43727.44,7.8,21337.18,688,16423.37,11,0,debt_consolidation,0.3756,0.4879,Low
37,30302.62,3.4,32817.42,693,3443.66,10,0,education,0.1136,1.083,Low
24,25894.33,0.2,18433.65,561,1097.28,11,0,other,0.0424,0.7119,Medium
64,45892.16,1.1,33961.72,663,14656.94,3,1,business,0.3194,0.74,High
49,46697.29,5.1,20955.41,683,4751.35,4,0,medical,0.1017,0.4487,Medium
24,37834.17,2.5,8935.0,680,4735.97,4,0,business,0.1252,0.2362,High
30,63019.66,4.7,15732.44,672,18615.46,13,0,other,0.2954,0.2496,Medium
45,58350.38,4.0,25933.82,713,3442.24,3,0,debt_consolidation,0.059,0.4444,Low
51,50432.28,2.9,27125.95,826,15252.01,2,0,home_improvement,0.3024,0.5379,Low
23,30853.93,1.3,10616.75,666,1779.21,6,0,business,0.0577,0.3441,Low
22,33860.11,6.3,10540.27,777,6965.26,4,1,debt_consolidation,0.2057,0.3113,High
45,24384.55,12.0,20007.07,514,6290.34,1,0,medical,0.258,0.8204,High
26,44547.66,7.3,8701.45,661,8819.21,12,0,education,0.198,0.1953,Medium
46,64884.94,0.6,12307.23,524,2232.78,8,0,education,0.0344,0.1897,Low
28,26754.71,3.9,14852.44,610,1373.45,0,0,business,0.0513,0.5551,Low
55,37027.65,9.0,12727.41,785,30638.93,14,0,debt_consolidation,0.8274,0.3437,High
47,47741.24,4.5,22790.59,714,11074.33,11,0,medical,0.232,0.4774,Low
45,64836.36,2.9,21818.41,659,4115.14,3,0,business,0.0635,0.3365,Medium
38,23424.8,1.7,15308.33,741,7507.41,14,0,debt_consolidation,0.3205,0.6535,Low
21,148739.11,2.0,7097.81,670,3016.85,10,0,education,0.0203,0.0477,Low
59,71417.75,1.4,32164.88,618,5280.58,13,0,debt_consolidation,0.0739,0.4504,Medium
23,36332.68,1.1,8803.61,514,2603.08,6,0,debt_consolidation,0.0716,0.2423,Low
24,28705.01,4.4,9964.65,684,4374.77,13,0,debt_consolidation,0.1524,0.3471,Low
61,56490.72,3.6,8425.02,573,1849.18,7,0,debt_consolidation,0.0327,0.1491,High
57,62067.31,6.6,5619.68,649,19835.1,9,0,debt_consolidation,0.3196,0.0905,Medium
35,29877.66,1.8,24842.68,641,4421.7,10,0,medical,0.148,0.8315,Medium
28,28083.52,3.1,40640.74,620,2872.33,10,0,debt_consolidation,0.1023,1.4471,High
58,31359.63,5.7,6388.86,676,2292.8,5,0,medical,0.0731,0.2037,Medium
39,50627.84,16.5,4542.1,794,18165.65,6,0,debt_consolidation,0.3588,0.0897,Low
46,50949.65,2.1,14770.4,663,4938.89,8,0,medical,0.0969,0.2899,Medium
59,144663.47,1.8,16640.93,643,15372.48,5,0,debt_consolidation,0.1063,0.115,Low
30,16606.22,3.0,3748.46,632,5839.98,6,0,education,0.3517,0.2257,Medium
58,35036.65,6.4,7221.75,652,8132.38,13,0,business,0.2321,0.2061,Medium
34,37624.8,16.3,29744.77,735,5918.42,1,0,debt_consolidation,0.1573,0.7905,Low
61,62519.46,3.8,19383.11,381,1893.63,6,1,home_improvement,0.0303,0.31,High
39,63788.96,8.4,29602.57,629,14017.89,6,0,debt_consolidation,0.2198,0.4641,Medium
50,44364.86,3.1,7182.54,464,6250.63,13,0,debt_consolidation,0.1409,0.1619,High
25,104342.62,0.2,13403.11,612,3072.37,14,0,home_improvement,0.0294,0.1285,Low
51,28055.22,11.2,12918.93,654,4877.05,14,0,home_improvement,0.1738,0.4605,High
27,34614.85,1.7,25580.28,731,6635.67,1,0,education,0.1917,0.739,Low
39,25393.45,0.7,9156.84,712,3564.76,4,0,education,0.1404,0.3606,Low
51,45556.0,27.8,9874.08,758,2560.03,3,0,debt_consolidation,0.0562,0.2167,Low
59,41528.89,2.1,18181.06,622,2124.45,6,0,debt_consolidation,0.0512,0.4378,Low
44,72628.94,0.7,21439.72,577,3993.9,3,0,debt_consolidation,0.055,0.2952,Medium
54,123840.38,1.9,10188.05,603,11580.84,8,0,business,0.0935,0.0823,Low
43,103287.88,3.6,15405.08,702,3036.3,8,0,business,0.0294,0.1491,Low
60,26597.73,0.5,23555.63,762,3133.13,12,0,debt_consolidation,0.1178,0.8856,Medium
26,50346.28,2.2,16173.39,684,3885.89,4,0,home_improvement,0.0772,0.3212,Medium
58,72199.63,5.5,10259.01,611,3707.7,7,0,medical,0.0514,0.1421,Low
61,68475.17,12.4,16057.0,540,6089.65,2,0,other,0.0889,0.2345,High
56,155937.25,2.5,19769.45,631,4457.43,3,0,other,0.0286,0.1268,Low
47,43918.41,4.2,14046.27,704,3212.43,12,1,education,0.0731,0.3198,Low
31,50972.74,5.1,18451.78,549,5568.36,1,0,debt_consolidation,0.1092,0.362,High
25,150304.67,0.4,23753.17,810,10012.83,10,0,home_improvement,0.0666,0.158,Low
37,60473.37,2.1,17207.2,634,8399.16,2,0,debt_consolidation,0.1389,0.2845,Low
27,36368.27,5.8,22481.6,730,3704.1,11,0,medical,0.1018,0.6181,Low
47,30109.74,6.7,12138.56,564,7896.52,11,0,debt_consolidation,0.2622,0.4031,Medium
35,54422.74,2.2,10035.92,613,4940.22,3,0,debt_consolidation,0.0908,0.1844,Medium
33,83558.51,0.0,31372.55,756,3343.84,8,1,debt_consolidation,0.04,0.3755,Low
31,83023.69,0.0,3492.98,555,1157.16,14,1,education,0.0139,0.0421,High
46,31695.35,3.9,17231.24,694,6274.61,3,0,other,0.198,0.5436,Medium
42,51618.69,4.0,11153.42,580,4414.91,0,0,home_improvement,0.0855,0.2161,Medium
48,39127.36,4.1,20160.22,577,9324.76,12,0,home_improvement,0.2383,0.5152,High
44,45525.67,6.4,6579.12,644,21082.37,14,0,education,0.4631,0.1445,Medium
49,77094.34,12.7,16647.55,597,2578.54,1,0,medical,0.0334,0.2159,Low
29,47812.47,23.1,19070.74,675,1703.09,14,0,debt_consolidation,0.0356,0.3989,Low
62,67930.22,6.0,17006.52,631,2011.19,6,0,other,0.0296,0.2503,Medium
24,68955.3,3.6,7929.67,591,6731.89,14,0,business,0.0976,0.115,Low
38,36116.84,0.8,9324.53,635,3767.49,1,0,other,0.1043,0.2582,Low
63,90623.33,2.4,20372.62,772,5515.43,10,0,debt_consolidation,0.0609,0.2248,Low
36,28349.99,4.2,12544.13,575,4278.08,14,0,medical,0.1509,0.4425,High
53,26063.68,40.0,4036.42,564,10186.59,2,1,debt_consolidation,0.3908,0.1549,Medium
49,38609.15,0.7,10052.9,571,5028.2,14,0,education,0.1302,0.2604,Medium
59,30105.34,7.9,27212.39,573,2042.56,10,0,debt_consolidation,0.0678,0.9039,Medium
30,66346.88,34.2,12250.56,577,2577.44,9,0,debt_consolidation,0.0388,0.1846,Low
29,176618.96,8.2,6055.63,544,10117.83,2,0,debt_consolidation,0.0573,0.0343,Low
51,86166.14,7.3,10789.92,720,3153.1,7,0,business,0.0366,0.1252,Low
48,32581.69,1.5,13221.78,664,8034.97,6,0,education,0.2466,0.4058,Medium
23,29762.26,0.0,8524.52,646,5275.9,0,0,debt_consolidation,0.1773,0.2864,Medium
34,79916.28,1.3,29993.85,842,9788.16,7,0,home_improvement,0.1225,0.3753,Low
45,27122.87,7.8,11165.52,697,15046.34,2,0,education,0.5547,0.4116,Medium
35,29959.41,0.6,11685.72,850,2731.77,4,0,other,0.0912,0.39,Low
22,58955.27,1.8,12190.87,753,12153.71,6,0,debt_consolidation,0.2061,0.2068,High
44,37386.16,4.1,4524.92,553,2237.21,2,0,home_improvement,0.0598,0.121,Medium
34,52034.72,4.3,16753.63,543,9748.67,14,0,debt_consolidation,0.1873,0.322,Low
27,41553.36,3.9,9372.06,609,3395.97,7,0,debt_consolidation,0.0817,0.2255,Low
56,48342.3,19.8,3090.34,622,877.72,7,0,home_improvement,0.0182,0.0639,Low
44,75902.74,0.1,5434.45,752,25185.78,8,1,home_improvement,0.3318,0.0716,Medium
47,66887.0,3.3,12951.28,617,4506.88,5,0,medical,0.0674,0.1936,Low
57,77536.24,3.5,27943.06,641,8931.29,1,0,medical,0.1152,0.3604,High
58,67483.32,1.7,20554.8,557,4025.83,7,0,home_improvement,0.0597,0.3046,Medium
50,69857.61,3.7,18642.56,703,9811.59,13,1,education,0.1404,0.2669,Medium
47,48967.47,5.6,14201.3,738,2727.14,14,0,business,0.0557,0.29,Low
59,23688.85,5.6,16805.33,712,3382.35,9,0,education,0.1428,0.7094,High
35,46458.64,0.5,14172.19,660,7987.88,1,1,debt_consolidation,0.1719,0.305,High
46,57409.41,8.1,8588.53,732,4510.87,8,1,medical,0.0786,0.1496,Low
21,50874.16,13.3,8785.14,693,2297.39,1,1,business,0.0452,0.1727,Medium
24,60473.01,0.7,13480.81,713,6960.06,14,0,education,0.1151,0.2229,High
49,137377.55,2.7,8449.43,587,6517.95,6,0,home_improvement,0.0474,0.0615,Medium
21,38148.5,3.6,4863.55,627,4340.66,11,0,debt_consolidation,0.1138,0.1275,Low
63,40037.53,0.7,19148.43,700,2934.82,2,0,other,0.0733,0.4783,Medium
42,89710.49,3.5,17379.98,613,4526.42,0,0,education,0.0505,0.1937,Low
31,52171.17,1.2,4800.45,813,9520.33,7,0,education,0.1825,0.092,Low
30,61532.7,13.7,6380.62,684,3712.05,10,0,home_improvement,0.0603,0.1037,Low
37,36464.39,3.0,16356.14,696,1336.87,12,0,debt_consolidation,0.0367,0.4485,Low
56,33988.29,26.4,6717.2,734,4236.72,6,0,debt_consolidation,0.1246,0.1976,Low
46,26808.23,0.2,13582.78,672,4739.89,2,0,home_improvement,0.1768,0.5066,High
41,53433.61,0.7,22136.95,688,5712.52,0,0,education,0.1069,0.4143,Medium
33,30052.58,2.9,10127.95,604,5606.62,11,0,medical,0.1866,0.337,High
29,28263.14,10.4,19871.37,623,8236.1,11,0,home_improvement,0.2914,0.7031,High
31,68222.06,4.1,9865.43,650,4464.73,9,1,other,0.0654,0.1446,High
31,35690.17,6.6,10961.62,562,4327.63,3,0,other,0.1213,0.3071,Low
26,26899.96,2.8,17148.83,779,6031.85,4,0,home_improvement,0.2242,0.6375,Low
21,25548.1,0.2,19998.7,559,1253.74,12,0,debt_consolidation,0.0491,0.7828,Medium
26,77331.87,5.2,6295.72,564,3503.49,2,0,home_improvement,0.0453,0.0814,High
33,46478.71,5.0,6056.3,651,3538.9,4,0,other,0.0761,0.1303,Low
42,40148.28,0.4,5351.08,686,4147.39,0,0,home_improvement,0.1033,0.1333,Medium
51,53408.81,0.9,36531.91,592,1950.88,14,0,home_improvement,0.0365,0.684,Medium
42,50926.4,3.2,10288.28,609,5363.42,6,0,home_improvement,0.1053,0.202,Medium
57,37621.56,3.0,8784.4,628,3941.73,1,0,other,0.1048,0.2335,Low
47,41487.97,7.0,15919.29,653,1535.93,4,0,debt_consolidation,0.037,0.3837,Low
34,70640.92,2.5,4948.41,701,3148.16,9,0,home_improvement,0.0446,0.07,Low
25,74041.91,5.4,10672.74,590,5158.61,13,0,debt_consolidation,0.0697,0.1441,Low
56,32238.14,6.1,13416.8,616,11825.29,1,0,debt_consolidation,0.3668,0.4162,High
52,92951.86,5.2,7456.41,681,16597.18,7,0,home_improvement,0.1786,0.0802,Low
54,133857.18,4.5,6676.54,744,4438.99,2,0,medical,0.0332,0.0499,Low
27,42375.47,8.2,10654.08,723,12236.71,0,0,debt_consolidation,0.2888,0.2514,Low
62,41870.62,5.4,9952.57,681,10899.31,5,0,home_improvement,0.2603,0.2377,Medium
30,31284.77,9.0,9783.5,485,7613.2,14,0,business,0.2433,0.3127,High
37,35091.21,5.1,5453.52,580,2488.28,10,0,debt_consolidation,0.0709,0.1554,Low
50,57626.39,0.9,5429.44,587,8119.21,12,0,other,0.1409,0.0942,Low
41,156135.1,1.9,28427.03,731,2886.94,13,0,debt_consolidation,0.0185,0.1821,Medium
33,70556.55,2.0,6085.96,565,9659.49,7,0,other,0.1369,0.0863,Medium
21,41520.01,0.5,11802.6,527,4206.95,6,0,debt_consolidation,0.1013,0.2843,Medium
21,39641.68,5.9,12106.39,681,4386.4,5,0,business,0.1106,0.3054,Medium
53,35174.32,4.5,10017.01,690,7971.93,4,0,medical,0.2266,0.2848,Medium
58,83278.76,4.5,12114.29,590,17766.42,7,0,other,0.2133,0.1455,Medium
45,43407.31,3.3,10788.43,615,7125.31,9,0,home_improvement,0.1641,0.2485,Low
46,61521.05,3.9,10413.54,778,21908.73,14,0,debt_consolidation,0.3561,0.1693,Low
33,43548.32,0.0,25136.3,540,2489.63,13,0,debt_consolidation,0.0572,0.5772,Medium
48,141353.8,0.5,7540.08,567,3308.86,3,0,medical,0.0234,0.0533,Low
53,37530.37,5.7,9124.05,699,4103.88,6,0,home_improvement,0.1093,0.2431,Low
57,34486.46,1.5,23101.64,659,3261.21,1,0,debt_consolidation,0.0946,0.6699,High
61,38527.97,0.6,9375.73,645,9648.3,8,0,home_improvement,0.2504,0.2433,Low
50,60597.26,2.0,10208.92,526,3149.97,7,0,debt_consolidation,0.052,0.1685,Medium
28,100443.16,1.5,9302.02,573,3130.28,11,0,education,0.0312,0.0926,Low
21,60662.67,0.1,25057.29,625,1600.0,11,0,home_improvement,0.0264,0.4131,Low
32,69792.92,2.6,22761.33,802,4876.93,3,0,education,0.0699,0.3261,Low
25,65107.19,0.1,6557.88,608,12110.23,12,0,education,0.186,0.1007,Medium
44,21321.94,0.0,31197.95,531,7767.79,6,1,home_improvement,0.3643,1.4631,Medium
26,48626.84,7.9,3644.08,614,25198.25,0,0,education,0.5182,0.0749,Medium
45,41833.58,1.9,4889.83,593,11816.05,4,0,education,0.2824,0.1169,High
21,45678.56,4.2,5165.85,696,12210.64,1,0,debt_consolidation,0.2673,0.1131,Low
45,32486.29,1.8,6894.23,441,22902.98,13,0,debt_consolidation,0.705,0.2122,High
21,75671.27,13.3,10309.24,596,8203.43,1,1,other,0.1084,0.1362,Medium
52,50223.42,6.5,7022.23,764,1924.59,1,0,debt_consolidation,0.0383,0.1398,Low
62,50071.94,2.3,6466.05,700,8054.38,1,1,home_improvement,0.1609,0.1291,High
62,45541.72,1.2,17626.5,655,7464.62,4,0,education,0.1639,0.387,Low
23,35787.36,0.7,10736.25,605,4257.6,3,0,home_improvement,0.119,0.3,Low
39,20110.14,7.2,20744.21,704,2723.76,0,0,medical,0.1354,1.0315,Low
63,56153.37,3.0,22405.77,701,8357.22,10,0,debt_consolidation,0.1488,0.399,Low
49,51885.4,1.3,14149.04,560,4171.53,5,0,medical,0.0804,0.2727,High
22,64030.89,12.6,19530.19,738,3692.19,2,0,home_improvement,0.0577,0.305,Low
29,50825.68,2.5,11477.44,829,26249.86,7,0,debt_consolidation,0.5165,0.2258,Low
37,28576.93,3.9,6089.68,618,14403.97,1,0,business,0.504,0.2131,Low
56,32945.23,9.8,5511.05,569,1550.73,7,0,debt_consolidation,0.0471,0.1673,Low
37,95772.1,9.0,4007.61,714,39127.38,5,0,education,0.4085,0.0418,Low
32,57495.85,5.1,20276.61,725,6195.15,4,0,other,0.1077,0.3527,Low
40,73248.14,11.0,14019.1,629,9184.76,9,0,debt_consolidation,0.1254,0.1914,Low
23,77610.51,15.2,2164.63,554,11320.86,5,0,debt_consolidation,0.1459,0.0279,Low
63,29975.51,13.7,18788.56,685,13699.1,12,0,home_improvement,0.457,0.6268,Low
24,41346.69,2.1,13271.29,418,10383.42,5,0,other,0.2511,0.321,Medium
37,68906.56,2.5,7409.29,661,2892.37,3,0,home_improvement,0.042,0.1075,Low
57,32605.38,1.4,7352.91,395,8230.2,0,0,debt_consolidation,0.2524,0.2255,High
62,39969.72,9.1,10786.06,616,11811.45,1,0,debt_consolidation,0.2955,0.2698,Medium
35,37809.53,0.6,26097.88,747,13401.94,7,0,debt_consolidation,0.3544,0.6902,Medium
53,33892.23,2.2,13083.6,822,2183.23,8,0,debt_consolidation,0.0644,0.386,Low
36,45932.38,0.0,8304.0,734,9423.13,3,0,business,0.2051,0.1808,Low
31,38448.85,4.5,48458.69,663,10391.77,10,0,debt_consolidation,0.2703,1.2603,High
40,40164.03,5.4,23153.29,688,2684.85,13,0,other,0.0668,0.5765,Low
58,56063.02,1.4,22900.3,668,8504.62,14,0,education,0.1517,0.4085,Medium
44,80744.42,6.7,23866.27,568,4195.84,7,0,education,0.052,0.2956,High
36,71846.67,2.4,27148.74,684,3070.81,9,0,home_improvement,0.0427,0.3779,Low
50,53541.09,1.9,17195.75,622,2465.62,5,0,education,0.0461,0.3212,Medium
54,111267.16,15.6,13523.91,714,4033.07,14,0,debt_consolidation,0.0362,0.1215,Low
21,68152.57,4.4,14243.16,741,9339.0,10,0,home_improvement,0.137,0.209,Low
44,73295.18,1.5,5835.08,614,737.31,0,0,other,0.0101,0.0796,Medium
44,45182.97,20.4,3481.87,644,1904.94,5,0,debt_consolidation,0.0422,0.0771,Medium
29,40404.34,2.5,20447.35,670,3346.33,6,0,home_improvement,0.0828,0.5061,Medium
42,59160.85,5.2,39813.25,668,12753.88,13,1,debt_consolidation,0.2156,0.673,High
32,77119.23,6.4,10647.49,826,4650.39,0,0,debt_consolidation,0.0603,0.1381,Low
37,53488.48,2.7,30722.21,628,13610.84,10,0,home_improvement,0.2545,0.5744,High
45,35718.38,3.8,33563.77,500,3529.72,11,0,debt_consolidation,0.0988,0.9397,Medium
48,25801.83,1.4,9802.18,634,1439.71,8,0,business,0.0558,0.3799,Medium
35,22230.86,3.1,27598.63,803,1576.13,5,0,education,0.0709,1.2414,Low
50,50074.82,1.9,19528.68,683,3118.92,7,0,medical,0.0623,0.39,Low
47,73716.44,4.0,10993.02,659,1338.96,7,0,debt_consolidation,0.0182,0.1491,Low
42,15498.05,5.5,18381.01,554,5317.98,12,0,other,0.3431,1.1859,Medium
30,36180.05,4.8,15861.14,639,22627.18,8,0,home_improvement,0.6254,0.4384,Medium
51,33345.76,7.5,4113.84,772,1693.56,0,0,home_improvement,0.0508,0.1234,Medium
47,59256.63,0.2,59478.22,738,9303.78,12,0,business,0.157,1.0037,Medium
32,35122.45,0.4,7013.15,766,15794.05,5,0,debt_consolidation,0.4497,0.1997,Medium
51,26496.63,1.1,15026.62,551,3573.84,8,0,medical,0.1349,0.5671,High
52,36152.7,21.3,40161.33,709,3953.88,7,0,education,0.1094,1.1108,Medium
52,33428.05,8.1,11347.08,486,1779.22,3,0,home_improvement,0.0532,0.3394,Low
61,49340.21,12.9,8559.21,643,1668.18,4,0,home_improvement,0.0338,0.1735,Low
55,44029.01,1.6,14442.33,675,5738.69,8,0,home_improvement,0.1303,0.328,High
41,61159.51,4.3,10856.14,744,30822.66,4,1,education,0.504,0.1775,Medium
30,48867.84,4.0,27841.2,725,3125.77,8,0,education,0.064,0.5697,Medium
36,81428.75,4.2,8089.02,751,8137.48,0,0,home_improvement,0.0999,0.0993,Low
27,39184.22,6.3,9478.12,762,2350.98,9,0,debt_consolidation,0.06,0.2419,Low
24,66839.73,2.5,12668.88,644,2946.83,8,0,education,0.0441,0.1895,Low
47,57464.66,5.7,6166.53,543,2132.74,9,0,home_improvement,0.0371,0.1073,Low
45,42289.79,7.8,9596.47,695,2730.39,8,0,medical,0.0646,0.2269,Low
51,69147.14,1.7,9645.09,718,5393.69,5,0,home_improvement,0.078,0.1395,Medium
31,32823.11,14.6,6244.51,607,1265.25,6,0,education,0.0385,0.1902,Low
40,91118.7,3.6,9207.18,656,4421.32,5,0,home_improvement,0.0485,0.101,Medium
56,33250.13,6.6,20822.92,705,905.4,3,0,home_improvement,0.0272,0.6262,Low
37,25076.24,6.5,4021.24,773,3345.55,6,0,education,0.1334,0.1604,Low
31,24116.0,4.2,24557.35,538,1820.88,10,0,business,0.0755,1.0183,High
50,51305.1,1.9,9753.06,748,15166.15,1,0,debt_consolidation,0.2956,0.1901,Low
55,36972.05,5.5,16255.79,645,5702.01,2,0,medical,0.1542,0.4397,Medium
61,53670.56,0.5,24377.28,637,4179.29,10,0,business,0.0779,0.4542,Medium
58,28244.65,19.9,7603.51,750,1624.84,11,0,business,0.0575,0.2692,Low
42,62535.67,1.0,17500.66,607,4757.6,11,0,education,0.0761,0.2798,Medium
63,53746.48,1.6,6090.12,693,3907.92,3,0,business,0.0727,0.1133,High
47,38997.65,15.4,5775.41,595,5935.37,2,1,debt_consolidation,0.1522,0.1481,Medium
57,66998.59,1.0,11527.99,633,4094.45,8,0,debt_consolidation,0.0611,0.1721,High
55,65351.12,0.9,12135.91,768,2628.59,12,0,education,0.0402,0.1857,Low
24,51330.37,8.2,23831.46,684,4817.75,3,0,other,0.0939,0.4643,Low
36,76392.59,1.4,5513.53,753,1508.15,13,0,education,0.0197,0.0722,Low
36,85412.65,0.5,19038.4,486,532.38,9,0,medical,0.0062,0.2229,Medium
41,33048.17,1.3,10401.88,756,2309.64,0,0,medical,0.0699,0.3147,Low
46,86355.53,11.0,12271.02,568,1565.71,11,0,debt_consolidation,0.0181,0.1421,Low
56,31271.61,1.6,3687.26,600,12410.8,13,0,home_improvement,0.3969,0.1179,Medium
39,72097.18,5.9,11622.8,613,13570.76,11,0,education,0.1882,0.1612,Medium
37,78716.25,2.5,20768.42,680,8670.58,13,1,home_improvement,0.1101,0.2638,Medium
46,44921.6,1.5,11014.68,681,4438.08,7,0,business,0.0988,0.2452,Low
42,47732.53,0.8,10612.09,699,2181.54,3,1,debt_consolidation,0.0457,0.2223,Medium
48,42213.1,17.9,40096.89,680,4768.28,12,0,education,0.113,0.9498,Medium
21,32461.02,3.7,12810.52,681,2256.83,8,0,business,0.0695,0.3946,Medium
64,35635.89,0.6,4525.02,626,2605.16,11,0,other,0.0731,0.127,Low
56,62837.64,1.1,5126.06,668,2572.0,8,0,other,0.0409,0.0816,Low
63,75195.59,2.6,31885.11,685,9505.49,8,1,business,0.1264,0.424,Medium
57,48668.2,3.9,9741.9,537,3825.32,10,0,debt_consolidation,0.0786,0.2002,Medium
22,29582.7,1.0,21403.84,693,609.67,8,0,home_improvement,0.0206,0.7235,Low
37,27636.11,1.6,10503.97,668,2455.94,12,0,education,0.0889,0.3801,Low
60,46487.62,7.7,16747.14,734,4382.45,12,0,home_improvement,0.0943,0.3602,Medium
58,37654.31,2.7,10060.89,771,5395.86,12,0,medical,0.1433,0.2672,Low
41,88708.12,0.0,12114.61,775,1431.58,12,1,debt_consolidation,0.0161,0.1366,Medium
29,34504.9,0.3,17358.67,393,8103.37,6,0,education,0.2348,0.5031,High
33,66084.51,2.9,6215.71,581,10891.77,11,0,education,0.1648,0.0941,Low
31,35943.08,0.3,15712.71,569,6800.22,8,1,debt_consolidation,0.1892,0.4371,High
36,42542.16,1.0,14811.51,653,5065.68,6,0,debt_consolidation,0.1191,0.3482,Low
36,53427.06,6.5,5238.13,597,7504.79,10,0,business,0.1405,0.098,Medium
22,63563.29,3.3,66112.71,728,6643.43,11,0,education,0.1045,1.0401,Medium
62,60553.34,3.3,10658.62,596,2253.81,14,0,other,0.0372,0.176,Low
64,37051.36,4.6,7040.59,666,10647.72,7,0,education,0.2874,0.19,Medium
28,51543.11,7.8,32276.59,587,11760.71,1,0,education,0.2282,0.6262,Medium
63,40644.02,0.9,6263.43,661,1206.92,11,0,home_improvement,0.0297,0.1541,Low
62,23965.34,1.0,9182.37,443,1487.47,3,0,home_improvement,0.0621,0.3831,High
33,54965.65,0.6,14533.76,597,5899.34,3,0,home_improvement,0.1073,0.2644,Low
37,92166.53,13.8,9315.07,510,6261.03,3,0,education,0.0679,0.1011,Medium
59,106095.16,4.3,18291.35,739,10071.72,2,0,other,0.0949,0.1724,Low
44,57451.26,0.5,18490.21,659,10297.83,12,0,education,0.1792,0.3218,Medium
23,55601.34,1.2,8339.84,640,7460.61,0,0,business,0.1342,0.15,Low
50,13231.22,6.5,32212.24,618,4676.5,5,0,home_improvement,0.3534,2.4344,Medium
33,191695.59,0.1,11084.87,635,2296.33,4,0,home_improvement,0.012,0.0578,Low
39,100256.2,6.5,15056.43,735,10045.27,14,0,home_improvement,0.1002,0.1502,Low
27,71651.4,12.1,10567.01,650,8483.42,10,0,home_improvement,0.1184,0.1475,Low
29,50817.64,0.3,10222.66,619,10201.83,2,0,home_improvement,0.2007,0.2012,Low
39,16067.88,1.0,12793.42,510,1752.82,11,0,medical,0.1091,0.7962,High
60,53699.16,0.0,40447.09,606,12233.79,6,0,debt_consolidation,0.2278,0.7532,Medium
42,49805.67,0.6,17177.06,641,11638.25,5,0,business,0.2337,0.3449,Medium
38,24230.59,4.8,7098.53,680,2294.99,14,1,medical,0.0947,0.2929,Medium
43,61333.47,0.2,14007.56,692,5747.76,3,0,home_improvement,0.0937,0.2284,Low
22,90971.99,2.8,9535.18,707,7002.36,8,0,medical,0.077,0.1048,Low
31,58120.93,3.5,23919.99,639,10442.98,3,0,business,0.1797,0.4115,Medium
51,58025.92,11.9,12490.01,578,4276.24,8,0,debt_consolidation,0.0737,0.2152,Medium
53,59918.88,3.2,5690.63,635,3939.7,2,0,debt_consolidation,0.0657,0.095,Low
34,41714.93,0.8,17052.81,575,4796.81,13,0,debt_consolidation,0.115,0.4088,High
36,71622.8,1.7,8119.75,505,2319.19,13,0,education,0.0324,0.1134,High
31,105019.1,5.6,17017.14,683,4995.25,6,0,education,0.0476,0.162,Low
53,50042.62,0.6,23716.52,495,7552.76,6,0,education,0.1509,0.4739,Low
27,33601.11,1.3,11254.34,562,8225.66,14,0,other,0.2448,0.3349,Medium
51,24519.77,27.3,12125.3,646,3938.84,0,0,home_improvement,0.1606,0.4945,Medium
34,62973.78,0.0,14799.74,782,8347.29,0,0,debt_consolidation,0.1325,0.235,Low
48,66643.26,0.8,8977.81,595,5651.45,1,0,debt_consolidation,0.0848,0.1347,Low
63,58804.46,9.3,14099.39,484,4988.56,3,1,business,0.0848,0.2398,Medium
36,43572.82,0.5,15140.0,637,23491.71,12,0,home_improvement,0.5391,0.3475,Medium
39,56306.44,0.2,7847.62,642,6115.94,1,1,debt_consolidation,0.1086,0.1394,Medium
37,37503.69,0.6,27414.07,573,4429.5,9,0,debt_consolidation,0.1181,0.731,Medium
46,34358.57,5.9,4756.98,630,5511.51,9,0,business,0.1604,0.1384,High
26,29787.7,24.9,21686.37,588,4966.19,12,1,other,0.1667,0.728,High
63,29943.15,4.5,30567.67,677,4164.9,4,0,education,0.1391,1.0208,Low
29,63909.34,0.7,21447.77,590,8699.46,1,1,other,0.1361,0.3356,Low
37,42845.9,1.0,7082.61,591,5315.4,7,0,education,0.1241,0.1653,Low
51,34867.32,3.9,22449.86,713,11459.87,5,0,other,0.3287,0.6438,Medium
32,24811.02,6.3,47219.67,633,4418.96,2,0,debt_consolidation,0.1781,1.9031,High
43,68564.54,5.4,11992.47,602,19024.9,1,1,other,0.2775,0.1749,High
25,83689.78,4.3,13354.85,771,4877.85,13,0,education,0.0583,0.1596,Low
63,29375.92,21.4,21218.59,677,5097.45,14,0,business,0.1735,0.7223,Low
56,46058.68,1.1,7914.34,514,3248.68,13,0,education,0.0705,0.1718,Medium
56,30752.26,0.9,5321.92,551,6526.77,8,0,business,0.2122,0.1731,Medium
23,45665.9,9.8,17201.09,641,24894.01,0,0,home_improvement,0.5451,0.3767,Medium
44,66433.29,1.7,13655.83,720,5134.44,5,0,medical,0.0773,0.2056,Low
37,110102.7,2.0,7173.83,477,9499.27,6,0,home_improvement,0.0863,0.0652,Medium
59,39202.04,4.0,16833.39,549,4249.58,14,0,home_improvement,0.1084,0.4294,High
46,69560.79,2.4,10837.4,759,681.87,12,0,education,0.0098,0.1558,Low
24,70415.2,1.7,16737.29,585,18213.39,8,0,other,0.2587,0.2377,Medium
32,45453.03,12.5,14960.81,585,7453.68,6,0,home_improvement,0.164,0.3291,Medium
21,87557.4,0.7,14480.86,533,39197.66,3,0,other,0.4477,0.1654,Medium
41,41611.96,2.6,13245.6,693,5446.65,11,1,medical,0.1309,0.3183,Low
39,60943.4,0.0,4665.35,515,4259.29,1,1,debt_consolidation,0.0699,0.0766,High
41,36797.63,8.2,5421.43,641,4856.08,5,0,debt_consolidation,0.132,0.1473,Low
38,63943.63,0.9,39277.06,686,8656.19,11,1,medical,0.1354,0.6142,Medium
63,60815.83,7.4,30656.26,656,4266.16,11,0,debt_consolidation,0.0701,0.5041,Low
23,88759.04,0.8,11312.53,667,3462.48,13,0,other,0.039,0.1275,Low
64,122735.51,2.7,17281.46,601,2714.37,9,0,debt_consolidation,0.0221,0.1408,Medium
52,77490.67,6.5,4903.7,737,5064.11,11,0,debt_consolidation,0.0654,0.0633,Low
30,68550.78,1.6,5474.54,682,10294.49,14,0,education,0.1502,0.0799,Low
60,40322.27,1.9,2279.1,535,6428.78,10,0,business,0.1594,0.0565,Medium
35,15790.55,5.5,6991.43,608,5665.25,6,1,other,0.3588,0.4427,High
25,93821.71,1.0,9044.65,802,4523.14,13,1,debt_consolidation,0.0482,0.0964,Low
24,124006.82,15.2,20419.22,679,2178.0,5,0,debt_consolidation,0.0176,0.1647,Low
48,57324.92,1.0,11615.52,706,6990.42,3,0,education,0.1219,0.2026,Low
24,29641.96,6.9,15669.3,554,3020.3,12,0,home_improvement,0.1019,0.5286,Medium
35,97629.15,8.1,10700.4,731,5794.09,10,0,business,0.0593,0.1096,High
37,85181.67,2.3,12321.07,482,13218.04,6,0,debt_consolidation,0.1552,0.1446,High
64,17700.35,0.8,10731.42,675,4129.41,9,0,medical,0.2333,0.6062,Medium
23,52585.99,0.9,15606.81,625,2282.87,5,1,debt_consolidation,0.0434,0.2968,High
30,55348.29,21.2,2584.46,627,8121.88,5,0,business,0.1467,0.0467,Low
62,21977.85,6.5,13326.52,732,7780.29,1,0,education,0.354,0.6063,Low
43,28582.96,3.0,12168.24,560,2407.08,10,0,debt_consolidation,0.0842,0.4257,Medium
38,84607.69,1.5,36322.04,669,2424.99,1,1,debt_consolidation,0.0287,0.4293,High
21,50760.15,0.1,15312.14,671,6823.99,12,0,debt_consolidation,0.1344,0.3017,Low
55,30486.18,5.6,34677.92,670,11867.79,5,0,debt_consolidation,0.3893,1.1375,High
51,35076.8,15.7,8332.05,763,8437.0,0,0,other,0.2405,0.2375,Low
64,26888.22,0.6,8497.36,647,3281.74,7,0,business,0.122,0.316,Medium
21,50904.66,7.0,36573.31,686,15357.04,8,0,debt_consolidation,0.3017,0.7185,High
23,71407.05,0.8,11586.79,733,3506.08,7,1,other,0.0491,0.1623,Medium
23,88285.96,7.9,8226.88,590,12873.26,9,0,debt_consolidation,0.1458,0.0932,Low
57,35101.82,2.3,13531.58,637,13404.2,5,0,other,0.3819,0.3855,Medium
39,41073.08,6.2,14978.17,548,8618.07,12,0,debt_consolidation,0.2098,0.3647,Low
49,62980.45,13.0,28011.49,695,2719.35,9,0,education,0.0432,0.4448,Low
45,78928.99,4.8,8253.29,659,13200.83,0,0,debt_consolidation,0.1672,0.1046,Low
53,59005.74,12.7,20839.8,709,23358.22,12,1,other,0.3959,0.3532,Medium
56,92389.31,1.3,38228.0,644,12948.29,7,0,debt_consolidation,0.1401,0.4138,Low
49,121595.21,19.1,26122.4,606,2141.24,1,0,home_improvement,0.0176,0.2148,Low
46,21698.38,10.3,39536.18,679,1879.64,3,0,debt_consolidation,0.0866,1.822,Medium
24,104768.5,0.6,13457.04,765,7029.83,0,0,home_improvement,0.0671,0.1284,High
34,93834.19,2.7,19197.46,697,1921.66,0,0,home_improvement,0.0205,0.2046,Low
47,27234.07,13.1,8397.35,536,5838.09,4,0,medical,0.2144,0.3083,Low
53,61814.29,0.4,58538.7,665,4862.14,11,0,medical,0.0787,0.947,Medium
42,67372.15,3.0,22887.59,820,2607.08,11,0,medical,0.0387,0.3397,Low
23,28426.92,6.4,15337.45,597,10129.31,14,0,debt_consolidation,0.3563,0.5395,High
43,47546.21,0.2,12929.76,611,2347.41,13,0,debt_consolidation,0.0494,0.2719,Medium
41,53008.06,7.0,3716.48,493,8978.52,5,0,business,0.1694,0.0701,Medium
61,28567.77,2.2,3632.95,643,4449.6,10,0,business,0.1558,0.1272,High
43,41379.53,1.4,6933.22,614,5110.0,8,0,medical,0.1235,0.1675,Medium
24,98773.91,4.3,9652.7,688,4546.39,2,1,education,0.046,0.0977,Low
41,113739.05,3.9,19717.19,651,4633.65,11,0,debt_consolidation,0.0407,0.1734,Low
57,28231.92,10.4,21699.46,665,17382.18,12,0,home_improvement,0.6157,0.7686,Medium
63,12934.22,5.6,13358.48,694,914.89,1,0,business,0.0707,1.0327,Medium
51,91005.83,2.7,16219.84,505,15115.61,13,1,medical,0.1661,0.1782,High
41,121930.49,5.3,11993.91,742,966.52,1,0,business,0.0079,0.0984,Low
46,75991.96,6.9,25788.36,683,12005.2,7,0,education,0.158,0.3394,Low
61,42467.7,13.8,8620.46,728,4493.13,8,0,home_improvement,0.1058,0.203,Low
55,28513.6,6.1,11064.55,683,7588.44,14,0,debt_consolidation,0.2661,0.388,Medium
58,66728.53,3.9,14983.53,681,4329.71,7,0,home_improvement,0.0649,0.2245,Medium
44,83061.74,2.3,8405.8,635,4630.19,11,0,debt_consolidation,0.0557,0.1012,Low
31,35245.59,11.1,5459.86,611,5280.61,2,0,home_improvement,0.1498,0.1549,Low
61,56248.18,7.9,16550.48,720,5838.88,14,0,home_improvement,0.1038,0.2942,Low
49,39444.3,0.4,51622.73,685,2738.49,12,0,debt_consolidation,0.0694,1.3087,Medium
23,71465.34,6.0,14294.16,622,1782.74,9,0,education,0.0249,0.2,Low
21,17510.9,3.9,20919.08,757,592.45,9,0,debt_consolidation,0.0338,1.1946,Medium
39,59774.61,0.5,10903.69,635,4785.03,7,0,education,0.08,0.1824,Low
42,40824.02,4.2,16969.52,682,33871.43,9,0,debt_consolidation,0.8297,0.4157,Medium
34,122520.6,1.1,5717.3,558,1285.81,13,0,education,0.0105,0.0467,Low
34,57296.5,6.2,6990.57,614,18968.91,10,0,debt_consolidation,0.3311,0.122,Low
64,69833.6,1.6,19267.0,561,5982.25,13,0,debt_consolidation,0.0857,0.2759,High
36,30589.85,0.8,11587.68,562,4810.1,5,0,business,0.1572,0.3788,High
53,43883.17,0.4,4919.53,634,8622.24,5,0,other,0.1965,0.1121,Low
33,59709.92,3.4,10389.25,607,3951.44,13,0,business,0.0662,0.174,Low
58,40957.46,1.1,23242.45,727,2883.27,8,0,debt_consolidation,0.0704,0.5675,Low
32,43428.36,9.7,9179.1,599,1439.5,7,0,education,0.0331,0.2114,Low
58,55909.05,0.0,3425.84,689,4901.87,0,0,home_improvement,0.0877,0.0613,Low
59,20813.83,9.3,38330.84,591,4219.99,6,1,other,0.2027,1.8415,Medium
53,37714.21,3.7,14309.9,649,3722.78,5,0,business,0.0987,0.3794,Medium
53,72721.93,12.8,35499.14,562,10398.27,4,0,other,0.143,0.4881,High
49,40262.58,1.1,16505.84,703,3770.96,2,1,debt_consolidation,0.0937,0.4099,Medium
25,157674.19,0.5,9046.4,768,9501.67,0,0,home_improvement,0.0603,0.0574,Low
26,51296.21,4.9,16527.46,557,1760.06,7,0,debt_consolidation,0.0343,0.3222,High
51,19418.61,6.1,16162.64,696,10797.31,14,0,home_improvement,0.556,0.8323,High
36,61202.14,2.3,40157.93,778,13841.53,11,0,home_improvement,0.2262,0.6561,Low
51,28912.77,0.1,28886.7,584,5148.56,2,0,debt_consolidation,0.1781,0.9991,High
45,58104.41,2.6,20156.89,767,5072.47,13,0,home_improvement,0.0873,0.3469,High
53,36943.16,1.3,16818.06,653,9147.9,6,0,education,0.2476,0.4552,High
33,38188.43,2.1,14021.98,641,7770.8,5,0,business,0.2035,0.3672,Low
30,82254.95,3.5,9434.5,626,3333.38,1,0,home_improvement,0.0405,0.1147,Medium
44,22209.09,6.1,25480.59,628,5475.33,1,0,business,0.2465,1.1473,Medium
30,38459.95,16.5,10366.19,553,30493.16,10,0,other,0.7928,0.2695,High
61,36369.65,0.8,11548.12,603,3203.06,2,0,debt_consolidation,0.0881,0.3175,Medium
51,95656.56,5.7,13921.27,821,7712.74,2,0,business,0.0806,0.1455,Low
33,41173.2,1.3,9176.79,536,7327.76,1,0,other,0.178,0.2229,High
23,30613.96,1.2,10214.76,664,5272.17,14,0,education,0.1722,0.3337,Low
54,55029.34,5.0,13378.71,643,13021.52,12,0,debt_consolidation,0.2366,0.2431,Low
48,31346.47,7.5,12741.09,638,18994.55,13,1,education,0.6059,0.4064,High
39,33702.07,19.0,31998.81,586,16781.95,7,0,medical,0.4979,0.9494,High
43,69220.97,7.3,5341.56,511,9696.78,0,0,education,0.1401,0.0772,Low
52,11695.56,0.9,18721.3,672,14994.43,2,0,business,1.282,1.6006,High
33,30272.22,1.3,10005.71,598,2157.36,0,1,debt_consolidation,0.0713,0.3305,Medium
53,34947.98,7.2,10843.14,657,1277.86,3,0,home_improvement,0.0366,0.3103,Low
54,106145.22,3.7,3208.54,590,591.95,0,0,debt_consolidation,0.0056,0.0302,Medium
53,61246.71,1.8,8542.21,691,3221.13,0,1,business,0.0526,0.1395,Low
25,48249.3,3.2,18241.45,645,18332.68,11,0,home_improvement,0.3799,0.3781,Low
23,46555.43,12.3,8820.57,665,6110.75,3,0,debt_consolidation,0.1313,0.1895,Low
27,52142.43,7.0,10038.87,690,2546.58,5,0,education,0.0488,0.1925,Low
44,55425.84,3.0,11131.55,650,34225.75,10,0,education,0.6175,0.2008,Low
42,52196.35,19.7,15086.17,587,2494.33,5,0,debt_consolidation,0.0478,0.289,Medium
43,129739.9,7.9,36230.75,719,2437.17,11,0,business,0.0188,0.2793,Low
50,39355.79,0.0,12785.91,798,2974.4,3,0,business,0.0756,0.3249,Low
38,53486.99,0.6,75679.27,680,9632.41,6,0,business,0.1801,1.4149,Medium
52,49960.9,4.0,63029.98,430,1802.69,7,0,home_improvement,0.0361,1.2616,High
27,78404.73,2.2,35718.27,582,7395.38,1,0,debt_consolidation,0.0943,0.4556,Low
53,34661.6,8.4,24602.35,633,1939.55,8,0,other,0.056,0.7098,Low
25,40806.3,11.3,16445.32,619,7400.49,4,0,business,0.1814,0.403,Low
48,23021.25,1.4,33228.18,525,8232.5,5,1,debt_consolidation,0.3576,1.4433,Medium
28,80298.6,7.2,47444.37,589,3176.18,0,0,debt_consolidation,0.0396,0.5908,Medium
35,22892.2,3.8,14285.14,647,3994.39,12,0,education,0.1745,0.624,Medium
24,64201.27,2.5,15681.09,667,936.53,14,0,home_improvement,0.0146,0.2442,Medium
54,113612.39,7.7,21220.46,648,6333.38,3,0,home_improvement,0.0557,0.1868,Low
25,128395.13,4.2,12573.52,579,4464.7,6,0,business,0.0348,0.0979,Low
53,42066.87,5.0,32416.09,551,2087.8,5,0,debt_consolidation,0.0496,0.7706,Medium
25,41235.76,0.3,6380.42,609,16816.22,14,0,business,0.4078,0.1547,High
58,47237.37,4.4,16431.49,610,5512.25,13,0,education,0.1167,0.3478,Medium
54,76908.34,1.8,6551.45,684,4391.63,1,0,home_improvement,0.0571,0.0852,Low
46,45887.68,3.4,13052.02,553,14787.43,6,1,debt_consolidation,0.3222,0.2844,High
21,42750.27,1.3,8589.23,662,1054.78,13,0,medical,0.0247,0.2009,Medium
24,83813.79,4.8,12919.78,644,2455.77,8,0,home_improvement,0.0293,0.1541,Low
59,50103.07,0.8,4887.09,618,3600.59,8,0,other,0.0719,0.0975,Low
46,45408.55,0.7,19136.55,680,1031.04,12,1,business,0.0227,0.4214,High
53,31632.3,1.0,10605.46,613,3647.56,13,0,debt_consolidation,0.1153,0.3353,Medium
53,81921.37,8.5,25272.3,730,969.47,2,0,debt_consolidation,0.0118,0.3085,Medium
28,55466.75,0.2,12929.32,707,1886.16,5,0,debt_consolidation,0.034,0.2331,Low
40,48734.32,6.5,22128.11,595,6133.72,0,1,medical,0.1259,0.454,Low
36,19322.25,0.3,10105.24,774,4056.36,3,1,home_improvement,0.2099,0.523,High
41,79003.64,4.5,21600.17,490,5696.55,4,0,medical,0.0721,0.2734,Medium
46,27802.36,7.4,47351.72,773,1947.91,8,0,education,0.0701,1.7031,Medium
43,61448.79,1.3,8449.28,761,3772.76,2,0,medical,0.0614,0.1375,Medium
38,33214.2,1.1,21732.48,562,3574.92,8,1,business,0.1076,0.6543,High
51,28665.53,1.7,6333.38,625,1100.85,13,1,medical,0.0384,0.2209,High
62,77969.71,6.0,12303.41,560,8564.87,4,0,other,0.1098,0.1578,Medium
32,51576.89,1.5,4409.17,613,14576.36,2,0,debt_consolidation,0.2826,0.0855,Low
21,50037.1,3.5,19896.81,760,12304.72,1,0,other,0.2459,0.3976,Low
62,129995.45,0.7,9370.71,637,1205.4,8,0,education,0.0093,0.0721,Medium
29,128993.57,3.1,20917.83,487,9561.34,10,1,business,0.0741,0.1622,Medium
23,43326.64,4.9,16038.82,708,3292.98,14,0,other,0.076,0.3702,Low
46,25499.82,0.4,11562.52,667,21073.42,11,1,debt_consolidation,0.8264,0.4534,High
29,99399.85,8.4,21301.66,555,4389.69,12,0,business,0.0442,0.2143,Low
62,25026.63,13.9,25267.24,775,11988.2,10,0,debt_consolidation,0.479,1.0096,Medium
36,62168.24,1.1,10389.64,706,1909.31,12,1,business,0.0307,0.1671,Low
44,42875.41,7.1,25854.13,624,5021.44,5,0,debt_consolidation,0.1171,0.603,Low
34,50919.42,1.9,11661.44,670,39774.98,5,0,home_improvement,0.7811,0.229,High
23,90503.68,5.6,2579.3,751,1630.58,14,0,medical,0.018,0.0285,Low
54,33076.48,1.8,15207.5,696,5699.0,1,0,education,0.1723,0.4598,Medium
53,36167.62,9.9,9056.78,531,8867.3,7,0,home_improvement,0.2452,0.2504,High
44,71612.59,2.1,10615.48,591,3431.07,4,0,debt_consolidation,0.0479,0.1482,Low
29,119899.5,9.4,3981.1,494,2603.69,9,0,debt_consolidation,0.0217,0.0332,Low
33,168904.2,7.3,15985.35,633,13727.12,5,0,other,0.0813,0.0946,Low
22,23732.36,1.1,8833.14,494,6452.2,8,0,home_improvement,0.2719,0.3722,Medium
27,39743.23,0.9,9761.35,658,21979.2,7,0,education,0.553,0.2456,Medium
41,29267.37,7.6,25191.23,715,3870.93,8,0,other,0.1323,0.8607,Medium
39,74852.58,2.5,3773.17,638,6523.0,6,0,education,0.0871,0.0504,Low
45,50535.62,14.9,16698.43,548,2196.45,0,0,home_improvement,0.0435,0.3304,High
42,76030.79,14.3,16895.45,646,10670.84,11,1,home_improvement,0.1403,0.2222,Medium
31,40233.0,5.9,15405.03,668,2498.25,0,0,medical,0.0621,0.3829,Medium
53,69547.41,3.5,25938.08,723,7843.96,3,0,home_improvement,0.1128,0.373,Low
52,44825.38,1.1,22709.34,596,3944.96,11,1,home_improvement,0.088,0.5066,High
41,52633.88,10.7,14443.22,690,4776.24,1,0,education,0.0907,0.2744,Low
59,36749.49,0.4,8508.9,557,5338.71,8,0,business,0.1453,0.2315,High
40,96763.18,2.3,10208.19,576,5215.83,3,0,home_improvement,0.0539,0.1055,High
28,26072.63,1.9,13175.25,750,5315.88,4,0,home_improvement,0.2039,0.5053,Low
62,46311.01,15.9,3295.29,804,1733.73,1,0,business,0.0374,0.0712,Low
57,119424.78,0.6,9894.88,589,6851.16,14,0,home_improvement,0.0574,0.0829,Low
29,92780.42,11.0,27374.89,742,3241.91,8,0,home_improvement,0.0349,0.295,Low
45,32157.18,3.0,10564.81,704,7445.96,7,1,other,0.2315,0.3285,High
45,32985.34,0.2,21684.97,610,7842.26,13,0,business,0.2377,0.6574,High
53,63388.48,6.5,22551.19,643,2612.25,6,0,debt_consolidation,0.0412,0.3558,Low
22,67844.04,0.5,27636.86,691,1868.75,11,0,debt_consolidation,0.0275,0.4074,Medium
39,88871.95,1.4,11039.33,699,6992.27,6,0,debt_consolidation,0.0787,0.1242,Low
40,24230.56,8.0,11478.87,758,4775.38,11,0,other,0.1971,0.4737,Low
62,94645.79,0.8,16082.33,575,5566.87,14,0,other,0.0588,0.1699,High
61,31234.7,2.0,8288.23,720,3537.16,7,0,debt_consolidation,0.1132,0.2653,Low
62,95543.5,2.2,8772.86,710,3874.94,14,1,debt_consolidation,0.0406,0.0918,Low
49,21857.26,4.4,24354.84,768,2656.47,9,0,home_improvement,0.1215,1.1142,High
26,28085.9,7.8,8802.9,623,5396.61,14,1,business,0.1921,0.3134,High
37,115902.86,1.3,18147.99,740,3195.33,9,1,home_improvement,0.0276,0.1566,Low
45,119135.74,1.2,16956.59,766,1067.44,6,0,education,0.009,0.1423,Low
58,51542.79,1.3,13282.82,673,5071.95,9,0,home_improvement,0.0984,0.2577,Low
24,41579.2,2.4,15681.84,668,5287.56,6,1,business,0.1272,0.3771,High
50,48628.89,3.8,20113.84,650,21818.9,5,0,debt_consolidation,0.4487,0.4136,Medium
40,60316.68,0.1,31660.15,718,2347.25,8,0,debt_consolidation,0.0389,0.5249,Low
23,63095.54,7.6,7600.26,740,4803.27,3,0,education,0.0761,0.1205,Low
43,42303.86,13.1,7440.49,698,11504.52,4,0,education,0.2719,0.1759,Low
38,18625.06,9.3,12588.71,703,5818.1,5,0,home_improvement,0.3124,0.6759,Medium
46,37352.24,0.2,16518.76,597,8654.91,6,0,medical,0.2317,0.4422,Medium
56,22527.64,3.7,15820.35,598,5845.53,4,0,home_improvement,0.2595,0.7022,High
28,71890.92,8.4,37485.85,552,5076.24,4,0,education,0.0706,0.5214,Medium
37,58950.11,2.1,7516.18,812,4901.98,9,0,business,0.0832,0.1275,Low
51,46368.5,11.4,4958.21,619,6534.68,9,0,home_improvement,0.1409,0.1069,Medium
57,43244.11,10.9,18183.66,705,10801.1,13,0,debt_consolidation,0.2498,0.4205,Low
53,131013.04,0.8,15273.17,573,17233.49,5,0,education,0.1315,0.1166,Medium
47,86959.42,3.4,12307.98,611,1524.52,9,1,debt_consolidation,0.0175,0.1415,Medium
24,54320.69,0.1,21686.89,556,2453.78,8,0,education,0.0452,0.3992,Medium
42,37457.99,1.7,5013.32,582,13506.79,5,0,debt_consolidation,0.3606,0.1338,Medium
46,93432.88,8.4,4726.78,656,10759.57,14,0,debt_consolidation,0.1152,0.0506,Low
52,51805.43,18.5,4020.33,676,5335.94,13,0,home_improvement,0.103,0.0776,Low
44,35448.48,12.2,8727.95,654,5457.78,7,0,medical,0.154,0.2462,Low
55,36486.85,0.2,27806.45,586,7340.91,3,0,debt_consolidation,0.2012,0.7621,High
57,68249.87,13.1,5486.83,635,6946.89,6,1,debt_consolidation,0.1018,0.0804,Medium
52,78917.64,8.6,13673.83,721,3123.99,4,0,business,0.0396,0.1733,Low
27,67359.57,10.1,16041.93,741,1613.33,3,0,debt_consolidation,0.024,0.2382,Medium
53,68103.13,12.3,33800.94,706,2639.31,12,0,business,0.0388,0.4963,Low
51,42102.59,3.3,7964.68,677,4428.2,11,0,business,0.1052,0.1892,Medium
32,37343.31,1.2,7775.62,626,4930.01,1,0,debt_consolidation,0.132,0.2082,Low
31,52801.28,0.1,24860.22,596,3018.72,8,0,home_improvement,0.0572,0.4708,Medium
44,47051.01,0.1,7020.78,644,22059.5,4,0,education,0.4688,0.1492,Medium
28,29720.83,5.1,27602.99,664,2426.7,10,1,debt_consolidation,0.0816,0.9287,High
52,48236.68,2.1,16550.01,731,2340.42,12,0,business,0.0485,0.3431,Low
58,69215.74,3.4,4631.57,601,4302.25,5,0,home_improvement,0.0622,0.0669,Medium
42,40328.28,0.7,19769.86,569,2208.32,0,0,home_improvement,0.0548,0.4902,High
54,108404.63,18.5,17518.55,494,14120.62,3,0,home_improvement,0.1303,0.1616,Medium
39,26215.12,0.7,11553.59,736,4823.47,4,0,business,0.184,0.4407,Low
40,32465.18,2.9,9176.12,640,23773.39,14,0,debt_consolidation,0.7323,0.2826,Medium
34,36813.03,2.9,35217.67,524,16097.87,14,1,business,0.4373,0.9566,Medium
53,73957.45,0.0,3074.15,604,3956.58,3,0,debt_consolidation,0.0535,0.0416,Medium
30,54512.79,5.5,5390.44,593,2738.94,1,0,medical,0.0502,0.0989,Low
36,31475.76,3.9,9729.16,609,6661.77,0,1,education,0.2116,0.3091,High
24,19223.03,3.4,17856.33,700,14334.11,8,0,home_improvement,0.7456,0.9289,High
47,27082.11,8.5,13339.95,565,2063.77,14,0,debt_consolidation,0.0762,0.4926,High
48,20401.4,1.4,8743.54,717,1023.81,12,0,home_improvement,0.0502,0.4286,Medium
63,75867.06,9.9,18360.7,595,3449.04,3,1,education,0.0455,0.242,High
36,28867.11,10.0,4710.13,587,2644.45,7,0,home_improvement,0.0916,0.1632,Low
53,68891.04,8.8,16615.51,557,10820.38,10,1,debt_consolidation,0.1571,0.2412,High
39,64337.74,2.1,11158.95,642,2116.79,7,0,debt_consolidation,0.0329,0.1734,Medium
41,88946.84,0.9,19982.85,672,7224.38,11,1,education,0.0812,0.2247,High
42,34292.14,3.2,17964.81,617,2967.05,11,1,medical,0.0865,0.5239,High
29,60015.79,1.5,21101.19,645,2632.19,13,0,medical,0.0439,0.3516,Low
29,52095.91,0.3,9261.17,628,7147.74,14,0,education,0.1372,0.1778,Medium
29,52168.46,1.6,8586.49,720,1781.12,3,0,education,0.0341,0.1646,Low
47,48556.92,3.2,15012.93,631,12676.16,7,0,other,0.2611,0.3092,High
37,74679.24,0.6,5570.89,655,6058.97,11,0,debt_consolidation,0.0811,0.0746,Low
64,70705.76,14.4,50471.28,774,2514.51,3,0,business,0.0356,0.7138,Low
28,48959.08,5.3,35055.08,850,27158.22,5,0,debt_consolidation,0.5547,0.716,High
36,38960.39,0.7,5250.94,584,17872.13,12,0,debt_consolidation,0.4587,0.1348,High
38,36783.93,8.4,15319.22,760,1069.52,4,1,home_improvement,0.0291,0.4165,Medium
53,49896.9,13.2,27155.61,572,3665.97,10,0,home_improvement,0.0735,0.5442,High
21,54770.73,1.5,10556.55,707,3462.43,13,0,education,0.0632,0.1927,Low
32,46829.55,0.8,8518.86,792,2628.97,14,0,home_improvement,0.0561,0.1819,Low
26,25696.29,1.9,27129.87,699,12963.46,0,0,debt_consolidation,0.5045,1.0557,High
61,42094.43,8.9,30083.93,648,2485.84,14,0,debt_consolidation,0.0591,0.7147,Medium
25,37663.98,1.0,5078.49,501,4124.22,8,0,debt_consolidation,0.1095,0.1348,Medium
36,49391.8,7.6,14334.62,604,3992.33,10,0,home_improvement,0.0808,0.2902,Low
38,174220.85,6.3,12426.24,600,767.82,5,0,business,0.0044,0.0713,Low
38,60783.7,5.3,4651.36,594,9459.71,13,0,business,0.1556,0.0765,Medium
21,92145.18,2.8,5095.17,651,17695.67,11,0,debt_consolidation,0.192,0.0553,Low
39,34820.38,2.3,7688.41,671,2606.51,9,1,home_improvement,0.0749,0.2208,High
28,49560.21,0.4,13486.61,469,7168.42,14,0,home_improvement,0.1446,0.2721,High
23,90611.64,2.2,28996.41,518,5613.09,12,0,debt_consolidation,0.0619,0.32,Low
45,22242.92,4.6,2517.58,746,8936.68,10,1,medical,0.4018,0.1132,Medium
25,43620.94,11.4,14345.45,622,16643.36,8,0,education,0.3815,0.3289,Low
60,66858.07,9.0,7544.0,600,4557.32,3,1,education,0.0682,0.1128,Medium
39,47273.68,0.2,18374.94,676,1724.07,3,0,business,0.0365,0.3887,Medium
38,36903.2,0.7,24609.61,746,30044.32,13,0,home_improvement,0.8141,0.6669,High
51,37954.33,9.4,25054.9,513,4736.74,3,0,debt_consolidation,0.1248,0.6601,High
53,57394.18,14.0,12600.06,549,2235.9,1,0,home_improvement,0.039,0.2195,Low
38,22353.9,0.3,10921.82,609,3650.11,2,0,debt_consolidation,0.1633,0.4886,Medium
59,52172.66,6.0,29724.84,755,4421.39,12,0,medical,0.0847,0.5697,Medium
36,70468.9,2.3,10952.37,782,2036.95,4,0,debt_consolidation,0.0289,0.1554,Low
36,40902.0,2.3,13816.65,654,2402.69,12,0,debt_consolidation,0.0587,0.3378,Medium
58,22471.67,5.1,10124.31,683,10901.78,14,0,debt_consolidation,0.4851,0.4505,High
61,37948.35,8.3,16335.51,600,6182.1,3,0,home_improvement,0.1629,0.4305,Medium
27,46079.21,1.6,5883.92,643,9077.14,0,1,education,0.197,0.1277,High
34,28616.37,6.1,11202.3,651,7997.68,7,0,debt_consolidation,0.2795,0.3915,Low
63,49777.39,5.1,14119.73,557,2106.1,3,0,business,0.0423,0.2837,Medium
45,53424.44,3.6,24842.98,674,4808.27,3,0,other,0.09,0.465,Low
52,89437.32,4.6,12051.25,711,14776.29,6,0,home_improvement,0.1652,0.1347,Low
58,45140.64,0.1,3064.47,701,5163.72,5,0,education,0.1144,0.0679,Low
42,51837.12,0.0,9374.38,574,9992.8,13,0,education,0.1928,0.1808,Medium
36,37217.12,4.0,32060.73,601,7856.53,1,0,education,0.2111,0.8614,High
49,38615.65,3.7,14680.2,613,2428.34,3,0,home_improvement,0.0629,0.3802,High
36,69709.67,0.4,8651.59,674,11930.62,11,1,education,0.1711,0.1241,Medium
32,43597.36,3.4,7292.75,667,15019.28,1,0,other,0.3445,0.1673,High
37,74109.66,7.1,16716.17,743,5225.18,11,0,debt_consolidation,0.0705,0.2256,Low
57,47887.3,3.9,8845.79,665,11298.63,2,0,business,0.2359,0.1847,Medium
47,27669.43,3.6,13580.71,752,5334.94,10,0,business,0.1928,0.4908,Low
45,34667.19,6.3,8435.5,752,5099.25,10,0,business,0.1471,0.2433,Medium
33,164258.22,0.9,7821.48,603,3823.58,9,0,home_improvement,0.0233,0.0476,Low
28,46619.27,3.1,10600.33,658,2205.24,5,0,business,0.0473,0.2274,Medium
25,21858.29,0.8,12409.76,636,2853.12,12,1,debt_consolidation,0.1305,0.5677,High
32,27745.96,3.7,12920.33,694,2062.85,10,0,debt_consolidation,0.0743,0.4656,Medium
61,34323.03,4.5,11304.87,693,12990.91,8,1,other,0.3785,0.3294,Medium
23,31362.16,0.6,25808.52,692,5063.31,13,0,business,0.1614,0.8229,High
55,28293.76,0.4,10455.93,646,12909.08,0,0,debt_consolidation,0.4562,0.3695,High
53,101842.52,0.9,31692.56,662,919.91,3,0,debt_consolidation,0.009,0.3112,Low
42,68345.52,4.4,12123.75,794,2106.85,13,0,education,0.0308,0.1774,Low
64,44359.81,1.1,8981.58,616,3309.6,7,0,education,0.0746,0.2025,Low
29,36547.4,1.6,15962.36,612,10121.96,12,0,education,0.2769,0.4367,Medium
61,45213.58,6.1,20929.79,593,5709.84,3,0,debt_consolidation,0.1263,0.4629,Medium
38,119418.22,1.4,8180.11,702,4900.47,14,0,medical,0.041,0.0685,Low
49,31808.24,2.5,5649.88,683,1304.74,5,0,debt_consolidation,0.041,0.1776,Low
59,22279.39,13.2,24292.71,657,9262.84,10,0,home_improvement,0.4157,1.0903,High
47,68437.53,8.7,29846.37,610,4813.48,14,0,education,0.0703,0.4361,Low
56,81151.0,1.5,18446.41,670,22407.08,0,0,debt_consolidation,0.2761,0.2273,Low
37,101297.51,4.6,8542.2,696,803.14,9,0,debt_consolidation,0.0079,0.0843,Low
54,41102.77,5.5,12197.83,566,4432.31,12,0,debt_consolidation,0.1078,0.2968,Medium
23,41318.26,11.5,6508.1,700,2008.29,3,0,home_improvement,0.0486,0.1575,Low
25,134073.11,4.0,24785.25,551,1941.58,6,0,other,0.0145,0.1849,High
34,66022.43,4.1,15233.85,804,2898.97,5,0,business,0.0439,0.2307,Low
23,46979.28,11.0,17491.12,639,17179.05,8,0,other,0.3657,0.3723,High
43,63050.01,0.3,14440.54,754,5115.7,10,1,debt_consolidation,0.0811,0.229,Low
59,39418.88,4.9,13389.64,645,3932.49,2,0,home_improvement,0.0998,0.3397,Low
50,56988.93,2.7,15143.83,756,4019.37,4,0,other,0.0705,0.2657,Low
43,56528.21,12.0,13355.78,773,6435.56,6,0,education,0.1138,0.2363,Low
47,74390.74,16.2,26913.93,690,3344.3,11,0,business,0.045,0.3618,Low
30,29957.49,0.9,5758.39,579,6204.8,10,0,debt_consolidation,0.2071,0.1922,Medium
45,58554.54,1.7,7941.83,584,5841.45,0,0,debt_consolidation,0.0998,0.1356,Low
33,27356.4,1.6,10746.78,677,4525.79,11,0,home_improvement,0.1654,0.3928,Medium
36,125211.52,0.5,11954.07,660,6715.46,8,0,medical,0.0536,0.0955,Low
61,39751.31,3.3,24370.22,724,2672.32,10,0,education,0.0672,0.6131,Low
54,21430.13,3.6,5896.93,640,4147.01,8,0,medical,0.1935,0.2752,Low
57,196551.63,4.3,18499.2,687,1685.26,2,0,home_improvement,0.0086,0.0941,Low
42,37777.26,5.4,12290.33,651,1195.74,7,1,business,0.0317,0.3253,Low
37,51404.56,0.3,22288.92,684,14137.94,1,0,home_improvement,0.275,0.4336,Medium
43,21001.04,4.9,16924.05,678,8959.14,3,0,business,0.4266,0.8058,Medium
56,47738.64,12.3,12376.04,714,14334.0,6,0,business,0.3003,0.2592,Low
29,113137.24,3.0,7358.79,681,10546.65,8,0,business,0.0932,0.065,Low
22,69735.9,0.6,16407.32,764,2774.79,3,0,debt_consolidation,0.0398,0.2353,Low
52,20943.47,0.4,10534.58,807,877.58,0,0,home_improvement,0.0419,0.503,Low
42,33470.19,1.7,12526.64,737,2699.84,6,0,business,0.0807,0.3743,Medium
63,77581.99,7.0,21366.49,645,7074.38,2,1,business,0.0912,0.2754,Medium
33,67394.68,1.5,32383.39,719,5266.61,10,1,home_improvement,0.0781,0.4805,High
28,38445.32,8.4,5021.84,713,5076.96,9,0,debt_consolidation,0.1321,0.1306,Medium
21,59786.46,8.6,21419.02,600,3618.17,8,0,home_improvement,0.0605,0.3583,Medium
37,26927.98,3.1,29117.54,807,1918.0,9,0,business,0.0712,1.0813,Low
32,25501.58,1.8,12103.66,748,18225.48,8,0,debt_consolidation,0.7147,0.4746,Medium
24,14091.88,4.6,6688.62,639,8013.16,1,0,debt_consolidation,0.5686,0.4746,Low
33,77862.02,8.3,16575.55,656,7444.18,11,0,business,0.0956,0.2129,Low
51,46509.52,0.3,11971.67,559,1454.76,6,1,home_improvement,0.0313,0.2574,High
61,49124.4,15.3,109899.05,654,4239.03,13,0,education,0.0863,2.2371,High
27,10562.66,5.2,16325.38,690,7718.87,7,0,debt_consolidation,0.7307,1.5454,High
43,47819.23,2.5,9989.5,637,23589.77,10,1,business,0.4933,0.2089,Medium
44,64571.46,3.5,5531.74,561,11765.37,0,0,medical,0.1822,0.0857,Medium
25,17244.98,2.4,7455.52,699,3749.91,14,0,other,0.2174,0.4323,Medium
25,50116.22,2.7,22729.12,629,8554.38,4,0,medical,0.1707,0.4535,Medium
37,47417.5,4.5,4721.64,588,6621.99,12,0,medical,0.1396,0.0996,Low
50,38845.56,0.3,4818.5,681,9330.24,10,0,other,0.2402,0.124,Low
29,94259.92,1.0,24289.13,562,3826.21,7,0,other,0.0406,0.2577,Low
26,83603.33,1.3,10665.29,659,5570.48,12,1,debt_consolidation,0.0666,0.1276,Medium
45,257517.65,2.6,11389.39,748,2501.82,12,0,home_improvement,0.0097,0.0442,Low
39,26729.85,2.3,18904.77,721,3813.96,12,0,education,0.1427,0.7072,Medium
36,60737.75,6.4,11572.21,689,12907.67,9,0,business,0.2125,0.1905,Low
41,103770.46,1.5,5130.71,655,5860.98,1,0,other,0.0565,0.0494,Low
22,34679.45,0.3,8991.05,484,1593.39,0,0,other,0.0459,0.2593,Medium
30,114191.02,0.3,17701.54,626,3396.5,13,0,home_improvement,0.0297,0.155,Low
36,58832.63,0.1,13905.94,650,8305.51,9,0,home_improvement,0.1412,0.2364,Low
57,20468.69,0.2,32843.46,712,1211.08,3,0,home_improvement,0.0592,1.6045,High
35,25772.51,9.8,17104.03,581,8965.37,14,1,education,0.3479,0.6636,High
33,36673.98,6.0,7968.99,693,11464.94,14,0,education,0.3126,0.2173,Medium
33,46905.23,27.5,31063.91,701,6320.04,0,0,home_improvement,0.1347,0.6623,Low
52,91055.14,0.1,32340.01,656,3017.59,14,1,medical,0.0331,0.3552,High
28,46871.5,9.5,8756.28,721,1337.92,12,1,debt_consolidation,0.0285,0.1868,Low
63,89290.18,6.0,18725.98,552,2112.32,4,0,debt_consolidation,0.0237,0.2097,Medium
38,51739.45,5.1,19926.01,578,17340.23,7,0,other,0.3351,0.3851,High
56,49325.17,2.2,16380.8,659,4384.34,10,0,other,0.0889,0.3321,Medium
46,42362.9,2.4,5846.61,592,13256.46,14,0,home_improvement,0.3129,0.138,High
30,80098.49,9.3,80257.87,642,3800.34,7,0,other,0.0474,1.002,Medium
51,52299.33,6.2,10335.73,742,2784.23,14,0,home_improvement,0.0532,0.1976,Medium
53,33986.64,5.5,16581.29,399,4739.66,8,0,home_improvement,0.1395,0.4879,High
49,57874.94,0.2,23186.87,838,13425.09,4,1,business,0.232,0.4006,Medium
25,39000.81,1.0,10425.56,702,7836.14,7,0,business,0.2009,0.2673,Low
33,37937.89,16.4,28112.82,657,2101.42,9,0,business,0.0554,0.741,Low
21,88550.14,3.0,13353.14,620,2799.82,4,0,other,0.0316,0.1508,Low
43,45266.24,7.6,9125.65,684,1636.84,6,1,business,0.0362,0.2016,Low
60,142528.57,2.5,5673.28,618,13987.33,12,1,debt_consolidation,0.0981,0.0398,Medium
23,70801.27,7.2,10652.18,662,5710.14,10,0,debt_consolidation,0.0806,0.1504,Low
23,33426.72,0.6,16610.78,653,6174.14,14,0,other,0.1847,0.4969,Medium
27,32298.8,0.2,11057.14,614,6939.09,7,0,debt_consolidation,0.2148,0.3423,High
56,26360.45,3.1,19786.72,670,4778.36,12,0,education,0.1813,0.7506,Low
55,66368.08,4.5,36071.12,604,2793.03,11,0,other,0.0421,0.5435,Medium
35,31942.49,2.0,11135.47,680,1005.49,14,0,debt_consolidation,0.0315,0.3486,Low
60,15790.95,6.3,26544.08,703,5662.38,11,0,medical,0.3586,1.6809,High
23,21467.21,3.4,14874.54,806,28359.38,12,0,education,1.321,0.6929,High
49,28224.07,13.2,16063.05,662,2289.95,7,0,debt_consolidation,0.0811,0.5691,Medium
50,58013.25,0.4,13451.4,833,1157.93,14,0,business,0.02,0.2319,Low
59,47036.93,0.3,16924.18,695,3856.02,12,0,other,0.082,0.3598,Medium
38,78544.54,11.8,8175.0,668,6583.76,11,0,home_improvement,0.0838,0.1041,Low
31,31144.87,5.5,8626.29,581,2186.64,1,0,education,0.0702,0.277,Medium
63,41681.86,5.6,9317.72,633,3011.13,0,0,home_improvement,0.0722,0.2235,Medium
58,117438.11,0.1,4676.23,736,1816.11,14,0,home_improvement,0.0155,0.0398,Low
60,41332.75,13.9,6459.53,560,5094.13,11,0,education,0.1232,0.1563,Low
21,54842.86,7.4,12645.39,591,6560.76,10,0,debt_consolidation,0.1196,0.2306,Low
49,35307.57,7.2,9462.34,648,3699.05,11,0,education,0.1048,0.268,Low
30,43792.95,12.1,12997.07,644,2369.63,7,0,debt_consolidation,0.0541,0.2968,Medium
48,62170.39,4.3,19447.45,740,7906.84,8,0,medical,0.1272,0.3128,Medium
51,68087.35,2.5,15507.72,748,8868.27,11,0,business,0.1302,0.2278,Medium
39,52003.41,3.3,12508.99,556,4186.16,6,0,debt_consolidation,0.0805,0.2405,High
23,43048.48,7.5,4410.84,715,6564.36,13,1,education,0.1525,0.1025,High
56,52318.38,7.3,13763.66,611,9831.35,7,0,other,0.1879,0.2631,Low
63,33925.96,4.7,8903.14,674,2507.06,8,0,business,0.0739,0.2624,Low
35,44013.47,1.2,20242.44,643,1560.02,9,0,medical,0.0354,0.4599,Medium
53,57882.46,8.5,8280.7,714,9125.22,9,0,other,0.1576,0.1431,Low
61,80297.67,5.2,6722.12,488,23580.28,12,0,home_improvement,0.2937,0.0837,Medium
63,31077.57,1.3,31323.27,622,989.05,9,0,medical,0.0318,1.0079,High
46,44864.38,3.3,4528.14,770,17473.84,3,0,education,0.3895,0.1009,Medium
36,29657.17,29.4,36820.94,644,4674.27,2,0,business,0.1576,1.2415,Medium
56,39252.82,2.0,14236.7,463,10691.56,3,0,debt_consolidation,0.2724,0.3627,High
53,80842.01,0.6,10917.24,594,1712.64,9,1,medical,0.0212,0.135,Medium
40,37486.52,0.1,10305.92,733,3162.49,2,0,debt_consolidation,0.0844,0.2749,Low
33,46723.49,1.0,22652.04,562,10382.56,1,0,other,0.2222,0.4848,Medium
53,26412.78,1.0,15221.47,608,10495.57,0,0,home_improvement,0.3974,0.5763,Low
25,37028.37,9.8,14829.33,698,3872.55,3,0,debt_consolidation,0.1046,0.4005,Low
57,22602.5,0.8,12843.54,674,4557.17,10,0,debt_consolidation,0.2016,0.5682,Low
34,56351.62,9.9,10132.35,544,3406.58,13,0,debt_consolidation,0.0605,0.1798,Medium
47,58926.53,0.5,28283.98,510,1707.12,14,0,medical,0.029,0.48,Medium
43,58014.29,11.9,10047.37,596,5399.31,4,1,debt_consolidation,0.0931,0.1732,Low
34,59907.15,1.5,6187.03,669,4402.96,7,0,debt_consolidation,0.0735,0.1033,Low
60,58067.22,4.7,16049.47,673,3582.24,6,0,home_improvement,0.0617,0.2764,Low
24,22853.4,0.9,5660.85,751,1703.06,10,0,debt_consolidation,0.0745,0.2477,Medium
59,33060.93,2.5,32350.94,497,4032.2,10,0,debt_consolidation,0.122,0.9785,Medium
39,15964.68,0.4,17098.18,688,5743.33,5,1,debt_consolidation,0.3597,1.0709,Medium
24,38879.13,4.3,3752.13,608,7832.48,5,0,debt_consolidation,0.2015,0.0965,Low
50,31717.83,2.1,16789.6,637,5577.8,10,0,business,0.1759,0.5293,Medium
39,48081.65,9.6,10679.5,697,1394.31,4,0,debt_consolidation,0.029,0.2221,Low
51,167666.36,1.0,28699.4,765,3937.84,10,0,home_improvement,0.0235,0.1712,Low
51,72485.28,1.6,12279.76,647,10489.82,3,0,education,0.1447,0.1694,Low
29,105323.28,1.0,12446.5,659,3133.42,7,0,home_improvement,0.0298,0.1182,Medium
33,73917.7,4.1,10507.6,698,994.71,7,0,home_improvement,0.0135,0.1422,Low
34,46628.28,0.6,11188.26,669,3298.49,10,0,education,0.0707,0.2399,Low
30,48783.62,1.0,3827.97,709,3042.36,9,1,education,0.0624,0.0785,Medium
51,75530.56,5.7,9494.67,821,11791.58,10,0,education,0.1561,0.1257,Low
57,55502.06,0.4,7314.61,850,8434.02,2,1,home_improvement,0.152,0.1318,Low
43,42447.34,6.8,10386.28,647,22551.85,7,0,business,0.5313,0.2447,Medium
47,100030.73,0.6,25730.19,802,6206.56,4,0,medical,0.062,0.2572,Low
26,61228.32,4.4,35286.48,619,37478.49,0,0,home_improvement,0.6121,0.5763,High
46,24038.56,30.6,15145.62,591,25795.44,7,0,debt_consolidation,1.073,0.63,Medium
22,44793.37,1.0,9305.94,481,7999.08,6,0,debt_consolidation,0.1786,0.2077,High
33,50267.74,1.5,5714.41,666,10507.18,6,0,business,0.209,0.1137,High
39,40047.26,11.4,9949.37,632,10622.38,4,0,debt_consolidation,0.2652,0.2484,Low
21,40433.74,4.9,6317.85,656,8842.51,4,0,education,0.2187,0.1562,Low
60,39789.55,3.4,11677.83,660,2422.78,14,0,debt_consolidation,0.0609,0.2935,Medium
52,20083.37,4.1,12894.79,659,4243.55,6,0,home_improvement,0.2113,0.642,High
42,18374.76,1.8,14945.14,667,4120.12,10,0,home_improvement,0.2242,0.8133,Medium
49,35358.83,9.7,14193.44,484,11597.13,13,0,debt_consolidation,0.328,0.4014,High
22,40124.87,6.8,4205.45,558,7666.49,8,0,other,0.1911,0.1048,High
60,25093.2,5.1,7510.35,664,5694.27,12,0,debt_consolidation,0.2269,0.2993,Medium
58,29374.61,13.4,7595.44,530,1849.03,9,0,debt_consolidation,0.0629,0.2586,High
31,43193.07,4.3,10218.07,695,3250.45,0,0,debt_consolidation,0.0753,0.2366,Low
37,82086.53,3.6,14201.84,612,3127.19,7,0,debt_consolidation,0.0381,0.173,Medium
63,79431.45,18.6,8419.55,626,25121.97,13,0,medical,0.3163,0.106,Medium
28,80773.93,1.2,89002.64,671,4150.02,12,0,debt_consolidation,0.0514,1.1019,Medium
42,29579.53,0.8,27914.63,718,2483.25,10,0,business,0.0839,0.9437,High
24,43864.42,0.9,7171.74,694,5565.06,13,0,business,0.1269,0.1635,Medium
31,90927.84,22.8,29636.69,634,6158.83,9,0,education,0.0677,0.3259,Low
28,20285.35,5.3,36274.8,687,4400.93,14,0,debt_consolidation,0.2169,1.7881,High
29,38959.41,1.8,6308.19,597,16015.73,13,0,debt_consolidation,0.4111,0.1619,Medium
46,54780.18,1.4,6562.74,529,12754.11,8,0,home_improvement,0.2328,0.1198,Medium
22,20898.55,0.3,14398.71,525,2894.12,13,0,debt_consolidation,0.1385,0.6889,High
36,60744.4,0.7,25239.63,634,2631.77,6,1,debt_consolidation,0.0433,0.4155,High
51,106244.31,11.9,16254.65,670,1540.83,1,0,business,0.0145,0.153,Low
26,90426.48,6.9,4752.4,598,90028.15,11,0,home_improvement,0.9956,0.0526,High
41,44851.93,14.2,8297.2,578,2953.36,4,0,debt_consolidation,0.0658,0.185,Low
46,73658.7,2.8,9386.13,599,4954.61,10,0,home_improvement,0.0673,0.1274,Low
39,20781.84,4.6,22119.85,601,3402.54,13,0,debt_consolidation,0.1637,1.0643,High
48,56340.92,3.3,5697.99,578,1791.27,13,0,home_improvement,0.0318,0.1011,Low
28,42094.1,10.7,6272.4,671,14342.21,3,0,home_improvement,0.3407,0.149,Low
34,45491.58,23.8,13845.18,655,7263.21,6,0,medical,0.1597,0.3043,Low
44,51632.93,13.5,13329.55,850,4020.49,2,0,education,0.0779,0.2582,Low
64,59505.02,4.6,22957.23,622,1133.76,7,0,business,0.0191,0.3858,Low
57,23717.19,0.3,9195.41,614,4455.99,4,1,debt_consolidation,0.1879,0.3877,Medium
46,30024.57,4.8,25540.64,725,7371.07,5,0,home_improvement,0.2455,0.8506,Medium
51,43125.48,0.5,23105.41,629,2175.92,3,0,medical,0.0505,0.5358,Low
52,20144.15,0.7,12557.2,548,10374.68,6,0,business,0.515,0.6233,High
61,52502.95,1.1,9668.89,714,12844.9,8,0,debt_consolidation,0.2446,0.1842,Low
22,74336.63,2.3,36758.23,618,7247.77,3,1,education,0.0975,0.4945,High
45,98328.72,4.5,17684.12,754,2278.02,14,0,debt_consolidation,0.0232,0.1798,Medium
64,51441.98,2.0,11237.73,725,2954.52,5,0,medical,0.0574,0.2185,Medium
22,125893.62,3.0,7464.13,829,7182.98,5,0,business,0.0571,0.0593,Low
62,48169.35,0.2,29184.7,605,12325.12,0,0,other,0.2559,0.6059,Low
21,26150.04,4.8,9067.7,649,3358.14,8,0,debt_consolidation,0.1284,0.3467,Medium
56,47668.36,5.4,9673.89,587,4581.38,10,0,debt_consolidation,0.0961,0.2029,Low
32,44230.22,0.5,8487.95,618,2860.51,1,0,home_improvement,0.0647,0.1919,Low
29,63454.53,7.7,10658.16,638,3760.2,9,0,business,0.0593,0.168,Low
56,56123.67,5.2,16985.64,481,13911.3,13,0,education,0.2479,0.3026,Medium
61,54156.71,3.4,9819.69,704,4790.8,0,0,business,0.0885,0.1813,Medium
48,79495.45,4.0,12595.48,680,2121.2,4,0,home_improvement,0.0267,0.1584,Low
58,39538.13,3.5,8749.31,850,1626.55,1,1,debt_consolidation,0.0411,0.2213,Low
53,64174.57,0.3,17905.48,675,4093.08,9,0,medical,0.0638,0.279,Low
62,56411.78,6.6,12575.96,510,15988.18,14,0,home_improvement,0.2834,0.2229,Medium
42,51894.74,3.6,6381.22,706,2148.23,4,0,debt_consolidation,0.0414,0.123,Low
45,47436.52,0.9,12393.49,634,7685.0,10,0,debt_consolidation,0.162,0.2613,Medium
38,25961.23,5.7,15364.9,616,8731.21,0,0,business,0.3363,0.5918,Medium
26,43176.16,5.9,10429.3,641,1702.24,14,0,debt_consolidation,0.0394,0.2415,Medium
38,44582.78,1.2,3838.97,734,2276.54,14,0,education,0.0511,0.0861,Low
36,34154.09,8.0,28315.31,678,3167.64,6,0,education,0.0927,0.829,Medium
35,24861.05,3.0,7304.15,834,7782.8,13,0,medical,0.313,0.2938,Medium
28,37113.56,1.0,19335.17,609,1015.75,3,0,medical,0.0274,0.521,Medium
33,38688.1,5.4,10639.18,682,13520.35,7,0,debt_consolidation,0.3495,0.275,Medium
63,25080.45,4.5,12613.71,662,2192.24,11,0,business,0.0874,0.5029,Medium
27,25067.34,0.9,11859.71,561,3210.85,7,0,debt_consolidation,0.1281,0.4731,Low
37,17223.49,10.3,24387.0,587,859.26,6,0,debt_consolidation,0.0499,1.4158,Medium
52,56813.92,9.6,15365.92,718,2990.08,0,0,debt_consolidation,0.0526,0.2705,Low
42,79938.94,9.0,14572.17,626,18061.57,2,0,debt_consolidation,0.2259,0.1823,Low
33,49417.07,2.5,6432.99,700,2212.63,5,1,home_improvement,0.0448,0.1302,High
43,40048.35,8.7,32815.78,646,15747.82,11,0,debt_consolidation,0.3932,0.8194,High
49,24464.92,9.3,5366.98,588,1317.93,5,1,home_improvement,0.0539,0.2194,High
42,16277.85,28.3,29157.57,593,2341.45,5,0,debt_consolidation,0.1438,1.7911,Medium
21,48219.23,15.8,4466.07,556,4926.28,1,0,medical,0.1022,0.0926,Low
49,66691.6,2.4,39629.32,731,6207.76,14,0,home_improvement,0.0931,0.5942,Low
25,32331.45,1.1,17110.39,625,6507.7,7,0,business,0.2013,0.5292,High
55,83092.1,1.7,9805.45,575,1536.93,2,0,home_improvement,0.0185,0.118,Low
30,34736.84,3.4,5825.69,603,16459.14,4,0,home_improvement,0.4738,0.1677,Low
39,84330.52,8.2,13232.2,525,4297.23,8,0,home_improvement,0.051,0.1569,Medium
57,33176.66,6.4,17592.89,687,10076.12,11,0,debt_consolidation,0.3037,0.5303,Medium
27,12945.89,7.7,13827.68,682,2721.59,6,0,debt_consolidation,0.2102,1.068,Medium
55,67048.92,2.4,10463.68,712,6479.86,8,0,medical,0.0966,0.1561,Low
33,30902.02,1.4,8636.2,615,3640.92,12,0,education,0.1178,0.2795,High
30,22669.33,0.1,27140.59,600,11237.09,3,0,debt_consolidation,0.4957,1.1972,High
22,62367.31,4.9,11028.22,660,7863.21,0,0,debt_consolidation,0.1261,0.1768,Low
26,31423.62,7.9,16682.66,635,6274.8,12,0,business,0.1997,0.5309,High
28,24186.5,11.0,18543.88,556,5074.62,9,0,debt_consolidation,0.2098,0.7667,Medium
56,94438.55,3.2,6342.65,753,1274.91,12,0,education,0.0135,0.0672,Low
45,44250.68,13.1,12571.48,613,16327.02,2,0,home_improvement,0.369,0.2841,Low
64,23919.61,1.1,29376.04,768,30655.38,10,0,business,1.2815,1.2281,High
60,38887.81,3.6,15904.71,542,6020.71,4,0,home_improvement,0.1548,0.409,Medium
27,142383.81,1.2,17455.69,730,2828.84,13,0,debt_consolidation,0.0199,0.1226,Low
43,51853.63,1.0,10358.82,649,3986.66,13,0,other,0.0769,0.1998,Medium
39,35563.58,15.3,25658.92,661,13556.8,9,0,debt_consolidation,0.3812,0.7215,High
42,62987.29,8.5,43095.64,850,3663.28,0,0,other,0.0582,0.6842,Low
33,39059.08,0.1,8387.27,596,16643.26,6,0,education,0.4261,0.2147,High
41,37998.28,1.6,21404.02,698,6881.33,0,0,business,0.1811,0.5633,Medium
21,35306.27,1.1,5850.12,736,2235.14,7,0,medical,0.0633,0.1657,Low
39,75129.94,0.8,19246.43,720,10977.09,14,0,debt_consolidation,0.1461,0.2562,Low
53,54034.46,6.0,17400.33,645,9278.32,6,0,debt_consolidation,0.1717,0.322,Low
24,99819.81,4.2,6724.53,617,2869.14,1,0,business,0.0287,0.0674,Low
62,57150.46,3.0,23279.56,667,5977.7,11,0,business,0.1046,0.4073,Medium
23,105219.11,1.1,7349.17,726,1828.7,12,1,business,0.0174,0.0698,Medium
47,67849.23,1.6,42603.21,717,5047.75,10,0,medical,0.0744,0.6279,High
61,43046.05,2.2,14561.94,609,7929.01,14,0,education,0.1842,0.3383,Medium
55,45812.5,7.7,12179.48,632,3005.98,6,1,home_improvement,0.0656,0.2658,Medium
48,122263.77,22.6,8951.71,650,9120.97,10,0,business,0.0746,0.0732,Low
26,94080.74,1.0,19239.86,689,4293.59,10,0,education,0.0456,0.2045,Low
26,106231.81,2.1,16394.34,689,3315.75,5,0,debt_consolidation,0.0312,0.1543,Low
64,29622.07,1.6,14551.28,631,22268.95,13,0,debt_consolidation,0.7517,0.4912,Medium
43,19195.2,0.2,8516.95,747,11037.23,6,0,business,0.575,0.4437,High
53,32158.0,1.2,11376.45,606,712.33,0,0,education,0.0222,0.3538,Medium
36,53249.37,11.6,8581.45,747,13927.7,6,0,medical,0.2616,0.1612,Low
44,35497.54,9.3,4774.73,678,5238.68,8,0,business,0.1476,0.1345,Low
25,49697.22,0.9,12284.99,734,6530.17,7,0,business,0.1314,0.2472,Low
61,39120.22,2.3,6848.55,754,3496.76,6,0,business,0.0894,0.1751,Low
62,20285.27,1.9,44851.17,590,2263.68,1,0,other,0.1116,2.2109,High
33,60745.48,0.8,41201.9,570,15941.86,11,0,medical,0.2624,0.6783,Medium
32,49783.24,4.9,16511.37,784,3998.38,13,0,business,0.0803,0.3317,Low
25,95289.62,4.1,4455.35,783,3509.46,12,0,education,0.0368,0.0468,Low
57,53099.77,2.8,17582.6,678,1553.08,6,0,education,0.0292,0.3311,Medium
51,72498.78,9.7,11720.46,652,8244.92,10,0,debt_consolidation,0.1137,0.1617,Low
48,32544.53,4.8,26075.34,532,2225.33,1,0,debt_consolidation,0.0684,0.8012,Medium
48,58308.55,1.5,24620.76,627,2124.06,3,0,other,0.0364,0.4222,Low
50,73444.81,2.3,8484.0,612,10804.92,0,0,medical,0.1471,0.1155,Medium
38,64743.12,0.8,10730.76,712,563.51,2,0,education,0.0087,0.1657,Low
64,43770.96,4.5,10269.45,684,1775.12,4,0,other,0.0406,0.2346,Low
47,58408.98,4.4,10401.19,789,8541.8,5,0,education,0.1462,0.1781,Low
55,66928.05,10.2,5164.8,488,11814.91,2,0,medical,0.1765,0.0772,High
46,89383.76,9.7,16805.0,699,1632.79,2,0,debt_consolidation,0.0183,0.188,Low
59,37028.47,9.1,14028.05,600,14933.31,12,1,business,0.4033,0.3788,High
38,28045.68,4.0,10982.81,647,8749.27,13,0,home_improvement,0.312,0.3916,Medium
53,32349.19,5.3,15751.87,730,2539.05,9,0,home_improvement,0.0785,0.4869,Medium
45,52717.4,7.5,16249.76,633,8785.8,12,0,education,0.1667,0.3082,Low
51,49128.55,0.5,26887.91,850,5982.62,13,0,home_improvement,0.1218,0.5473,Low
57,67081.17,1.8,22867.61,621,3899.52,5,0,other,0.0581,0.3409,Low
22,74264.5,0.9,24813.04,617,7972.74,12,0,home_improvement,0.1074,0.3341,Medium
53,19099.12,3.6,7795.21,509,2974.95,8,0,home_improvement,0.1558,0.4081,High
59,38540.44,9.1,6818.4,681,9110.28,14,0,medical,0.2364,0.1769,Medium
63,54508.77,1.3,23642.17,656,3124.14,1,0,debt_consolidation,0.0573,0.4337,Low
63,85612.74,6.6,37230.75,534,7222.55,1,1,business,0.0844,0.4349,High
52,47729.73,2.6,22226.72,616,2889.22,6,0,debt_consolidation,0.0605,0.4657,Low
38,97025.2,11.7,16283.62,704,4042.41,3,1,home_improvement,0.0417,0.1678,Medium
37,64581.92,4.9,13415.1,555,2150.47,11,0,education,0.0333,0.2077,Low
54,59301.39,18.8,74340.05,589,1942.46,0,0,business,0.0328,1.2536,Low
59,46392.26,1.4,22021.04,667,13072.81,5,0,home_improvement,0.2818,0.4747,Medium
27,48421.28,12.9,11849.73,696,10578.75,8,0,home_improvement,0.2185,0.2447,Low
62,57837.42,2.2,43927.61,756,15426.56,11,0,home_improvement,0.2667,0.7595,Low
55,44458.44,4.9,37544.65,850,7135.61,11,0,education,0.1605,0.8445,Low
50,85500.78,1.0,5654.53,633,27001.79,9,0,home_improvement,0.3158,0.0661,Low
32,76098.89,7.1,6396.4,502,2578.62,11,0,debt_consolidation,0.0339,0.0841,Low
55,89232.22,19.1,11805.16,514,6429.8,12,0,other,0.0721,0.1323,Low
31,29145.36,7.7,28723.54,850,834.53,14,1,home_improvement,0.0286,0.9855,High
64,28670.65,4.8,9434.91,636,6327.7,5,0,home_improvement,0.2207,0.3291,Low
24,62564.43,3.0,7245.15,783,2170.7,10,0,business,0.0347,0.1158,Low
45,47084.16,2.1,21773.12,713,4223.78,12,0,education,0.0897,0.4624,High
52,55793.93,2.7,4197.28,541,1568.14,5,0,debt_consolidation,0.0281,0.0752,Medium
40,28037.27,2.0,10820.95,591,2576.91,3,1,education,0.0919,0.3859,High
51,23647.59,8.9,7014.31,833,21597.68,10,1,debt_consolidation,0.9133,0.2966,Medium
24,55066.13,11.2,13293.9,597,8472.33,0,0,education,0.1539,0.2414,Low
58,33525.36,14.9,7565.71,681,1984.02,6,0,debt_consolidation,0.0592,0.2257,Medium
21,70056.19,2.7,12197.15,651,4920.04,3,0,debt_consolidation,0.0702,0.1741,Low
23,36037.46,4.0,17204.13,468,12655.47,11,0,business,0.3512,0.4774,Medium
57,31453.44,4.3,14441.48,822,922.11,8,0,home_improvement,0.0293,0.4591,Medium
42,15782.77,5.3,9678.34,540,11895.57,3,0,debt_consolidation,0.7537,0.6132,High
37,91470.63,0.0,10882.08,651,4356.07,10,0,debt_consolidation,0.0476,0.119,Low
34,69478.68,9.2,51675.08,574,41703.11,8,0,other,0.6002,0.7437,High
61,23205.65,1.6,22690.49,731,2514.17,0,0,education,0.1083,0.9778,Medium
55,18056.7,3.2,11624.43,662,9286.7,9,1,debt_consolidation,0.5143,0.6437,High
33,36368.62,9.2,14868.41,768,998.24,14,1,medical,0.0274,0.4088,Low
55,78720.63,28.8,17516.59,827,4361.06,3,1,other,0.0554,0.2225,Medium
63,37663.92,7.9,8457.83,738,4110.85,1,0,debt_consolidation,0.1091,0.2246,Low
22,44198.3,0.1,13377.04,692,2596.0,10,0,education,0.0587,0.3027,Medium
33,80442.11,2.3,7016.27,600,4709.14,5,1,debt_consolidation,0.0585,0.0872,Medium
36,29907.54,1.4,7359.69,614,8023.96,10,0,business,0.2683,0.2461,Medium
38,34854.65,16.6,22590.0,719,18441.03,8,0,debt_consolidation,0.5291,0.6481,Medium
27,54709.51,1.5,24424.68,652,6304.67,1,0,debt_consolidation,0.1152,0.4464,Low
56,42612.55,14.4,26689.18,775,4747.64,11,0,business,0.1114,0.6263,Low
61,31615.52,13.9,12798.29,777,5943.86,14,0,medical,0.188,0.4048,Low
50,69816.44,9.1,9936.62,678,7372.69,10,1,other,0.1056,0.1423,Low
62,63507.85,0.5,13445.21,586,4990.54,1,0,medical,0.0786,0.2117,Low
61,74316.53,0.0,4562.83,636,14980.08,0,0,debt_consolidation,0.2016,0.0614,Medium
27,45403.7,7.9,30721.91,727,3739.2,14,0,business,0.0824,0.6766,Low
35,20323.97,9.3,2629.58,557,1479.94,14,1,debt_consolidation,0.0728,0.1294,Medium
60,49285.11,16.4,23952.76,732,3837.15,12,1,home_improvement,0.0779,0.486,Medium
39,27285.24,1.2,7378.48,586,5549.85,8,0,debt_consolidation,0.2034,0.2704,Medium
63,17792.6,6.6,13295.01,603,6311.04,13,0,education,0.3547,0.7472,Medium
57,42729.43,3.7,8017.06,591,10471.96,0,0,debt_consolidation,0.2451,0.1876,Low
22,51579.59,2.0,8090.8,553,14823.43,1,0,education,0.2874,0.1569,Medium
62,109003.89,4.7,3089.38,765,1953.06,4,0,debt_consolidation,0.0179,0.0283,Low
33,26827.9,4.0,6236.13,677,4715.79,11,0,business,0.1758,0.2324,Low
60,68770.25,1.7,23069.01,584,20756.62,6,0,debt_consolidation,0.3018,0.3354,Medium
61,22038.39,1.6,6406.87,608,1731.61,8,0,debt_consolidation,0.0786,0.2907,Medium
63,92508.5,3.3,6245.7,765,2704.6,0,0,home_improvement,0.0292,0.0675,Medium
63,34533.22,3.2,12521.03,630,6481.81,12,1,other,0.1877,0.3626,High
51,41464.15,1.8,3304.27,711,939.02,7,1,debt_consolidation,0.0226,0.0797,Medium
36,41730.62,1.5,10824.1,634,1410.43,11,0,home_improvement,0.0338,0.2594,Low
62,71645.06,15.4,15600.9,715,8312.66,0,0,debt_consolidation,0.116,0.2177,Low
64,23736.36,9.9,16690.43,586,8343.0,8,0,debt_consolidation,0.3515,0.7031,High
26,44859.8,8.5,7169.24,572,7994.99,9,0,debt_consolidation,0.1782,0.1598,High
48,35573.02,1.2,27577.31,644,6247.25,13,0,business,0.1756,0.7752,Low
52,147122.95,1.0,24655.38,707,2368.47,1,0,education,0.0161,0.1676,Low
64,28495.77,8.3,4738.25,615,4614.91,2,1,home_improvement,0.1619,0.1663,Medium
30,13480.08,1.0,20509.62,634,11378.36,9,0,education,0.844,1.5214,Medium
38,114381.85,3.5,14631.79,663,1378.2,14,0,debt_consolidation,0.012,0.1279,Low
24,62671.97,1.3,18141.55,606,11694.14,14,0,debt_consolidation,0.1866,0.2895,High
29,33067.71,2.4,9230.37,595,1548.82,3,0,debt_consolidation,0.0468,0.2791,High
27,48237.64,9.6,6150.19,665,9446.6,2,0,home_improvement,0.1958,0.1275,Low
28,32843.3,11.1,12219.32,755,2901.66,1,0,home_improvement,0.0883,0.372,Low
63,18425.69,28.5,16763.26,593,3344.07,4,0,education,0.1815,0.9097,High
27,45155.29,14.4,16948.47,628,1835.7,1,0,other,0.0407,0.3753,Low
61,44993.91,5.6,16408.01,686,65629.75,13,1,education,1.4586,0.3647,High
60,58085.63,2.8,7007.57,667,6655.04,1,0,medical,0.1146,0.1206,Medium
23,30136.8,0.3,30404.71,762,14435.13,7,0,other,0.479,1.0089,Medium
37,33277.49,4.7,27327.41,648,1178.05,13,0,home_improvement,0.0354,0.8212,Low
22,40607.85,1.2,15490.52,541,10062.2,1,0,other,0.2478,0.3815,Medium
35,30018.72,9.5,7541.5,556,11444.96,7,0,business,0.3812,0.2512,High
49,86541.69,4.0,15639.13,752,5242.8,13,0,education,0.0606,0.1807,Medium
42,74948.86,6.6,10335.08,553,3549.83,7,1,debt_consolidation,0.0474,0.1379,High
24,37875.42,5.6,10814.48,638,2380.66,0,0,home_improvement,0.0629,0.2855,Low
26,64041.83,2.1,19977.02,563,8224.75,13,1,other,0.1284,0.3119,Medium
58,26393.06,7.1,10389.34,652,2394.34,4,0,other,0.0907,0.3936,Low
46,38922.35,9.3,31209.17,672,5951.95,10,1,home_improvement,0.1529,0.8018,Medium
31,101904.26,6.8,19502.74,676,11999.94,14,0,business,0.1178,0.1914,Medium
46,67706.48,7.5,24457.86,641,16695.04,8,0,medical,0.2466,0.3612,Low
37,56643.99,2.2,7801.8,541,7328.11,7,0,home_improvement,0.1294,0.1377,Medium
44,40975.36,14.4,9224.99,605,3730.48,12,0,debt_consolidation,0.091,0.2251,Low
48,48003.59,2.8,6334.65,601,8050.9,10,0,debt_consolidation,0.1677,0.132,Medium
55,23524.69,11.4,29500.18,730,9256.46,13,0,debt_consolidation,0.3935,1.254,Medium
51,41702.08,9.8,75179.22,603,1451.38,9,1,medical,0.0348,1.8027,High
33,59160.86,0.7,18256.61,498,4102.6,8,0,business,0.0693,0.3086,High
55,48377.46,16.9,15606.36,719,2883.22,2,0,business,0.0596,0.3226,Low
36,48377.62,28.1,10034.69,689,8326.72,1,0,debt_consolidation,0.1721,0.2074,Low
35,35341.09,4.7,35244.97,600,742.98,0,0,home_improvement,0.021,0.9973,Medium
63,31136.19,7.6,13005.53,550,4009.88,10,0,other,0.1288,0.4177,High
38,29744.14,13.6,9057.49,613,7220.71,7,1,home_improvement,0.2428,0.3045,Medium
57,43220.06,0.1,5509.14,650,1807.87,7,0,debt_consolidation,0.0418,0.1275,High
61,70765.14,13.3,7137.68,698,4842.67,7,0,home_improvement,0.0684,0.1009,Low
47,31911.86,4.9,13934.86,792,6636.15,2,0,debt_consolidation,0.2079,0.4367,Low
55,50030.12,8.8,4447.86,675,756.27,0,1,education,0.0151,0.0889,High
55,49401.68,3.9,6400.91,704,4881.06,8,0,home_improvement,0.0988,0.1296,Low
48,78046.88,3.8,36241.34,523,2692.46,6,0,debt_consolidation,0.0345,0.4643,High
59,49349.9,11.4,21974.45,562,2316.79,5,0,medical,0.0469,0.4453,Medium
58,23296.89,3.5,10991.39,739,10916.42,6,0,business,0.4686,0.4718,High
29,141837.69,3.2,23525.11,545,28167.33,5,0,home_improvement,0.1986,0.1659,High
32,79685.7,4.7,8442.0,589,8620.03,10,0,education,0.1082,0.1059,Low
35,62417.16,3.7,21326.22,681,8520.57,3,0,business,0.1365,0.3417,Medium
41,36763.16,3.0,10745.54,680,1227.97,1,0,debt_consolidation,0.0334,0.2923,Low
55,41795.13,1.0,43546.36,577,3281.4,10,0,debt_consolidation,0.0785,1.0419,Medium
62,24072.04,2.5,6750.87,774,5888.0,0,0,business,0.2446,0.2804,Low
53,41486.92,1.7,33462.68,559,2556.61,10,0,debt_consolidation,0.0616,0.8066,Medium
39,53522.01,2.6,12372.48,674,35849.41,8,0,debt_consolidation,0.6698,0.2312,Medium
43,48406.77,4.5,4328.77,791,4540.46,1,0,business,0.0938,0.0894,Low
33,117745.22,4.7,16083.99,677,16420.57,5,0,other,0.1395,0.1366,Low
64,68561.98,1.4,20319.65,519,7322.84,7,0,education,0.1068,0.2964,Medium
21,79761.91,0.4,32844.94,725,7161.17,6,0,business,0.0898,0.4118,Low
49,64220.83,6.8,21095.87,635,6720.21,8,1,debt_consolidation,0.1046,0.3285,High
44,53173.72,3.8,7645.8,706,22795.51,8,0,debt_consolidation,0.4287,0.1438,Medium
36,61537.79,2.9,24908.17,763,4387.85,3,1,education,0.0713,0.4048,Low
45,18177.46,0.7,13799.9,522,2071.65,13,0,other,0.114,0.7591,High
43,43037.0,2.7,5173.31,685,4447.61,14,0,debt_consolidation,0.1033,0.1202,Low
48,24370.18,8.5,12700.02,749,2078.4,8,0,education,0.0853,0.5211,Low
36,27174.27,4.4,6594.35,678,2277.88,12,0,education,0.0838,0.2427,Medium
63,89037.37,0.5,12285.33,771,3286.96,14,0,business,0.0369,0.138,Low
58,28616.22,2.0,20683.54,667,2923.83,12,0,home_improvement,0.1022,0.7228,Medium
31,25290.18,19.5,6795.92,785,554.48,11,0,education,0.0219,0.2687,Low
23,59563.0,3.9,15939.28,519,4714.11,9,1,home_improvement,0.0791,0.2676,High
35,47366.02,1.7,25590.71,722,8283.69,1,0,home_improvement,0.1749,0.5403,High
21,61275.31,12.2,9182.31,448,3947.06,14,0,debt_consolidation,0.0644,0.1499,Medium
27,117942.52,2.0,11264.88,678,19897.97,0,0,business,0.1687,0.0955,Medium
21,65275.98,6.5,25362.94,557,8040.68,11,0,debt_consolidation,0.1232,0.3885,Medium
52,22577.18,0.8,26066.06,715,9052.64,5,0,debt_consolidation,0.4009,1.1545,Medium
29,78154.94,0.9,6666.71,618,1497.89,3,0,debt_consolidation,0.0192,0.0853,Low
49,43916.17,4.1,7155.34,658,4808.74,3,1,other,0.1095,0.1629,Low
46,53314.98,1.4,21465.08,600,9435.95,12,0,debt_consolidation,0.177,0.4026,High
43,21446.03,0.3,11630.16,796,2914.12,13,0,home_improvement,0.1359,0.5423,Medium
63,63046.37,13.0,12172.36,634,27139.81,9,0,business,0.4305,0.1931,Low
49,25572.24,0.3,4654.22,581,11303.99,13,0,home_improvement,0.442,0.182,High
58,64031.13,6.3,10129.5,531,8261.58,12,0,education,0.129,0.1582,Medium
53,34151.7,2.0,12111.74,578,4350.96,9,0,debt_consolidation,0.1274,0.3546,High
27,70339.03,13.6,20616.47,568,683.31,10,0,other,0.0097,0.2931,Low
32,25654.45,21.4,10683.36,650,9847.91,14,1,home_improvement,0.3839,0.4164,High
51,22462.8,2.0,20653.5,628,2992.66,0,0,home_improvement,0.1332,0.9194,Medium
52,37395.51,4.5,12047.49,476,2726.34,5,0,business,0.0729,0.3222,High
40,56002.96,7.4,28381.16,618,3721.75,2,0,business,0.0665,0.5068,Low
37,27651.11,0.7,13244.92,468,1642.47,6,0,debt_consolidation,0.0594,0.479,Medium
56,54280.23,6.2,9804.84,717,2184.08,13,0,home_improvement,0.0402,0.1806,Low
23,75902.36,11.8,8615.73,634,8907.51,0,0,business,0.1174,0.1135,Low
21,25290.83,1.0,7169.31,544,7542.61,7,0,business,0.2982,0.2835,Low
47,54322.13,9.1,16126.45,630,6015.64,8,0,debt_consolidation,0.1107,0.2969,Low
60,64208.57,0.6,43306.26,729,1312.23,3,0,education,0.0204,0.6745,Low
53,44514.07,4.2,21405.47,629,13764.04,4,0,home_improvement,0.3092,0.4809,High
40,47040.21,2.1,17113.4,656,7622.26,7,0,debt_consolidation,0.162,0.3638,Low
34,24234.98,3.2,6378.68,718,1299.92,4,0,education,0.0536,0.2632,Low
56,61006.03,1.8,6577.97,604,9400.21,9,0,debt_consolidation,0.1541,0.1078,Medium
25,50544.35,1.5,23629.56,578,3236.46,3,1,debt_consolidation,0.064,0.4675,Medium
43,52856.36,6.8,17616.71,580,7629.64,4,0,education,0.1443,0.3333,High
35,137631.81,1.3,9125.34,716,1286.47,1,0,business,0.0093,0.0663,Medium
26,44208.27,2.6,4773.15,667,3215.61,9,0,business,0.0727,0.108,Low
53,57602.83,1.6,11859.54,693,698.23,1,0,business,0.0121,0.2059,Low
39,93344.86,1.4,7791.19,548,4537.4,12,0,other,0.0486,0.0835,High
33,47851.27,4.9,9730.07,784,7709.43,0,0,debt_consolidation,0.1611,0.2033,Low
49,34259.23,0.2,6184.17,734,2704.68,3,0,home_improvement,0.0789,0.1805,Low
26,59825.62,7.8,21674.09,565,5687.03,11,0,other,0.0951,0.3623,High
35,34804.3,4.0,9263.11,691,1747.69,9,0,debt_consolidation,0.0502,0.2661,Medium
36,89292.26,8.8,18155.12,575,4620.73,7,0,debt_consolidation,0.0517,0.2033,Medium
44,63408.91,1.2,16847.52,524,15109.32,9,0,home_improvement,0.2383,0.2657,Medium
43,31871.56,6.2,9423.28,682,4264.88,9,0,education,0.1338,0.2957,Medium
30,26275.99,2.7,11954.9,668,10622.45,9,0,debt_consolidation,0.4042,0.455,High
61,53006.74,0.4,38401.56,696,8418.42,9,0,debt_consolidation,0.1588,0.7245,Low
61,55700.77,7.0,7204.68,724,10442.37,14,0,debt_consolidation,0.1875,0.1293,Low
37,26307.91,7.2,8070.36,715,1435.71,1,0,home_improvement,0.0546,0.3068,Low
64,72611.02,1.6,3789.48,658,9608.1,13,0,medical,0.1323,0.0522,Low
50,68365.62,12.4,12231.9,644,15587.92,6,0,debt_consolidation,0.228,0.1789,Medium
64,58150.01,7.2,3796.87,756,18982.74,14,0,debt_consolidation,0.3264,0.0653,Low
30,71603.84,1.8,9969.61,623,2441.27,11,0,medical,0.0341,0.1392,Low
39,29885.93,1.4,4513.98,737,5213.16,7,0,other,0.1744,0.151,Low
49,30769.6,2.9,20655.56,492,1709.84,13,0,debt_consolidation,0.0556,0.6713,Medium
22,43050.77,1.7,12076.57,605,3281.77,9,1,business,0.0762,0.2805,Medium
56,35695.46,1.2,1809.58,646,1885.45,0,0,debt_consolidation,0.0528,0.0507,Medium
39,63011.98,2.5,7475.1,701,11432.34,2,0,debt_consolidation,0.1814,0.1186,Medium
27,73332.43,0.1,10036.09,715,11138.24,5,0,business,0.1519,0.1369,Low
46,34484.2,2.6,18326.53,734,7954.62,6,1,education,0.2307,0.5314,Low
35,31764.29,1.3,22500.46,668,5884.02,13,0,debt_consolidation,0.1852,0.7083,Medium
58,75161.84,1.5,16929.47,639,6192.39,4,0,home_improvement,0.0824,0.2252,Low
23,30001.58,0.4,16020.9,742,4370.92,6,0,business,0.1457,0.534,Medium
58,42498.39,4.4,17127.02,661,8219.99,12,1,medical,0.1934,0.403,High
36,29586.09,3.2,19711.81,751,11940.56,5,0,medical,0.4036,0.6662,Medium
22,36463.63,6.9,13451.58,692,9136.25,6,0,education,0.2506,0.3689,High
51,23082.03,21.8,11732.93,651,13412.87,3,0,education,0.5811,0.5083,High
48,93068.18,0.6,14922.19,723,42568.09,12,0,debt_consolidation,0.4574,0.1603,High
27,81320.58,1.6,26880.31,672,8588.91,1,0,education,0.1056,0.3305,Low
50,32744.21,5.7,3259.1,670,2043.76,7,0,home_improvement,0.0624,0.0995,Low
63,61792.04,1.4,3372.74,584,2152.87,0,0,education,0.0348,0.0546,Low
27,23912.13,0.2,18696.86,635,2019.74,3,0,debt_consolidation,0.0845,0.7819,Low
56,66894.97,0.6,7795.29,611,4176.17,3,0,business,0.0624,0.1165,Low
49,31507.71,2.8,13931.11,671,4501.3,0,0,home_improvement,0.1429,0.4421,Medium
44,90110.16,2.8,13109.95,665,4990.79,7,0,home_improvement,0.0554,0.1455,Medium
59,63289.88,17.9,48904.64,636,4986.7,5,0,debt_consolidation,0.0788,0.7727,Low
24,40832.16,3.1,20035.45,639,6411.2,1,0,education,0.157,0.4907,High
49,39970.69,5.7,24411.22,686,5647.92,3,0,education,0.1413,0.6107,Medium
64,52693.26,3.4,11088.68,509,15385.24,6,0,debt_consolidation,0.292,0.2104,High
25,30885.42,1.6,8239.72,533,14376.59,8,0,business,0.4655,0.2668,High
49,86030.29,0.6,8039.71,636,4155.96,6,0,education,0.0483,0.0935,Medium
50,57124.67,9.8,27876.8,749,6142.97,1,0,debt_consolidation,0.1075,0.488,Low
49,79394.26,0.8,18300.59,765,20030.67,13,0,debt_consolidation,0.2523,0.2305,Medium
46,14402.98,0.5,13983.61,533,3152.16,0,1,other,0.2188,0.9708,High
39,49416.49,1.2,37307.48,850,2421.45,9,0,education,0.049,0.7549,Low
46,55494.12,0.0,12289.29,579,2687.98,12,1,home_improvement,0.0484,0.2214,High
57,48936.08,0.4,8413.5,571,1643.88,6,1,education,0.0336,0.1719,Medium
47,49575.45,5.0,10879.56,464,3064.66,8,0,debt_consolidation,0.0618,0.2195,Medium
50,41749.12,1.4,25463.05,598,1326.21,1,1,medical,0.0318,0.6099,Medium
50,151552.01,2.1,5868.31,623,2596.6,2,0,home_improvement,0.0171,0.0387,Medium
23,55360.91,9.0,12982.95,773,16175.21,14,0,debt_consolidation,0.2922,0.2345,Medium
63,52116.5,7.4,35094.52,715,1332.87,12,0,debt_consolidation,0.0256,0.6734,Low
27,78298.67,3.4,17046.77,738,4635.38,14,0,home_improvement,0.0592,0.2177,Low
29,37066.7,4.7,11870.08,801,2560.57,3,0,education,0.0691,0.3202,Low
61,25747.91,0.4,42429.04,829,5320.45,8,0,education,0.2066,1.6478,Medium
62,77156.39,7.2,16471.69,807,4591.81,6,0,debt_consolidation,0.0595,0.2135,Low
33,41491.59,3.6,5081.15,680,8186.16,1,0,other,0.1973,0.1225,Low
35,96796.08,4.2,12048.47,618,5738.5,3,0,medical,0.0593,0.1245,Medium
25,93808.0,5.5,27705.68,732,1596.38,3,0,other,0.017,0.2953,Low
49,15347.02,3.5,14775.48,591,5159.59,13,0,debt_consolidation,0.3362,0.9627,High
55,50826.19,3.7,33914.66,699,948.87,3,0,debt_consolidation,0.0187,0.6673,Low
47,83977.42,3.5,7014.75,633,1049.02,11,0,medical,0.0125,0.0835,Low
47,20381.25,3.4,12686.46,605,12274.56,9,0,debt_consolidation,0.6022,0.6224,Medium
28,58866.64,6.9,16542.85,516,7140.32,6,0,home_improvement,0.1213,0.281,Medium
52,68114.73,2.8,6330.56,687,2783.98,5,0,home_improvement,0.0409,0.0929,Low
40,47696.66,0.0,13312.3,575,4323.5,1,0,debt_consolidation,0.0906,0.2791,Low
30,47869.23,4.7,17237.96,700,10274.53,13,0,debt_consolidation,0.2146,0.3601,Medium
33,89246.46,15.3,6256.59,639,5048.19,10,0,education,0.0566,0.0701,Low
49,23219.23,1.5,5492.85,647,2591.9,10,0,home_improvement,0.1116,0.2366,Low
55,74276.88,8.5,27246.09,638,2438.54,9,0,debt_consolidation,0.0328,0.3668,Low
28,61675.26,3.0,14321.94,537,1286.32,13,0,home_improvement,0.0209,0.2322,Medium
49,93982.04,5.1,3272.8,594,2784.22,1,0,business,0.0296,0.0348,Low
51,30513.65,11.1,8887.16,581,1761.27,2,1,debt_consolidation,0.0577,0.2912,High
61,102575.7,7.4,14010.21,580,8534.63,9,0,other,0.0832,0.1366,Low
50,24484.26,10.8,3412.49,577,6519.95,0,0,education,0.2663,0.1394,High
42,41556.11,0.0,7684.53,572,1958.79,13,0,debt_consolidation,0.0471,0.1849,Medium
41,27403.0,1.0,11024.97,586,2377.63,8,0,debt_consolidation,0.0868,0.4023,Medium
32,70429.49,2.8,11026.25,591,3722.35,6,0,other,0.0529,0.1566,Medium
31,33491.05,9.4,7095.03,693,3102.75,6,0,business,0.0926,0.2118,Low
22,86453.44,9.1,12276.26,665,12212.73,8,0,business,0.1413,0.142,Low
61,21077.14,1.0,10474.36,574,26735.42,6,0,debt_consolidation,1.2684,0.4969,High
22,39236.73,0.8,11891.1,617,2141.39,0,0,medical,0.0546,0.3031,High
54,119728.74,9.0,16083.33,502,11080.91,3,0,debt_consolidation,0.0925,0.1343,Medium
23,33511.51,3.9,4375.3,662,3953.93,8,0,education,0.118,0.1306,Medium
36,83255.56,4.9,20503.64,629,4751.95,5,1,debt_consolidation,0.0571,0.2463,High
24,69435.58,8.3,18327.68,576,5662.71,13,0,medical,0.0816,0.2639,Medium
43,25495.88,1.2,17861.57,818,3130.13,7,0,debt_consolidation,0.1228,0.7005,High
40,54485.14,0.7,12000.22,629,2555.49,2,0,other,0.0469,0.2202,Medium
45,105275.76,9.8,11849.98,686,3082.0,5,0,debt_consolidation,0.0293,0.1126,Low
50,39934.78,0.6,12404.83,623,5969.04,14,0,business,0.1495,0.3106,Medium
38,34718.65,0.5,13967.7,559,6343.78,3,0,medical,0.1827,0.4023,High
62,57770.31,1.6,21484.87,665,24619.79,14,0,home_improvement,0.4262,0.3719,High
31,44029.48,1.9,21023.26,609,4513.85,7,0,home_improvement,0.1025,0.4775,Low
49,23202.55,1.4,11279.53,706,3186.55,14,0,other,0.1373,0.4861,Medium
37,43874.86,6.8,19022.21,625,3343.51,2,0,debt_consolidation,0.0762,0.4335,Medium
46,38458.86,18.1,17909.68,629,3712.05,4,0,business,0.0965,0.4657,Low
43,45843.03,1.1,20244.29,732,4415.26,12,0,home_improvement,0.0963,0.4416,Low
40,14740.1,7.6,10603.21,661,6161.85,1,0,home_improvement,0.418,0.7193,Medium
22,58815.63,0.2,28867.64,664,34652.44,11,0,debt_consolidation,0.5892,0.4908,Medium
44,21655.83,0.6,21694.75,669,4431.1,6,0,debt_consolidation,0.2046,1.0018,Medium
51,71207.02,3.6,6949.69,723,1621.15,8,0,debt_consolidation,0.0228,0.0976,Low
47,83788.77,39.2,8260.34,849,16415.83,4,0,debt_consolidation,0.1959,0.0986,Low
22,18163.98,14.9,33252.93,614,7130.1,11,0,debt_consolidation,0.3925,1.8306,High
34,93667.69,0.6,4388.62,640,1310.89,8,0,debt_consolidation,0.014,0.0469,Low
24,46238.34,1.4,13154.9,594,5735.73,14,1,debt_consolidation,0.124,0.2845,High
33,83992.31,14.6,47097.54,627,5515.06,12,0,home_improvement,0.0657,0.5607,Low
56,78086.64,0.8,25455.52,678,9111.52,1,0,medical,0.1167,0.326,Low
55,23798.08,6.8,24720.57,690,34930.61,7,0,business,1.4677,1.0387,High
64,31998.91,0.0,6533.91,740,4892.34,2,0,medical,0.1529,0.2042,Low
28,109875.82,5.0,21530.16,620,3657.63,9,0,debt_consolidation,0.0333,0.1959,Medium
22,26362.93,3.4,33531.41,681,5300.82,4,0,home_improvement,0.2011,1.2719,High
26,58715.69,3.2,11093.84,577,3646.41,2,1,home_improvement,0.0621,0.1889,High
51,33592.36,8.8,13384.31,586,1635.07,4,0,debt_consolidation,0.0487,0.3984,Low
30,31194.84,0.4,24525.89,721,8661.42,4,0,other,0.2776,0.7862,Medium
64,48565.1,2.4,11737.52,626,853.0,0,0,debt_consolidation,0.0176,0.2417,Low
41,146632.27,3.0,5382.57,595,1663.7,11,0,education,0.0113,0.0367,Medium
62,71972.92,0.7,2601.97,527,1570.09,7,0,home_improvement,0.0218,0.0362,Low
30,28945.02,0.4,16144.56,729,4784.88,13,1,home_improvement,0.1653,0.5577,Low
43,54053.25,1.0,9874.09,512,3055.92,6,0,medical,0.0565,0.1827,Low
23,19347.03,1.4,2564.39,526,9912.49,7,0,home_improvement,0.5123,0.1325,High
52,15877.24,16.9,8275.37,696,12408.2,2,1,debt_consolidation,0.7815,0.5212,Medium
40,53346.49,3.2,10578.85,632,1694.14,14,0,business,0.0318,0.1983,Medium
30,70085.65,3.6,9989.08,680,1730.95,6,1,debt_consolidation,0.0247,0.1425,Low
49,106991.96,6.1,26317.94,627,1510.81,13,0,home_improvement,0.0141,0.246,Low
61,59068.87,5.8,19829.65,720,13408.31,6,0,home_improvement,0.227,0.3357,High
54,49177.74,3.5,12245.4,746,5363.97,1,0,medical,0.1091,0.249,Medium
57,41379.97,2.1,6220.17,755,2455.69,2,0,medical,0.0593,0.1503,Low
40,63824.99,2.0,20408.29,632,8360.73,11,0,other,0.131,0.3197,Medium
28,26689.66,0.3,32266.48,560,2866.48,5,0,business,0.1074,1.2089,High
27,34921.61,11.5,37761.01,648,6679.07,3,0,business,0.1913,1.0813,Medium
26,27149.28,7.3,11340.28,583,3494.79,3,1,home_improvement,0.1287,0.4177,High
31,37718.66,4.9,19058.0,604,1827.61,0,0,education,0.0485,0.5053,Low
64,34119.27,2.5,9069.91,802,9827.3,12,0,other,0.288,0.2658,Medium
38,32983.21,4.4,8143.84,718,3674.43,7,0,debt_consolidation,0.1114,0.2469,Medium
62,35598.61,3.3,20614.22,627,10456.75,1,0,debt_consolidation,0.2937,0.5791,High
49,54469.91,1.6,6305.63,642,20777.24,5,0,debt_consolidation,0.3814,0.1158,Low
45,92456.91,1.8,9988.83,610,8977.34,9,0,home_improvement,0.0971,0.108,Low
41,56620.94,10.4,26604.53,664,11076.16,9,0,medical,0.1956,0.4699,Low
23,36804.17,5.0,9891.52,615,8975.08,14,0,home_improvement,0.2439,0.2688,Low
38,61022.85,0.0,7187.87,736,3305.24,10,0,medical,0.0542,0.1178,Low
44,51798.55,2.0,44186.57,649,8990.46,0,0,medical,0.1736,0.853,Medium
58,53350.27,2.1,18743.12,579,4771.86,0,0,debt_consolidation,0.0894,0.3513,Medium
30,48456.83,6.1,4996.37,766,1209.73,14,0,debt_consolidation,0.025,0.1031,Low
47,116177.11,6.0,16339.4,688,7362.72,9,0,business,0.0634,0.1406,Low
32,51503.16,3.1,12426.61,681,8690.17,1,0,home_improvement,0.1687,0.2413,Low
27,37024.06,15.1,21735.4,503,3100.83,5,0,business,0.0837,0.587,Medium
37,33236.34,10.3,18060.94,646,1324.11,3,0,business,0.0398,0.5434,Low
21,76934.55,10.1,13010.76,592,17634.59,10,1,debt_consolidation,0.2292,0.1691,High
46,27085.85,2.1,15657.34,423,6305.25,7,0,home_improvement,0.2328,0.578,High
35,96615.62,2.8,16169.33,643,11457.46,6,1,home_improvement,0.1186,0.1674,Medium
53,18801.03,2.7,16989.09,639,3683.67,3,0,medical,0.1959,0.9036,High
57,90503.29,2.9,10662.02,750,4344.33,12,0,education,0.048,0.1178,Low
51,73029.25,11.0,5629.43,604,2154.91,3,0,debt_consolidation,0.0295,0.0771,Low
55,39348.68,1.4,11697.05,585,19177.78,12,0,business,0.4874,0.2973,Low
21,33688.09,8.1,10158.77,595,48442.38,4,0,home_improvement,1.4379,0.3015,High
28,90769.13,3.6,12885.11,670,4394.35,11,0,medical,0.0484,0.142,Low
32,120540.57,1.4,25898.01,742,5824.84,14,0,debt_consolidation,0.0483,0.2148,Low
39,36069.39,3.7,31989.7,650,16988.89,6,0,other,0.471,0.8869,High
45,65527.07,1.1,20562.07,604,1042.41,14,1,debt_consolidation,0.0159,0.3138,Medium
52,79997.32,0.6,21751.3,635,42250.82,9,0,business,0.5281,0.2719,High
32,66268.38,9.1,12641.03,702,23024.06,11,0,debt_consolidation,0.3474,0.1908,High
33,50370.28,6.0,10597.04,743,1981.78,12,0,business,0.0393,0.2104,Low
48,40339.45,1.1,20775.75,745,2186.27,8,0,home_improvement,0.0542,0.515,Medium
21,56331.27,14.3,23948.36,641,1512.11,4,0,home_improvement,0.0268,0.4251,Low
26,17277.21,0.1,23757.42,687,1604.31,13,0,debt_consolidation,0.0929,1.375,Medium
28,95833.95,2.0,12269.09,714,8153.45,2,1,debt_consolidation,0.0851,0.128,Low
24,20881.56,0.1,14044.86,644,2498.48,8,0,business,0.1196,0.6726,High
25,32233.32,0.8,42734.04,704,6558.56,11,0,medical,0.2035,1.3257,Medium
45,41412.55,1.0,3115.5,711,14105.66,12,0,business,0.3406,0.0752,High
42,29752.27,8.3,24061.06,692,10152.01,13,0,home_improvement,0.3412,0.8087,Low
48,27885.87,24.8,10891.42,715,11005.15,0,0,debt_consolidation,0.3946,0.3906,Low
59,99184.61,10.1,10893.0,815,8836.95,1,0,home_improvement,0.0891,0.1098,Low
43,120352.46,5.0,11256.59,584,12040.27,3,0,education,0.1,0.0935,Low
24,106325.27,6.4,4399.05,755,5122.82,12,0,debt_consolidation,0.0482,0.0414,Low
24,74440.75,3.7,11779.13,665,3064.62,5,0,education,0.0412,0.1582,Low
41,168093.62,2.7,28785.17,646,1671.07,2,0,home_improvement,0.0099,0.1712,Low
57,42909.52,5.9,11200.44,606,9874.37,9,0,education,0.2301,0.261,Medium
61,40899.04,18.1,12164.99,672,10954.04,2,0,debt_consolidation,0.2678,0.2974,Low
22,49297.7,0.1,7831.29,608,2673.09,8,0,debt_consolidation,0.0542,0.1589,Low
27,100159.61,1.9,13535.37,637,3444.85,2,0,home_improvement,0.0344,0.1351,Low
36,65710.43,2.0,2877.26,534,4729.25,4,0,home_improvement,0.072,0.0438,Medium
37,116277.68,2.7,8300.58,658,4173.2,12,0,other,0.0359,0.0714,Low
40,50648.24,4.9,16851.34,578,2196.67,2,0,other,0.0434,0.3327,Low
43,23172.37,3.6,6026.86,637,17756.71,0,0,home_improvement,0.7663,0.2601,High
54,35009.58,0.1,6356.65,651,3302.24,4,0,debt_consolidation,0.0943,0.1816,Medium
31,81827.26,2.7,10096.05,576,7226.78,14,0,education,0.0883,0.1234,Low
54,38280.26,4.8,18008.02,575,3212.34,4,0,debt_consolidation,0.0839,0.4704,Medium
53,51414.77,3.5,24507.97,614,2694.42,10,0,debt_consolidation,0.0524,0.4767,Low
46,55458.03,10.3,13369.34,596,3803.66,2,0,business,0.0686,0.2411,Medium
22,121066.09,2.5,11067.78,660,2252.95,8,0,other,0.0186,0.0914,Low
43,76094.1,0.1,17037.51,639,1404.47,9,1,debt_consolidation,0.0185,0.2239,Medium
61,68985.39,1.7,11684.65,724,4125.95,11,0,education,0.0598,0.1694,Low
42,53049.87,0.7,20762.59,657,6427.4,11,0,medical,0.1212,0.3914,Low
54,32355.27,1.4,32568.63,676,7613.6,3,0,education,0.2353,1.0066,Medium
35,55342.54,2.2,12153.43,642,4694.2,2,1,home_improvement,0.0848,0.2196,High
30,145490.67,5.6,6743.85,526,3452.31,12,0,medical,0.0237,0.0464,Low
35,63361.79,2.0,12901.19,641,6559.27,4,0,education,0.1035,0.2036,Medium
62,37208.43,10.8,44745.15,490,2315.9,13,0,education,0.0622,1.2025,High
49,39763.22,1.8,16156.85,612,14932.01,6,0,debt_consolidation,0.3755,0.4063,Medium
43,99639.78,0.7,7411.27,696,4796.89,1,0,education,0.0481,0.0744,Low
37,37562.16,0.9,13650.59,558,10584.49,14,0,debt_consolidation,0.2818,0.3634,Medium
29,44338.08,13.6,12788.17,479,7657.92,4,0,medical,0.1727,0.2884,Medium
56,27695.31,3.0,8114.11,590,4368.92,2,1,business,0.1577,0.293,Medium
29,42660.55,2.6,28475.61,662,5646.16,8,1,medical,0.1323,0.6675,Medium
36,62100.06,0.4,19355.05,614,1949.46,7,0,debt_consolidation,0.0314,0.3117,Medium
56,42266.15,6.6,26789.1,546,6165.39,8,0,business,0.1459,0.6338,Low
53,49628.36,5.9,2089.58,609,2626.53,5,0,debt_consolidation,0.0529,0.0421,Medium
51,27543.81,2.4,15804.08,690,2724.38,3,0,debt_consolidation,0.0989,0.5738,Medium
26,37103.86,5.9,14001.72,623,12600.31,11,0,home_improvement,0.3396,0.3774,Medium
30,142356.43,2.3,7407.13,714,3039.92,8,0,debt_consolidation,0.0214,0.052,Medium
36,45844.77,0.4,17372.9,606,12088.83,3,0,medical,0.2637,0.3789,Low
24,58774.46,6.7,7488.08,529,2513.38,3,0,business,0.0428,0.1274,Medium
42,32825.42,16.8,5095.76,784,10674.07,1,0,other,0.3252,0.1552,Low
33,50305.1,5.2,20657.0,681,2436.8,14,0,other,0.0484,0.4106,Low
36,42816.61,1.6,12173.46,757,4980.07,14,0,medical,0.1163,0.2843,Low
49,84977.6,1.6,5000.06,642,6007.35,0,0,debt_consolidation,0.0707,0.0588,Low
26,82983.6,13.2,31633.81,628,7025.8,9,0,business,0.0847,0.3812,Low
46,87484.5,1.8,13851.25,763,5038.18,13,1,education,0.0576,0.1583,Medium
31,51028.91,7.3,8246.6,773,1857.95,3,0,business,0.0364,0.1616,Low
44,135933.94,5.1,5017.51,544,1312.38,12,1,home_improvement,0.0097,0.0369,High
49,73268.99,4.5,6888.2,601,4659.33,5,0,debt_consolidation,0.0636,0.094,Low
23,23986.16,1.0,5012.11,578,23025.04,14,0,other,0.9599,0.2089,Medium
30,106004.79,0.2,37337.63,702,3368.48,3,0,debt_consolidation,0.0318,0.3522,Medium
21,48880.01,3.4,44351.14,589,15459.66,3,0,medical,0.3163,0.9073,Medium
63,86615.33,22.2,27883.59,690,11456.73,1,0,debt_consolidation,0.1323,0.3219,Low
46,28957.83,1.1,4934.57,715,8883.14,2,0,other,0.3068,0.1704,Medium
32,47305.98,3.8,18481.58,800,1941.14,13,0,home_improvement,0.041,0.3907,Low
34,71323.26,5.6,54182.41,562,7673.37,2,0,education,0.1076,0.7597,High
45,55380.62,3.3,8253.53,743,7475.76,12,0,debt_consolidation,0.135,0.149,Low
28,45492.14,3.5,12652.9,631,4987.05,6,0,education,0.1096,0.2781,High
63,14340.2,5.4,39232.9,803,6307.57,3,0,education,0.4398,2.7357,High
24,33862.9,8.4,16465.33,734,3037.43,14,0,home_improvement,0.0897,0.4862,Low
48,30073.46,2.0,19946.88,726,8279.51,2,0,debt_consolidation,0.2753,0.6632,Low
27,19327.89,11.5,8860.05,590,11597.41,4,0,home_improvement,0.6,0.4584,Medium
30,34382.06,3.3,5554.19,634,972.65,3,0,business,0.0283,0.1615,Low
56,124163.88,5.4,17836.65,683,5222.2,0,0,debt_consolidation,0.0421,0.1437,Low
22,87448.85,0.6,9926.5,605,1491.57,5,0,debt_consolidation,0.0171,0.1135,High
46,32286.65,3.4,9016.12,704,2766.47,4,0,other,0.0857,0.2792,Low
34,36528.19,0.1,8285.67,794,6455.79,6,0,other,0.1767,0.2268,Medium
36,36565.61,2.5,21940.64,600,6304.85,7,0,medical,0.1724,0.6,High
63,71541.0,0.3,17804.99,593,3254.09,2,0,debt_consolidation,0.0455,0.2489,Low
62,60023.96,11.4,42136.53,603,23556.75,3,0,home_improvement,0.3924,0.702,Medium
37,34335.69,5.6,26746.45,769,5970.24,4,0,debt_consolidation,0.1739,0.7789,Medium
42,36376.48,7.8,14650.42,634,3037.55,7,0,debt_consolidation,0.0835,0.4027,Low
24,84174.17,3.2,14223.32,780,6504.18,9,0,medical,0.0773,0.169,Low
39,105050.06,9.5,25234.12,712,1293.74,14,1,home_improvement,0.0123,0.2402,Low
22,31310.02,10.3,14616.44,686,6799.81,6,0,medical,0.2172,0.4668,Medium
59,46234.78,2.2,28173.42,801,3869.74,6,0,home_improvement,0.0837,0.6093,Medium
29,52271.52,2.4,14887.01,590,14271.76,13,0,debt_consolidation,0.273,0.2848,Medium
39,44600.26,3.5,19964.14,509,2076.72,4,0,debt_consolidation,0.0466,0.4476,Medium
36,86260.9,0.2,32985.02,594,9831.12,10,0,debt_consolidation,0.114,0.3824,Medium
45,45426.76,27.3,5247.87,634,4861.83,14,0,debt_consolidation,0.107,0.1155,Low
38,127270.13,2.2,31119.82,672,9508.12,3,0,business,0.0747,0.2445,Medium
43,89365.39,3.2,32354.94,712,11251.43,0,0,debt_consolidation,0.1259,0.362,Medium
41,34780.54,7.0,11660.65,681,6992.74,5,1,business,0.201,0.3353,High
31,50686.57,1.8,14376.48,690,10848.82,8,1,debt_consolidation,0.214,0.2836,High
59,30083.03,1.1,11148.91,646,6408.59,12,0,home_improvement,0.213,0.3706,Medium
61,40305.79,0.7,9594.89,700,2917.84,1,0,home_improvement,0.0724,0.238,Low
24,75761.26,3.8,28806.56,675,19958.29,0,1,business,0.2634,0.3802,High
45,55429.7,0.0,5786.59,754,961.77,9,0,business,0.0174,0.1044,Low
52,140964.31,6.2,14701.98,694,1897.08,4,0,medical,0.0135,0.1043,High
50,26609.58,3.1,6212.73,711,3769.43,3,0,medical,0.1417,0.2335,Medium
46,48219.42,3.8,9861.78,850,2738.95,13,0,business,0.0568,0.2045,Low
56,38067.49,1.5,6898.07,626,4815.8,3,0,home_improvement,0.1265,0.1812,Medium
54,41853.97,1.0,14278.51,730,5112.95,0,0,debt_consolidation,0.1222,0.3411,Low
29,50058.74,6.0,18576.42,658,2889.14,0,0,business,0.0577,0.3711,High
32,34945.03,1.2,27440.31,630,7006.79,0,1,business,0.2005,0.7852,High
22,79138.42,7.6,13395.61,640,1964.63,7,0,debt_consolidation,0.0248,0.1693,Low
58,117677.85,1.1,43774.24,714,7492.93,0,0,debt_consolidation,0.0637,0.372,Low
25,15248.67,4.7,10362.63,639,3206.69,4,1,debt_consolidation,0.2103,0.6795,High
25,98366.12,5.2,21449.27,514,4253.05,9,0,education,0.0432,0.2181,Low
42,172541.99,3.5,30932.27,613,1972.72,14,0,medical,0.0114,0.1793,Low
25,53898.59,28.7,10996.84,764,30093.22,5,0,debt_consolidation,0.5583,0.204,Low
24,36123.09,2.4,19143.76,707,2931.47,6,0,medical,0.0812,0.5299,Medium
29,36824.2,10.7,3010.79,470,19049.9,10,0,home_improvement,0.5173,0.0818,High
49,42028.51,0.9,26655.09,594,2112.68,4,1,home_improvement,0.0503,0.6342,Medium
42,60791.44,2.1,8234.16,563,3399.91,8,0,business,0.0559,0.1354,Low
47,39588.3,0.8,34264.98,501,6376.54,0,0,other,0.1611,0.8655,High
30,47101.99,4.6,13169.49,645,5840.95,13,0,business,0.124,0.2796,Low
36,30395.48,5.1,24070.74,748,3245.28,6,1,debt_consolidation,0.1068,0.7919,Medium
62,39011.17,3.0,9413.01,574,4657.4,5,0,home_improvement,0.1194,0.2413,High
62,39890.43,6.4,90075.37,605,12569.25,8,0,other,0.3151,2.258,High
30,48153.83,10.1,15064.15,626,1570.25,10,0,debt_consolidation,0.0326,0.3128,Low
26,23679.88,7.5,55033.07,507,10393.97,5,0,home_improvement,0.4389,2.3239,High
25,41567.43,1.4,13476.35,823,6386.52,13,0,education,0.1536,0.3242,Low
26,44035.92,1.9,11002.54,718,7053.87,1,0,home_improvement,0.1602,0.2498,Medium
45,53765.56,2.4,20222.49,664,1273.33,8,0,education,0.0237,0.3761,Medium
24,98643.74,1.1,28008.29,596,9034.75,3,0,debt_consolidation,0.0916,0.2839,Medium
60,46598.61,2.2,23374.6,547,1260.25,8,0,debt_consolidation,0.027,0.5016,Medium
52,26672.04,1.4,18836.37,588,3353.53,2,0,home_improvement,0.1257,0.7062,High
55,52367.24,27.3,13852.96,738,3030.43,10,0,medical,0.0579,0.2645,Low
30,34392.92,7.6,22544.26,597,4566.29,2,0,education,0.1328,0.6555,Medium
54,33950.62,9.8,17285.5,644,4182.77,13,0,other,0.1232,0.5091,Medium
56,42278.74,12.8,12364.09,654,3924.91,10,0,home_improvement,0.0928,0.2924,Low
26,37807.84,5.5,12242.42,850,4617.02,4,0,business,0.1221,0.3238,Low
63,28781.22,1.0,31987.86,602,10195.98,7,0,home_improvement,0.3542,1.1114,High
36,38460.99,7.1,6109.51,560,42827.52,8,0,home_improvement,1.1135,0.1588,High
39,61565.03,0.1,22791.56,503,1136.15,3,0,debt_consolidation,0.0185,0.3702,High
54,50024.48,0.6,21367.35,597,2450.29,12,0,debt_consolidation,0.049,0.4271,Medium
45,29841.53,0.2,51395.14,837,4916.32,13,0,business,0.1647,1.7222,Medium
51,31881.6,0.7,1994.33,696,3340.29,7,0,other,0.1048,0.0626,Low
61,52136.86,7.0,5321.12,769,4198.17,13,1,other,0.0805,0.1021,Low
37,29923.88,10.8,7871.6,687,4224.56,9,0,debt_consolidation,0.1412,0.263,Low
50,31307.19,1.6,9160.63,623,6087.61,4,0,business,0.1944,0.2926,Low
59,36845.56,0.6,23659.62,706,16606.1,8,0,business,0.4507,0.6421,High
51,30153.96,1.6,6032.93,575,15976.73,12,0,business,0.5298,0.2001,Medium
39,51553.04,5.2,11261.92,702,2379.4,2,0,business,0.0462,0.2184,Low
55,42030.95,2.2,8855.43,731,2263.59,7,0,debt_consolidation,0.0539,0.2107,Low
49,98925.36,16.2,11246.7,730,1850.94,14,1,business,0.0187,0.1137,Low
21,27421.64,0.7,30943.75,634,1664.04,4,0,debt_consolidation,0.0607,1.1284,Medium
24,87150.14,23.2,18870.47,747,1211.67,13,0,other,0.0139,0.2165,Low
48,55197.28,0.1,9258.58,561,15428.86,7,0,debt_consolidation,0.2795,0.1677,Medium
38,103313.92,3.0,5834.31,709,9733.88,14,1,education,0.0942,0.0565,Medium
46,96536.82,1.5,18451.72,672,3211.19,10,0,debt_consolidation,0.0333,0.1911,Low
60,39595.19,4.2,9031.43,594,4399.0,12,0,business,0.1111,0.2281,Low
39,24235.32,0.5,11378.8,562,2489.39,9,0,home_improvement,0.1027,0.4695,High
26,45534.5,10.4,11533.93,644,1890.13,0,0,business,0.0415,0.2533,Low
21,18245.57,0.7,26026.6,656,9258.05,8,1,business,0.5074,1.4264,High
28,68174.76,4.4,10843.55,600,6613.39,13,0,other,0.097,0.1591,Medium
53,52880.15,0.2,10446.44,546,2405.07,4,0,education,0.0455,0.1975,Medium
63,36334.79,1.9,7728.95,717,18548.49,2,0,medical,0.5105,0.2127,High
41,39152.48,0.8,8477.55,727,14887.01,1,0,medical,0.3802,0.2165,Medium
44,29405.61,19.0,23157.78,818,2025.47,2,0,other,0.0689,0.7875,Low
45,48242.76,0.1,13419.83,596,1626.84,0,0,medical,0.0337,0.2782,Low
63,29852.53,2.2,11884.43,655,6689.4,5,1,education,0.2241,0.3981,Medium
39,48119.57,1.8,6036.0,727,29897.13,6,1,debt_consolidation,0.6213,0.1254,Medium
49,58486.45,5.4,7183.49,734,2396.83,10,0,business,0.041,0.1228,Low
30,67847.2,0.3,18428.67,680,8956.28,14,0,debt_consolidation,0.132,0.2716,Low
32,61250.97,8.3,11731.51,708,3379.18,9,0,debt_consolidation,0.0552,0.1915,Low
53,42230.34,3.1,11725.45,597,8496.37,6,0,debt_consolidation,0.2012,0.2776,Medium
27,61209.21,3.0,16547.87,659,924.56,1,0,other,0.0151,0.2703,Low
37,52446.97,1.3,19672.0,580,2540.07,2,0,debt_consolidation,0.0484,0.3751,Medium
30,52229.84,3.4,20259.98,704,6145.96,3,0,business,0.1177,0.3879,Low
51,29341.84,2.3,11279.5,736,6293.97,9,0,debt_consolidation,0.2145,0.3844,Low
26,26261.36,1.4,12444.78,850,985.31,6,0,education,0.0375,0.4739,Low
37,55769.25,0.9,18330.1,768,2547.26,9,0,medical,0.0457,0.3287,Low
57,62515.48,6.5,3492.64,513,2914.77,11,0,home_improvement,0.0466,0.0559,Low
38,35935.08,0.8,14746.56,568,8276.73,7,1,debt_consolidation,0.2303,0.4104,Medium
46,88178.51,0.9,20479.95,769,4305.34,8,0,business,0.0488,0.2323,High
36,148257.38,4.3,8816.16,695,6772.91,13,0,medical,0.0457,0.0595,Low
28,117801.66,1.3,6214.13,659,14717.34,5,0,debt_consolidation,0.1249,0.0528,Low
44,42902.09,3.1,31481.44,646,4314.51,6,0,education,0.1006,0.7338,Medium
33,39477.98,4.0,8314.54,573,8246.07,7,1,debt_consolidation,0.2089,0.2106,High
49,72650.5,1.6,13028.09,492,10838.35,6,0,home_improvement,0.1492,0.1793,Medium
52,68832.56,2.1,16100.63,576,3834.08,12,0,home_improvement,0.0557,0.2339,Low
44,28097.05,1.2,7740.07,633,3394.73,12,0,other,0.1208,0.2755,Medium
36,43429.56,3.1,5192.05,667,8795.0,6,0,debt_consolidation,0.2025,0.1195,Medium
31,68239.31,24.4,15815.27,627,6944.94,12,0,other,0.1018,0.2318,Low
52,31315.33,2.3,5796.64,547,12305.82,12,0,debt_consolidation,0.393,0.1851,Low
26,33781.72,5.3,20024.69,607,6948.82,8,0,other,0.2057,0.5927,Low
55,36430.35,5.1,12213.54,660,3938.69,11,0,education,0.1081,0.3352,Low
53,40149.77,7.7,48459.46,670,5772.96,9,0,debt_consolidation,0.1438,1.2069,High
38,22367.62,6.2,14555.59,617,3187.51,5,0,debt_consolidation,0.1425,0.6507,Low
57,69318.06,0.1,8701.93,621,954.57,0,0,debt_consolidation,0.0138,0.1255,Low
33,33959.79,1.8,21457.89,714,9787.88,12,0,other,0.2882,0.6318,High
30,54240.79,10.2,25468.62,670,1985.75,2,0,home_improvement,0.0366,0.4695,Low
57,51407.74,3.9,5961.44,619,6492.58,4,1,business,0.1263,0.116,High
46,29558.9,0.6,17312.7,678,5092.71,8,0,medical,0.1723,0.5857,High
37,20270.15,1.6,16428.86,489,6003.52,0,0,business,0.2962,0.8105,Medium
21,51254.88,1.7,23876.81,626,1740.51,1,0,debt_consolidation,0.034,0.4658,Medium
45,39423.8,10.3,7221.82,637,1492.13,2,0,business,0.0378,0.1832,Low
54,61558.64,4.0,20589.93,648,4868.02,12,0,education,0.0791,0.3345,Low
59,73578.68,4.7,17114.14,580,5364.46,10,0,debt_consolidation,0.0729,0.2326,Low
30,17687.78,2.3,11557.18,702,6263.82,11,1,other,0.3541,0.6534,High
40,43672.23,0.3,66410.04,549,2883.06,3,0,debt_consolidation,0.066,1.5206,High
27,82526.53,0.4,6551.13,514,2019.86,5,0,education,0.0245,0.0794,Medium
36,100572.75,2.7,11550.96,635,8686.58,6,0,other,0.0864,0.1149,Medium
57,19610.87,1.0,7807.96,603,21541.33,14,0,home_improvement,1.0984,0.3981,High
49,87202.24,0.6,16366.98,545,7431.04,6,0,medical,0.0852,0.1877,Low
32,29591.65,1.5,37191.88,684,10854.5,1,0,business,0.3668,1.2568,Medium
37,69770.67,6.8,31555.01,647,1150.27,2,0,home_improvement,0.0165,0.4523,Medium
40,37255.16,0.4,2760.76,726,9801.39,0,0,education,0.2631,0.0741,Low
46,71206.86,3.0,34459.21,676,3107.03,12,0,home_improvement,0.0436,0.4839,Low
39,40909.53,8.7,9897.94,640,3893.7,0,0,debt_consolidation,0.0952,0.2419,Medium
32,23879.05,1.6,8782.07,558,14276.58,5,0,other,0.5978,0.3678,High
41,36654.21,1.8,14612.41,557,3436.1,3,0,business,0.0937,0.3986,Medium
62,64221.43,10.8,11255.31,622,8164.24,14,0,education,0.1271,0.1753,Medium
54,39687.75,5.2,10911.27,613,3688.74,10,0,other,0.0929,0.2749,High
27,28663.92,8.0,8599.3,713,1320.11,9,0,education,0.0461,0.3,Low
55,25959.89,1.7,16196.82,713,9131.86,10,0,home_improvement,0.3518,0.6239,Medium
35,32706.13,28.7,27741.68,524,5219.88,3,0,medical,0.1596,0.8482,High
21,32564.95,0.8,14581.52,555,5582.47,8,0,business,0.1714,0.4478,High
46,65323.17,16.3,12587.43,514,6316.55,7,0,debt_consolidation,0.0967,0.1927,Medium
55,40229.24,11.6,19366.55,594,15622.47,2,0,business,0.3883,0.4814,Medium
45,42220.28,4.0,28584.15,740,4918.99,2,0,debt_consolidation,0.1165,0.677,Medium
62,44805.5,4.4,14424.68,679,689.09,7,0,other,0.0154,0.3219,Low
35,64218.82,7.5,12136.73,664,16167.57,14,0,business,0.2518,0.189,Low
42,67412.38,1.8,19532.55,641,6186.13,14,0,debt_consolidation,0.0918,0.2897,Low
26,37667.41,3.7,8847.95,595,2296.67,14,1,debt_consolidation,0.061,0.2349,High
35,42959.65,11.6,3898.08,719,10059.03,14,0,education,0.2341,0.0907,Low
44,67591.76,0.4,19281.75,693,1730.15,13,0,debt_consolidation,0.0256,0.2853,Low
41,34616.56,11.8,10392.53,727,846.73,12,0,home_improvement,0.0245,0.3002,Low
27,37282.27,6.5,9727.47,574,11742.17,1,0,debt_consolidation,0.3149,0.2609,Medium
49,67521.42,7.3,4267.16,626,12454.68,9,0,business,0.1845,0.0632,Medium
52,36791.34,0.3,8531.33,548,12588.51,4,0,debt_consolidation,0.3422,0.2319,Medium
52,55480.36,1.0,10808.75,582,3412.25,5,1,medical,0.0615,0.1948,Low
25,22251.85,13.0,31704.68,589,3810.21,4,0,education,0.1712,1.4247,High
24,65635.83,0.7,38254.08,690,3427.19,11,0,home_improvement,0.0522,0.5828,High
42,44336.91,5.0,11982.61,683,1576.77,0,1,business,0.0356,0.2703,Low
38,60078.58,7.6,18562.83,744,3624.58,4,0,home_improvement,0.0603,0.309,Low
55,85793.21,1.3,6710.95,471,3818.14,11,0,debt_consolidation,0.0445,0.0782,High
37,41487.61,6.0,14398.78,628,1884.56,8,0,home_improvement,0.0454,0.3471,Medium
44,22769.66,0.3,10441.71,850,15606.04,10,0,debt_consolidation,0.6854,0.4586,Medium
22,40907.09,3.5,5181.82,696,2724.45,12,0,debt_consolidation,0.0666,0.1267,Medium
33,89974.68,2.0,26343.65,633,16534.27,9,0,debt_consolidation,0.1838,0.2928,Low
35,53365.64,5.2,15053.74,713,10280.4,1,1,home_improvement,0.1926,0.2821,Medium
25,28789.85,11.0,20250.54,582,5838.67,14,0,other,0.2028,0.7034,Medium
23,44494.64,0.7,10567.31,564,1624.68,10,1,education,0.0365,0.2375,High
57,62561.34,3.0,3339.17,645,8786.2,2,0,medical,0.1404,0.0534,Low
57,46039.56,2.8,5676.84,673,25071.15,5,0,education,0.5445,0.1233,Low
57,45417.98,2.0,23110.14,707,2917.37,2,0,other,0.0642,0.5088,Low
23,34308.91,3.3,11533.4,711,7000.47,11,0,education,0.204,0.3362,Medium
55,35713.93,10.6,19259.62,583,3789.15,5,0,education,0.1061,0.5393,Medium
43,54788.17,18.2,10354.37,677,1217.85,6,0,medical,0.0222,0.189,Medium
48,62707.49,0.0,14128.46,730,5159.38,2,0,education,0.0823,0.2253,Low
50,44951.75,6.7,13364.25,717,4032.43,3,0,debt_consolidation,0.0897,0.2973,Medium
38,38293.07,4.8,7679.87,703,1748.81,12,0,other,0.0457,0.2005,Low
56,71552.08,26.0,15619.4,693,10638.77,12,0,home_improvement,0.1487,0.2183,Low
53,39662.29,0.5,33723.73,686,2593.81,11,0,medical,0.0654,0.8503,Low
46,56650.55,8.3,9943.05,648,3024.78,5,0,education,0.0534,0.1755,Low
60,63991.73,13.6,4929.88,791,8065.92,0,0,home_improvement,0.126,0.077,Low
37,26054.71,12.2,20577.1,717,1922.75,0,0,medical,0.0738,0.7897,Medium
60,52568.24,4.1,5868.6,626,9051.56,4,1,debt_consolidation,0.1722,0.1116,High
27,12724.19,2.0,7400.73,515,5742.76,7,0,home_improvement,0.4513,0.5816,High
28,46574.85,5.1,11335.88,823,6172.2,12,0,debt_consolidation,0.1325,0.2434,Low
51,65496.36,1.8,19510.72,586,13120.92,0,0,debt_consolidation,0.2003,0.2979,Medium
32,58015.19,2.7,17871.02,535,3296.73,0,0,debt_consolidation,0.0568,0.308,Medium
51,73130.59,3.0,11021.53,729,2315.07,11,0,business,0.0317,0.1507,Low
64,58409.12,1.8,6058.0,650,630.67,0,0,education,0.0108,0.1037,Low
39,37377.77,2.1,66807.18,694,2640.46,9,0,home_improvement,0.0706,1.7873,High
30,22706.19,0.0,14914.82,550,4244.86,0,0,education,0.1869,0.6568,High
59,51874.18,1.8,21851.39,716,3133.05,8,0,debt_consolidation,0.0604,0.4212,Low
32,62280.41,3.2,17861.13,769,6299.34,14,0,education,0.1011,0.2868,Low
40,20357.89,0.9,32942.74,648,1745.63,1,0,medical,0.0857,1.6181,High
57,59990.97,8.2,7066.57,603,3514.54,5,0,other,0.0586,0.1178,Low
61,51219.2,3.9,16630.19,581,8177.06,10,0,medical,0.1596,0.3247,Medium
27,40849.83,7.9,11024.69,712,10113.88,13,0,education,0.2476,0.2699,Medium
34,61076.42,0.7,6969.62,741,17496.65,1,0,home_improvement,0.2865,0.1141,Low
31,42715.28,8.6,29190.45,621,3090.05,13,0,debt_consolidation,0.0723,0.6834,Medium
27,41368.14,15.9,7584.28,607,1805.13,12,0,debt_consolidation,0.0436,0.1833,Low
49,25961.11,2.2,17849.4,653,9782.07,4,0,debt_consolidation,0.3768,0.6875,Low
30,60015.76,1.7,36743.42,629,5314.12,4,0,home_improvement,0.0885,0.6122,Medium
49,25513.43,5.2,36272.71,539,3229.02,10,1,education,0.1266,1.4217,High
29,34820.11,5.1,7680.48,500,2103.66,10,0,education,0.0604,0.2206,Low
56,61567.86,0.6,23970.63,627,2181.08,12,0,business,0.0354,0.3893,Low
30,45082.86,13.1,19040.33,589,3778.58,8,0,education,0.0838,0.4223,Low
39,115213.16,3.3,6582.08,702,41707.84,3,0,home_improvement,0.362,0.0571,Medium
51,65935.26,7.2,4387.47,575,5008.65,5,0,home_improvement,0.076,0.0665,Medium
37,71372.53,2.2,13410.33,449,9909.85,3,0,debt_consolidation,0.1388,0.1879,Medium
29,75129.56,1.5,27596.8,626,2209.91,14,0,business,0.0294,0.3673,Medium
53,43449.12,0.6,76568.91,705,872.27,10,1,home_improvement,0.0201,1.7622,High
54,37574.54,1.6,9288.49,793,8379.69,5,0,debt_consolidation,0.223,0.2472,Medium
44,26717.6,25.1,14902.13,810,2174.78,2,0,debt_consolidation,0.0814,0.5577,Low
29,23699.44,5.4,7159.72,607,2213.82,3,0,education,0.0934,0.3021,Low
27,87002.34,8.1,34620.42,573,4878.66,8,0,education,0.0561,0.3979,Low
36,35914.47,15.9,16202.45,651,16018.39,0,0,debt_consolidation,0.446,0.4511,Medium
39,76646.33,0.4,17394.48,683,10194.87,6,0,education,0.133,0.2269,Low
59,23483.72,0.9,14440.7,602,2838.25,2,0,medical,0.1209,0.6149,High
26,44742.29,13.2,8092.69,608,6310.74,8,0,business,0.141,0.1809,Low
31,92397.16,4.2,23076.99,744,7331.73,11,0,home_improvement,0.0793,0.2498,Low
32,55996.2,5.0,24761.34,561,7509.45,6,0,home_improvement,0.1341,0.4422,Low
62,56741.0,2.8,28824.17,649,3812.36,10,0,debt_consolidation,0.0672,0.508,Medium
33,36565.16,8.4,25224.81,732,7366.86,1,0,medical,0.2015,0.6898,Low
32,31214.9,3.6,7542.34,734,7518.1,10,0,medical,0.2408,0.2416,Medium
41,47931.03,8.7,11881.26,730,6816.82,4,0,business,0.1422,0.2479,High
30,27921.82,24.3,17314.6,828,1959.03,14,0,debt_consolidation,0.0702,0.6201,Low
40,46456.47,5.2,9161.94,691,4956.33,14,0,other,0.1067,0.1972,Low
56,80066.94,3.8,6729.58,639,10463.72,0,0,education,0.1307,0.084,Medium
48,26016.19,2.3,11288.12,568,861.77,0,0,medical,0.0331,0.4339,Medium
44,67581.49,1.1,14644.09,600,13011.09,6,0,medical,0.1925,0.2167,Low
25,80656.52,5.3,99293.19,476,9795.05,11,0,debt_consolidation,0.1214,1.231,High
57,43039.91,0.3,29071.51,670,6804.06,6,0,debt_consolidation,0.1581,0.6754,Medium
32,49845.41,15.7,8694.85,676,7361.8,10,0,business,0.1477,0.1744,Low
55,38571.08,5.2,8622.15,625,4959.2,7,1,home_improvement,0.1286,0.2235,High
60,41981.28,16.0,7035.96,570,2275.38,7,0,home_improvement,0.0542,0.1676,High
22,73796.02,1.6,21012.4,652,4039.42,11,0,education,0.0547,0.2847,Low
61,70438.73,14.6,10625.12,635,5079.74,6,0,business,0.0721,0.1508,High
59,59677.92,4.7,12322.29,595,4012.67,2,0,home_improvement,0.0672,0.2065,Medium
62,66433.72,8.3,10024.7,651,6651.84,2,0,home_improvement,0.1001,0.1509,Medium
29,54177.13,1.0,52928.74,722,6452.4,1,0,business,0.1191,0.9769,Medium
42,26544.16,3.5,29191.98,617,5037.16,0,1,other,0.1898,1.0997,Medium
25,83449.65,4.2,7351.83,604,7583.07,14,0,business,0.0909,0.0881,Medium
32,31358.91,2.5,6734.21,619,8267.71,7,0,education,0.2636,0.2147,Medium
21,46626.76,1.5,27583.34,619,2109.98,12,0,other,0.0453,0.5916,High
64,75103.72,11.8,7541.68,686,12542.41,5,0,education,0.167,0.1004,Low
42,24328.0,0.4,29402.89,683,2970.99,4,0,business,0.1221,1.2086,Medium
58,66987.96,0.8,20674.19,685,6483.2,0,0,home_improvement,0.0968,0.3086,Low
39,27009.47,1.9,7691.07,644,4087.23,11,1,debt_consolidation,0.1513,0.2847,Medium
36,65997.41,12.6,19778.39,664,4987.63,4,0,education,0.0756,0.2997,Medium
51,89440.96,4.2,17061.76,514,13153.92,9,0,education,0.1471,0.1908,Low
23,33902.22,2.3,5173.47,571,4260.02,7,0,other,0.1257,0.1526,Low
43,31767.57,2.6,13404.52,647,6602.0,14,0,business,0.2078,0.4219,Low
62,50920.37,9.1,10794.56,658,11466.9,7,0,education,0.2252,0.212,Low
38,31272.57,0.1,16660.24,722,9376.62,9,0,other,0.2998,0.5327,Medium
46,16504.44,0.1,12095.2,612,7392.32,5,0,business,0.4479,0.7328,Medium
33,48404.46,0.2,16740.31,501,26469.94,1,0,medical,0.5468,0.3458,High
38,57962.95,3.2,9221.41,690,5276.57,12,0,home_improvement,0.091,0.1591,Low
23,41596.29,4.4,12443.89,500,11215.99,1,0,debt_consolidation,0.2696,0.2992,High
43,51872.45,4.9,6050.41,618,42028.61,1,0,medical,0.8102,0.1166,Medium
23,82821.25,6.6,10496.34,514,3123.44,7,0,home_improvement,0.0377,0.1267,Low
45,40989.27,1.1,10373.99,803,18235.18,11,0,education,0.4449,0.2531,Medium
47,43769.16,1.5,5637.65,553,7368.0,7,0,business,0.1683,0.1288,High
64,48539.42,1.4,13858.91,653,19661.35,7,0,home_improvement,0.4051,0.2855,Medium
47,41898.89,0.8,35312.11,636,5675.22,0,0,debt_consolidation,0.1354,0.8428,Medium
59,41904.3,1.4,8725.46,514,9796.38,12,0,education,0.2338,0.2082,High
45,115186.11,4.8,26881.98,767,1648.7,8,0,home_improvement,0.0143,0.2334,Low
44,52201.5,2.3,15847.04,702,1946.09,9,0,home_improvement,0.0373,0.3036,Low
28,42259.95,7.3,4117.44,611,8193.25,3,0,home_improvement,0.1939,0.0974,Low
29,97943.94,3.8,58700.43,545,8435.4,8,0,education,0.0861,0.5993,Low
57,84347.19,1.2,7719.81,564,2645.3,6,0,education,0.0314,0.0915,Medium
50,66979.05,3.1,13542.37,509,8796.0,2,0,medical,0.1313,0.2022,Medium
39,36139.78,4.5,16818.64,627,6874.44,12,0,education,0.1902,0.4654,Low
36,192178.72,10.1,13090.04,669,7818.81,9,0,other,0.0407,0.0681,Low
44,22406.74,9.0,21827.04,749,11595.06,9,0,debt_consolidation,0.5175,0.9741,Low
64,20118.62,2.8,27884.56,715,1707.26,2,0,home_improvement,0.0849,1.3859,Medium
41,59364.47,5.2,7771.19,718,9573.26,1,1,other,0.1613,0.1309,Medium
56,41008.86,1.8,11688.94,682,7360.39,6,0,debt_consolidation,0.1795,0.285,Low
60,14206.57,5.0,8919.76,675,2786.0,7,0,education,0.1961,0.6278,Medium
59,45688.75,12.2,8886.56,634,1906.69,0,0,home_improvement,0.0417,0.1945,High
26,50992.74,4.9,14285.22,707,3412.89,6,1,home_improvement,0.0669,0.2801,Medium
25,45065.57,1.8,24274.4,600,3739.64,1,1,business,0.083,0.5386,Medium
34,57017.38,5.2,5062.9,644,3501.03,6,0,education,0.0614,0.0888,Low
62,38758.68,11.7,12199.54,662,5578.9,5,0,business,0.1439,0.3147,Low
24,45737.94,0.7,8040.52,709,12434.17,14,0,debt_consolidation,0.2719,0.1758,Low
28,94283.85,3.3,19489.64,608,6636.23,8,0,home_improvement,0.0704,0.2067,Medium
44,79175.11,1.9,18420.71,788,2174.42,6,0,home_improvement,0.0275,0.2327,Low
31,44165.07,1.4,24067.29,850,6525.54,8,0,home_improvement,0.1478,0.5449,Low
37,64480.24,2.5,6294.88,524,3739.0,4,0,other,0.058,0.0976,High
41,75872.74,2.5,16438.57,689,3591.65,12,0,other,0.0473,0.2167,Low
46,30675.57,1.2,12745.2,751,3248.02,5,0,home_improvement,0.1059,0.4155,Low
63,57826.93,2.6,4928.58,605,6063.66,12,1,education,0.1049,0.0852,High
64,53005.97,5.0,5375.31,699,5244.62,5,0,home_improvement,0.0989,0.1014,Medium
47,68105.67,0.1,10152.24,601,3038.44,12,0,debt_consolidation,0.0446,0.1491,Medium
36,30577.23,22.7,13371.85,601,6633.78,2,0,home_improvement,0.2169,0.4373,Low
46,48189.92,1.8,27621.08,640,4272.33,2,0,medical,0.0887,0.5732,Low
53,33618.83,4.9,11143.92,568,3710.6,11,0,business,0.1104,0.3315,Medium
51,57873.81,1.7,16639.96,632,5523.55,0,0,home_improvement,0.0954,0.2875,Low
26,32448.03,2.5,14078.78,569,4286.04,3,0,debt_consolidation,0.1321,0.4339,Low
64,37322.34,4.0,7655.52,650,3377.17,2,0,education,0.0905,0.2051,Low
28,52120.79,4.7,10028.0,655,10944.45,6,0,home_improvement,0.21,0.1924,Low
27,30634.34,7.4,13564.07,667,11312.59,5,0,education,0.3693,0.4428,Medium
54,21853.25,7.8,6351.19,686,3176.75,13,0,other,0.1454,0.2906,Low
64,82420.43,3.7,18872.74,671,6455.3,11,0,debt_consolidation,0.0783,0.229,Low
34,35535.87,0.4,31808.71,716,3678.18,14,0,medical,0.1035,0.8951,Low
36,24345.77,4.1,34931.93,602,3908.05,8,0,debt_consolidation,0.1605,1.4348,Medium
63,28160.93,3.2,20213.14,725,3132.66,12,0,medical,0.1112,0.7177,High
29,46635.79,1.2,16369.36,683,2119.77,9,0,education,0.0455,0.351,High
30,107854.76,0.1,4381.96,641,4956.31,2,0,home_improvement,0.046,0.0406,Low
37,45713.48,1.9,7267.33,607,4275.81,5,0,home_improvement,0.0935,0.159,Medium
32,65606.83,1.5,5848.65,522,3798.68,8,1,debt_consolidation,0.0579,0.0891,High
26,40453.18,3.3,10037.17,558,13529.34,9,0,education,0.3344,0.2481,Medium
39,53794.55,7.2,21162.34,780,6494.52,2,0,medical,0.1207,0.3934,Low
63,44207.66,2.9,15650.09,558,6482.2,8,1,business,0.1466,0.354,Medium
61,65188.88,15.1,16714.52,594,19025.97,2,0,debt_consolidation,0.2919,0.2564,Low
49,27825.62,1.3,17736.68,629,7193.06,0,0,education,0.2585,0.6374,Medium
26,50899.13,1.2,8533.11,650,25315.63,10,0,debt_consolidation,0.4974,0.1676,High
45,52936.52,4.6,11666.16,617,3746.72,2,0,debt_consolidation,0.0708,0.2204,Medium
44,59751.9,11.3,15175.28,700,5029.42,13,0,business,0.0842,0.254,Low
45,25011.71,5.6,26061.35,668,11294.98,4,0,debt_consolidation,0.4516,1.0419,High
36,38639.24,5.6,12349.95,693,939.0,7,0,home_improvement,0.0243,0.3196,Low
36,66204.48,8.2,11611.46,759,5819.72,14,0,home_improvement,0.0879,0.1754,Low
26,54880.56,5.5,5824.48,667,38471.22,0,0,debt_consolidation,0.701,0.1061,Low
57,116647.81,7.1,8198.5,631,2291.24,3,0,other,0.0196,0.0703,Low
41,37621.12,10.1,15317.07,473,15493.95,9,0,other,0.4118,0.4071,High
24,18149.43,0.0,12067.84,833,4498.44,7,0,home_improvement,0.2478,0.6649,Low
54,38825.61,10.8,5540.25,786,46219.6,10,0,home_improvement,1.1904,0.1427,Low
48,12952.06,1.2,5476.48,751,2705.16,12,1,debt_consolidation,0.2088,0.4228,High
58,69638.64,12.2,7024.2,665,2789.82,5,0,business,0.0401,0.1009,Medium
61,48942.98,1.5,11282.42,641,2358.76,3,0,home_improvement,0.0482,0.2305,Low
48,59823.45,3.0,23969.99,648,5721.28,2,1,medical,0.0956,0.4007,Low
37,64783.47,13.6,15615.45,678,3575.97,0,0,education,0.0552,0.241,Low
34,82451.39,0.6,7508.32,716,3099.76,9,0,debt_consolidation,0.0376,0.0911,Medium
27,13420.09,6.8,8722.14,589,6495.19,11,1,debt_consolidation,0.484,0.6499,High
42,17659.0,2.5,17859.5,620,8289.78,7,1,debt_consolidation,0.4694,1.0113,High
21,33600.5,0.1,16372.72,626,954.29,1,0,debt_consolidation,0.0284,0.4873,Low
49,42110.44,14.0,8847.4,693,10104.42,14,0,debt_consolidation,0.2399,0.2101,Low
51,54164.69,0.6,3349.46,729,1863.14,6,0,home_improvement,0.0344,0.0618,Low
50,52177.34,7.4,16054.52,753,3852.24,2,1,business,0.0738,0.3077,Low
35,53520.17,2.4,10885.67,670,3678.8,4,0,other,0.0687,0.2034,Medium
38,22437.31,8.3,37779.88,795,6702.06,13,0,home_improvement,0.2987,1.6837,Medium
55,32945.06,6.9,10880.95,658,2631.1,5,0,other,0.0799,0.3303,Medium
50,41722.24,5.0,13163.7,791,9182.76,11,0,debt_consolidation,0.2201,0.3155,High
54,45462.87,14.0,11759.24,730,2585.85,2,0,debt_consolidation,0.0569,0.2587,Low
62,38169.01,0.5,17369.53,623,11392.32,5,0,home_improvement,0.2985,0.4551,Medium
31,55668.57,8.0,16945.96,835,4354.73,10,0,home_improvement,0.0782,0.3044,Low
47,27705.5,5.6,6830.02,537,5669.07,6,0,debt_consolidation,0.2046,0.2465,Medium
44,38511.3,1.9,6012.79,772,11174.44,13,0,debt_consolidation,0.2902,0.1561,Low
55,63037.69,3.9,25891.58,635,4270.6,9,0,home_improvement,0.0677,0.4107,Low
59,54297.28,5.2,10081.23,506,28288.37,12,0,home_improvement,0.521,0.1857,High
28,40672.75,6.7,18548.02,846,4216.36,11,0,debt_consolidation,0.1037,0.456,Low
38,41136.96,1.0,10868.4,680,5856.25,6,1,business,0.1424,0.2642,Low
33,38636.77,0.5,4356.04,633,17863.36,1,0,debt_consolidation,0.4623,0.1127,Medium
44,41459.82,0.5,30877.77,634,7346.99,14,0,business,0.1772,0.7447,High
43,38104.92,1.7,21458.5,736,10067.26,1,0,debt_consolidation,0.2642,0.5631,Low
32,40855.52,0.8,18523.4,659,3690.26,14,0,home_improvement,0.0903,0.4534,Low
50,56831.75,3.8,7548.51,821,964.82,10,0,education,0.017,0.1328,Low
51,56242.31,2.9,20495.76,615,3059.13,10,0,other,0.0544,0.3644,Medium
48,25426.2,11.2,15750.44,560,4773.48,2,1,medical,0.1877,0.6194,Medium
42,120076.18,6.3,8706.0,679,2715.33,6,0,business,0.0226,0.0725,Low
64,37362.43,1.2,11360.86,685,5157.35,0,1,other,0.138,0.3041,Medium
48,61972.12,0.2,12797.84,572,1485.53,7,0,home_improvement,0.024,0.2065,Medium
33,28686.19,6.2,9388.07,544,5258.24,3,0,education,0.1833,0.3273,Medium
45,101858.3,9.3,16129.04,584,2742.63,11,0,other,0.0269,0.1583,Medium
64,64157.49,6.0,22421.98,621,1329.09,5,0,education,0.0207,0.3495,Medium
27,59351.71,5.2,10132.95,592,5412.39,13,0,debt_consolidation,0.0912,0.1707,High
26,44826.54,1.4,12526.61,759,5015.1,4,0,medical,0.1119,0.2794,Low
44,19535.14,3.4,12495.86,630,3802.93,0,0,home_improvement,0.1947,0.6396,High
39,112579.04,6.5,21990.12,765,2328.29,4,0,debt_consolidation,0.0207,0.1953,Low
39,75120.24,1.1,14916.9,475,2149.08,4,0,medical,0.0286,0.1986,Medium
56,41741.89,3.2,24792.53,689,16107.41,6,0,home_improvement,0.3859,0.5939,Low
29,62273.65,0.6,9013.15,669,8582.71,8,0,business,0.1378,0.1447,Medium
56,25455.64,3.8,13273.27,749,3106.14,8,0,medical,0.122,0.5214,Low
58,18896.39,4.3,18876.04,646,3172.2,0,0,debt_consolidation,0.1679,0.9989,Low
60,49425.58,3.8,20374.66,575,2127.6,4,0,business,0.043,0.4122,Low
49,32900.41,3.2,10656.56,671,4380.0,3,0,debt_consolidation,0.1331,0.3239,Medium
44,38510.9,4.4,13093.95,668,13260.7,6,0,business,0.3443,0.34,Medium
25,47746.06,28.7,8164.68,599,7222.15,4,0,home_improvement,0.1513,0.171,Low
62,27074.87,4.9,4193.54,637,10065.61,1,0,medical,0.3718,0.1549,Medium
46,47094.19,7.0,11074.33,618,1909.17,13,0,other,0.0405,0.2351,Low
34,28223.93,1.1,11101.39,786,3085.5,10,0,education,0.1093,0.3933,Low
59,81327.23,3.8,10383.8,645,6204.53,14,0,business,0.0763,0.1277,Low
49,46622.16,0.0,6985.43,646,822.96,3,0,debt_consolidation,0.0177,0.1498,Low
26,63817.28,0.2,18735.18,633,2936.86,9,0,home_improvement,0.046,0.2936,High
27,20205.57,1.9,20211.84,624,2485.11,14,1,debt_consolidation,0.123,1.0003,High
57,65833.15,3.1,12854.62,671,14143.87,3,0,debt_consolidation,0.2148,0.1953,Medium
38,103633.08,4.3,8208.75,592,9815.18,9,0,business,0.0947,0.0792,Low
43,51989.93,10.9,9444.64,641,7222.45,2,0,debt_consolidation,0.1389,0.1817,Low
64,63644.65,7.4,13127.67,529,4740.95,10,0,debt_consolidation,0.0745,0.2063,Medium
58,43519.21,1.8,22258.63,669,7642.56,11,0,debt_consolidation,0.1756,0.5115,Medium
21,59138.88,6.8,6026.74,671,3987.57,4,0,debt_consolidation,0.0674,0.1019,Medium
24,109162.32,4.0,9575.59,561,10453.88,7,0,debt_consolidation,0.0958,0.0877,Medium
64,150712.44,7.6,14600.7,700,2384.85,1,1,debt_consolidation,0.0158,0.0969,Medium
55,57445.4,2.6,21025.01,623,2097.56,14,0,home_improvement,0.0365,0.366,Low
43,29441.47,0.5,6051.1,765,4646.77,13,0,debt_consolidation,0.1578,0.2055,Medium
47,66946.79,4.8,8583.67,634,6030.96,10,0,home_improvement,0.0901,0.1282,Low
46,26401.57,4.1,3311.81,757,12708.97,1,0,debt_consolidation,0.4814,0.1254,Low
28,35874.81,15.4,29307.64,701,2546.76,8,0,debt_consolidation,0.071,0.8169,Low
63,37983.49,0.9,6873.38,558,4751.43,12,0,medical,0.1251,0.181,Low
36,136024.11,5.3,17992.46,608,5431.42,4,0,debt_consolidation,0.0399,0.1323,Low
61,100143.01,3.2,31493.59,783,2883.11,11,0,debt_consolidation,0.0288,0.3145,Low
23,90292.82,2.4,31027.68,720,7745.96,1,1,business,0.0858,0.3436,Medium
52,73893.93,7.9,4525.68,572,2187.7,1,0,debt_consolidation,0.0296,0.0612,Medium
25,31125.89,8.3,24559.86,692,4451.86,2,0,education,0.143,0.789,Low
40,55166.36,6.3,21784.07,599,6725.74,8,1,home_improvement,0.1219,0.3949,High
34,122879.42,0.4,23776.82,626,6740.81,5,0,business,0.0549,0.1935,Low
52,61314.3,2.1,3555.03,765,5895.89,13,0,debt_consolidation,0.0962,0.058,Low
46,82049.15,0.2,9357.95,690,1906.2,0,0,education,0.0232,0.1141,Low
26,21918.49,2.1,4819.59,556,11510.01,9,0,other,0.5251,0.2199,High
56,70328.89,5.2,10027.63,658,4742.01,2,0,other,0.0674,0.1426,Low
60,28935.76,3.7,21693.1,743,1441.46,4,0,business,0.0498,0.7497,Low
25,43894.71,6.1,43152.85,682,1948.67,3,0,debt_consolidation,0.0444,0.9831,Low
33,99809.22,4.0,22284.35,647,1611.25,4,0,medical,0.0161,0.2233,Low
52,58313.07,4.1,17008.44,609,2036.0,0,0,other,0.0349,0.2917,Low
36,73681.57,3.6,9824.89,653,4077.2,0,0,debt_consolidation,0.0553,0.1333,Low
21,44690.21,2.3,9582.61,412,740.31,1,0,medical,0.0166,0.2144,Low
33,18713.37,3.0,17192.42,659,9447.57,8,0,debt_consolidation,0.5048,0.9187,High
31,30710.46,0.6,12480.22,569,13435.07,2,0,home_improvement,0.4375,0.4064,High
28,68880.02,9.0,18853.74,558,11544.35,7,0,other,0.1676,0.2737,Medium
45,57951.22,11.0,12330.95,676,1765.56,12,0,other,0.0305,0.2128,Low
60,112557.27,7.3,32075.71,667,8019.3,9,0,business,0.0712,0.285,Low
52,52224.22,4.4,24340.53,637,11290.88,2,0,other,0.2162,0.4661,Medium
44,31369.7,4.2,8027.01,643,24736.85,2,0,debt_consolidation,0.7885,0.2559,Medium
48,48391.9,3.2,21132.43,600,1723.26,14,0,education,0.0356,0.4367,Medium
34,80733.9,1.3,15584.49,507,8731.97,11,0,home_improvement,0.1082,0.193,Low
23,20362.54,2.4,8656.32,643,3785.11,14,0,business,0.1859,0.4251,Low
56,58268.91,23.0,46261.77,698,7171.88,8,0,debt_consolidation,0.1231,0.7939,Low
47,26101.63,0.8,16037.85,563,3220.97,8,0,debt_consolidation,0.1234,0.6144,Medium
40,53175.69,3.9,16506.62,609,6536.39,10,0,education,0.1229,0.3104,Low
35,70489.71,10.1,21462.37,639,24358.27,13,1,education,0.3456,0.3045,Medium
47,64597.88,3.0,18792.56,636,2546.65,1,0,business,0.0394,0.2909,Low
61,95816.89,4.7,24068.47,649,1738.29,14,0,home_improvement,0.0181,0.2512,Low
48,55568.14,8.8,6407.09,655,2887.94,7,1,education,0.052,0.1153,Low
45,63372.86,4.0,31025.91,571,7780.3,13,0,business,0.1228,0.4896,High
62,64490.74,6.6,16916.53,688,7558.71,10,0,education,0.1172,0.2623,Low
64,30186.13,2.1,15482.98,613,1083.48,10,0,debt_consolidation,0.0359,0.5129,Medium
53,45993.74,6.6,8540.41,706,4141.48,8,0,home_improvement,0.09,0.1857,Low
34,14335.67,0.2,7775.58,661,7728.61,12,0,debt_consolidation,0.5391,0.5424,Medium
28,59186.01,0.8,7665.23,679,6229.33,6,0,other,0.1052,0.1295,Medium
34,12384.61,5.1,10002.6,728,6117.14,7,0,other,0.4939,0.8076,High
21,74947.86,3.0,13843.53,686,14541.43,0,0,home_improvement,0.194,0.1847,Low
36,112044.99,8.8,5937.6,711,4094.23,11,0,home_improvement,0.0365,0.053,Medium
38,62903.9,2.1,38538.53,773,6674.34,11,0,home_improvement,0.1061,0.6126,Low
27,67950.73,7.3,18056.84,552,2206.51,1,0,debt_consolidation,0.0325,0.2657,Medium
35,89539.58,0.7,7106.77,600,16040.28,12,0,debt_consolidation,0.1791,0.0794,Medium
44,39441.89,13.3,24015.53,608,1858.71,7,0,other,0.0471,0.6089,Medium
33,25945.49,2.7,9847.63,755,3121.8,2,0,home_improvement,0.1203,0.3795,Low
29,46957.88,1.3,8402.53,647,5011.07,6,0,medical,0.1067,0.1789,Low
35,33474.44,7.8,29082.99,592,3476.14,6,0,debt_consolidation,0.1038,0.8688,Medium
55,50938.84,14.8,9010.74,571,7197.77,7,0,business,0.1413,0.1769,High
44,55679.6,12.5,13773.03,709,1556.48,7,0,debt_consolidation,0.028,0.2474,Low
53,38595.5,1.4,23054.19,677,1160.3,7,0,business,0.0301,0.5973,Medium
36,34308.23,5.6,27135.74,533,2336.27,13,0,education,0.0681,0.7909,Medium
28,16696.16,4.0,15575.46,602,12244.57,4,0,medical,0.7333,0.9328,High
49,45052.88,6.5,4737.08,491,1062.1,0,1,debt_consolidation,0.0236,0.1051,Medium
43,39402.18,3.3,7043.99,716,7251.93,8,0,business,0.184,0.1788,Low
51,40824.22,3.2,31850.18,652,10586.34,10,0,debt_consolidation,0.2593,0.7802,Medium
60,70672.92,10.7,22419.68,636,5605.99,13,0,other,0.0793,0.3172,Low
34,130958.75,10.2,19803.89,535,2287.25,10,0,home_improvement,0.0175,0.1512,Low
50,41009.55,7.7,8654.34,599,2708.51,11,0,debt_consolidation,0.066,0.211,Low
59,59458.07,6.1,7302.95,699,11476.69,8,1,business,0.193,0.1228,Low
47,55660.14,5.7,5705.15,626,4652.86,5,0,business,0.0836,0.1025,Medium
36,86450.3,0.3,9731.49,608,5451.68,8,0,debt_consolidation,0.0631,0.1126,Low
26,31073.51,6.9,16765.35,783,4487.45,6,1,home_improvement,0.1444,0.5395,Low
53,30618.33,5.1,31923.55,521,5598.93,3,1,medical,0.1829,1.0426,High
64,32455.03,1.8,12552.19,598,5449.27,14,0,debt_consolidation,0.1679,0.3867,High
38,15776.01,8.6,13154.94,583,10392.64,9,0,other,0.6587,0.8338,High
36,47906.07,8.9,23418.87,694,3154.45,13,0,medical,0.0658,0.4888,Low
32,28960.14,13.5,9992.07,672,2255.97,9,0,home_improvement,0.0779,0.345,Medium
40,55580.56,2.7,12230.4,643,4868.36,3,0,home_improvement,0.0876,0.22,Low
60,14820.9,4.0,14040.66,561,4486.77,0,0,home_improvement,0.3027,0.9473,Medium
49,47643.21,11.8,9780.42,670,4958.44,8,0,business,0.1041,0.2053,Low
50,43127.44,1.9,17906.42,501,23304.73,5,1,home_improvement,0.5404,0.4152,High
46,37328.74,8.0,14412.86,622,2856.74,14,0,debt_consolidation,0.0765,0.3861,Low
42,80749.13,24.1,15008.5,603,9495.97,6,0,home_improvement,0.1176,0.1859,Low
53,32783.99,5.3,7376.2,720,3695.09,1,0,home_improvement,0.1127,0.225,Medium
59,57060.41,20.6,21804.98,696,8403.16,10,0,education,0.1473,0.3821,Low
49,35742.1,3.6,36690.02,694,5502.77,2,0,debt_consolidation,0.154,1.0265,High
42,112366.43,0.8,20834.55,662,7065.43,3,0,business,0.0629,0.1854,Medium
33,45776.23,1.0,8509.59,750,7945.85,2,0,debt_consolidation,0.1736,0.1859,Low
29,68727.45,6.6,5219.02,712,2899.98,9,0,business,0.0422,0.0759,Low
44,66492.59,0.0,12418.33,566,729.26,12,0,debt_consolidation,0.011,0.1868,Medium
35,86926.17,5.4,19051.59,614,10100.52,11,0,medical,0.1162,0.2192,High
56,52735.37,0.8,8878.84,700,713.75,8,1,home_improvement,0.0135,0.1684,High
33,25368.65,20.8,11025.44,669,2879.72,7,1,debt_consolidation,0.1135,0.4346,Medium
47,61174.82,0.9,26197.18,647,2174.08,12,0,debt_consolidation,0.0355,0.4282,Low
64,56306.73,4.0,5152.68,678,9914.21,1,0,medical,0.1761,0.0915,Medium
57,10741.94,5.5,16163.91,497,18191.87,14,1,other,1.6934,1.5046,Medium
27,21248.43,8.6,7062.14,682,5228.5,8,0,education,0.2461,0.3323,Medium
28,69770.79,3.1,22244.42,741,3451.53,10,0,education,0.0495,0.3188,Low
57,99727.55,13.6,21129.72,709,2683.59,7,0,debt_consolidation,0.0269,0.2119,Medium
61,47035.13,3.3,13046.63,850,6519.13,3,0,education,0.1386,0.2774,Low
34,73468.79,1.5,15925.74,687,1594.49,2,0,debt_consolidation,0.0217,0.2168,Medium
32,51770.72,4.5,7736.27,638,1233.77,3,0,medical,0.0238,0.1494,Low
56,49921.33,5.4,22140.46,773,2464.12,1,0,home_improvement,0.0494,0.4435,Low
60,45634.1,3.5,16971.11,579,3386.62,13,1,medical,0.0742,0.3719,Medium
37,51039.81,6.6,12966.09,612,863.88,7,0,home_improvement,0.0169,0.254,Medium
60,59528.05,2.7,8367.31,643,18792.07,5,0,debt_consolidation,0.3157,0.1406,Medium
49,40100.43,0.0,14142.06,584,2891.87,9,0,medical,0.0721,0.3527,Medium
47,91431.92,1.5,10672.25,704,2278.97,0,0,medical,0.0249,0.1167,High
21,29729.57,14.6,21488.32,720,8773.9,6,0,debt_consolidation,0.2951,0.7228,Low
54,114757.03,7.2,35788.75,611,1574.23,3,0,debt_consolidation,0.0137,0.3119,Medium
24,44013.61,1.1,19873.74,676,3537.28,12,0,home_improvement,0.0804,0.4515,Low
44,47761.86,0.3,10804.88,674,5833.72,10,1,business,0.1221,0.2262,High
41,35816.59,2.2,31969.96,679,2257.0,3,0,debt_consolidation,0.063,0.8926,Medium
53,60156.88,9.0,10497.87,629,4395.7,4,0,other,0.0731,0.1745,Low
27,40605.96,0.6,15864.55,592,7279.74,10,1,other,0.1793,0.3907,High
21,38649.43,3.9,10410.83,762,3271.43,7,0,business,0.0846,0.2694,Low
61,66601.71,1.6,13539.81,590,23052.65,9,0,other,0.3461,0.2033,Low
23,87604.61,6.5,4723.09,623,4136.38,1,0,debt_consolidation,0.0472,0.0539,Medium
64,29113.21,0.0,6498.58,729,4828.67,6,0,debt_consolidation,0.1659,0.2232,Low
35,74071.72,1.6,12867.67,647,4257.96,8,0,home_improvement,0.0575,0.1737,Low
51,91486.42,5.7,15925.04,831,4853.28,14,0,education,0.053,0.1741,Low
36,20282.29,4.0,12298.49,573,3181.71,7,0,business,0.1569,0.6063,High
30,32111.29,7.5,22488.86,586,12928.16,9,1,business,0.4026,0.7003,High
49,90392.43,0.9,3735.17,631,14529.6,9,0,other,0.1607,0.0413,Medium
26,59075.87,3.8,17765.88,719,7830.44,1,0,business,0.1325,0.3007,Medium
49,115225.38,1.1,29601.27,656,4986.66,3,0,home_improvement,0.0433,0.2569,Low
37,44861.95,5.1,21286.81,694,3363.47,0,0,education,0.075,0.4745,Low
42,37683.75,0.7,19886.23,779,3401.87,3,0,education,0.0903,0.5277,Medium
44,96827.02,0.8,24269.69,478,28620.24,14,0,other,0.2956,0.2506,High
37,32279.68,2.0,6467.25,515,3685.14,4,0,business,0.1142,0.2003,Medium
41,43389.3,2.6,6449.31,599,1078.85,5,0,debt_consolidation,0.0249,0.1486,Low
31,64844.13,3.5,11067.62,637,17199.71,1,0,home_improvement,0.2652,0.1707,Medium
27,68134.02,4.3,12557.33,544,1481.45,4,0,home_improvement,0.0217,0.1843,Low
62,32898.22,3.2,14929.39,755,2057.72,14,0,education,0.0625,0.4538,Low
59,55845.38,0.2,6482.76,660,4570.04,4,0,business,0.0818,0.1161,Low
25,42384.93,2.1,11419.37,753,4784.36,3,0,business,0.1129,0.2694,High
64,21133.96,0.3,23806.91,642,4687.23,7,0,debt_consolidation,0.2218,1.1264,High
41,38927.65,0.6,10785.56,642,5603.53,9,1,medical,0.1439,0.2771,High
38,21652.06,0.5,5122.13,568,2851.2,6,0,home_improvement,0.1317,0.2366,Medium
55,35251.75,0.9,5187.13,648,1344.08,11,1,education,0.0381,0.1471,Medium
40,26881.7,8.4,24254.34,743,3665.41,10,1,debt_consolidation,0.1363,0.9022,High
35,72179.58,4.9,32422.27,696,1902.55,10,0,business,0.0264,0.4492,Low
25,56964.41,3.5,8391.7,701,9240.86,13,0,business,0.1622,0.1473,Medium
33,105800.54,6.6,22349.57,613,3118.67,1,0,debt_consolidation,0.0295,0.2112,Low
32,30918.73,16.2,19496.21,575,4107.75,7,0,home_improvement,0.1329,0.6305,High
41,52137.4,2.7,5679.08,601,14754.66,13,0,business,0.283,0.1089,Low
57,28240.53,2.3,18048.29,688,5851.09,7,0,home_improvement,0.2072,0.6391,Medium
26,35746.55,19.0,20262.98,564,2548.54,13,0,home_improvement,0.0713,0.5668,Medium
27,40145.54,7.4,11231.87,632,3827.41,4,0,education,0.0953,0.2798,Low
46,131508.1,7.5,10479.47,587,4975.73,6,0,education,0.0378,0.0797,Medium
62,58802.82,4.6,15333.04,573,8073.01,3,0,other,0.1373,0.2607,Medium
28,45987.21,3.5,8361.88,720,4892.5,4,1,debt_consolidation,0.1064,0.1818,Low
29,84078.39,4.0,26950.14,655,2415.87,13,0,debt_consolidation,0.0287,0.3205,Low
47,68630.86,5.3,13241.75,734,12342.17,13,0,debt_consolidation,0.1798,0.1929,Low
24,47665.28,2.4,10301.42,622,1914.36,2,0,home_improvement,0.0402,0.2161,Medium
41,68706.36,7.6,12245.76,731,7774.69,11,0,home_improvement,0.1132,0.1782,Low
51,42071.28,12.0,24338.63,706,6212.14,3,0,business,0.1477,0.5785,Medium
41,218124.2,4.2,12237.85,588,4575.28,3,0,debt_consolidation,0.021,0.0561,Low
60,90220.0,2.4,10191.23,733,2254.99,6,0,home_improvement,0.025,0.113,Low
45,40002.76,5.9,5155.27,589,590.88,9,0,education,0.0148,0.1289,Low
59,71655.22,1.0,14806.47,758,1368.53,9,0,education,0.0191,0.2066,High
35,64501.6,17.3,11264.86,769,6651.37,14,0,business,0.1031,0.1746,Low
55,56475.08,5.4,6521.58,673,6849.04,9,0,other,0.1213,0.1155,Medium
63,63411.0,0.3,17327.49,642,16697.12,11,0,debt_consolidation,0.2633,0.2733,High
61,32655.94,3.8,6944.73,568,5084.82,12,0,other,0.1557,0.2127,High
57,39437.45,6.9,9079.97,824,5119.72,0,0,debt_consolidation,0.1298,0.2302,Low
62,112346.79,1.6,17695.68,538,2806.08,6,0,home_improvement,0.025,0.1575,Medium
48,54285.34,0.3,17635.97,540,3632.14,4,0,debt_consolidation,0.0669,0.3249,Medium
34,34540.05,3.4,14006.62,591,4924.48,13,0,other,0.1426,0.4055,High
24,45702.54,9.0,11354.61,685,18597.61,7,0,business,0.4069,0.2484,Medium
40,37530.56,1.4,10033.02,457,6489.28,10,0,education,0.1729,0.2673,High
54,76792.57,6.3,7902.88,580,3532.54,7,0,other,0.046,0.1029,Medium
32,37033.59,2.6,11249.01,639,2820.86,13,0,education,0.0762,0.3037,Medium
53,50114.58,0.3,25235.05,790,865.08,5,0,other,0.0173,0.5035,Low
44,35197.86,1.8,6878.38,622,1716.14,2,0,business,0.0488,0.1954,Low
40,147850.07,1.9,2836.8,631,3666.79,1,0,education,0.0248,0.0192,Low
25,67144.98,11.8,8545.19,753,4923.31,8,1,debt_consolidation,0.0733,0.1273,Low
58,65827.78,20.0,33373.08,632,2446.45,7,0,debt_consolidation,0.0372,0.507,Medium
50,69488.3,1.2,10509.4,532,12085.79,9,0,home_improvement,0.1739,0.1512,Medium
44,40242.94,2.8,13473.09,685,9184.93,4,0,debt_consolidation,0.2282,0.3348,Low
63,104886.5,18.8,14000.21,506,7011.12,9,0,business,0.0668,0.1335,Medium
60,47389.66,2.6,8862.45,654,11966.69,2,0,home_improvement,0.2525,0.187,Medium
27,118943.36,2.1,30035.02,723,12956.92,13,1,debt_consolidation,0.1089,0.2525,Low
56,41672.54,0.6,11585.72,616,3275.97,6,0,other,0.0786,0.278,Medium
58,70104.35,7.0,25460.58,606,3335.82,10,0,other,0.0476,0.3632,High
36,53285.05,3.0,13777.01,732,4517.58,1,0,debt_consolidation,0.0848,0.2585,Low
35,56040.09,5.1,14114.52,641,3554.7,4,0,home_improvement,0.0634,0.2519,Low
43,21268.69,3.6,7188.58,612,1330.87,13,0,education,0.0626,0.338,Medium
32,29983.43,1.0,24651.65,663,7053.16,3,0,business,0.2352,0.8221,High
49,104294.88,1.0,11966.13,776,5004.74,4,0,other,0.048,0.1147,Low
64,25734.57,14.0,14510.83,598,12212.95,9,0,other,0.4746,0.5638,High
35,76574.18,11.0,37028.28,643,1606.18,4,0,debt_consolidation,0.021,0.4836,Low
49,179869.99,4.7,15751.42,487,9779.08,10,0,home_improvement,0.0544,0.0876,Low
63,64634.61,0.0,14867.62,746,26231.35,0,0,home_improvement,0.4058,0.23,Low
41,141970.41,2.8,24075.21,585,2547.66,10,0,debt_consolidation,0.0179,0.1696,Medium
35,69290.03,3.8,19918.38,673,3150.24,10,0,other,0.0455,0.2875,Medium
34,55906.09,3.0,10130.57,781,5738.55,11,0,debt_consolidation,0.1026,0.1812,Low
62,59119.88,13.0,9457.82,662,7108.07,9,0,debt_consolidation,0.1202,0.16,Low
64,44860.42,0.2,17451.52,758,896.04,11,0,debt_consolidation,0.02,0.389,Medium
36,44176.38,5.3,9596.86,736,9839.84,11,0,home_improvement,0.2227,0.2172,Medium
35,37700.16,1.9,13725.91,682,1147.73,14,0,home_improvement,0.0304,0.3641,Low
62,60572.65,4.1,6294.97,470,9429.56,7,0,other,0.1557,0.1039,Medium
24,147294.99,5.3,36713.62,456,1079.87,14,0,debt_consolidation,0.0073,0.2493,Low
47,99931.11,2.9,9147.48,753,2795.64,1,0,other,0.028,0.0915,Low
43,54308.58,0.8,19117.09,681,10546.51,12,0,home_improvement,0.1942,0.352,High
49,66642.97,3.7,19509.97,677,2858.23,13,0,debt_consolidation,0.0429,0.2927,Medium
61,46971.82,13.5,38007.15,613,11492.32,8,0,other,0.2447,0.8091,High
29,99780.71,3.8,16176.79,618,5016.17,11,0,other,0.0503,0.1621,Low
63,21673.62,0.7,10543.19,635,5343.7,3,0,business,0.2465,0.4864,Medium
63,128707.35,8.7,13053.77,614,3364.26,12,0,debt_consolidation,0.0261,0.1014,Low
27,37323.41,1.3,7934.87,679,2261.73,7,0,education,0.0606,0.2126,Medium
62,40456.21,2.3,29540.29,705,20728.29,9,0,debt_consolidation,0.5124,0.7302,Medium
24,26599.27,2.8,11044.51,573,5324.66,2,1,debt_consolidation,0.2002,0.4152,High
25,52964.42,2.1,38363.2,714,1450.35,4,1,business,0.0274,0.7243,High
25,34876.51,2.6,9016.27,660,7823.32,10,0,debt_consolidation,0.2243,0.2585,Medium
31,87705.78,7.9,62618.68,642,1484.59,0,0,debt_consolidation,0.0169,0.714,Medium
61,68704.21,1.3,8871.08,670,4441.83,5,0,home_improvement,0.0647,0.1291,Low
48,34654.19,3.2,8597.53,565,1712.86,7,0,debt_consolidation,0.0494,0.2481,Medium
36,31619.33,0.1,9103.3,598,2348.56,3,0,business,0.0743,0.2879,Medium
61,35561.31,3.5,8948.55,463,5545.82,0,0,education,0.1559,0.2516,Medium
50,30551.67,0.6,16692.98,677,5808.79,10,0,debt_consolidation,0.1901,0.5464,Low
24,42626.25,1.7,8152.9,647,1743.14,10,0,home_improvement,0.0409,0.1913,Medium
22,32197.38,2.0,6704.8,637,5434.61,10,0,home_improvement,0.1688,0.2082,Low
23,87915.86,0.4,7752.42,634,1228.98,11,1,home_improvement,0.014,0.0882,Medium
41,38208.98,2.2,45041.35,683,11996.15,9,1,other,0.314,1.1788,High
26,65372.1,3.4,6783.72,595,4953.72,9,0,home_improvement,0.0758,0.1038,Low
63,65641.22,2.8,14950.6,670,4820.78,14,1,debt_consolidation,0.0734,0.2278,Low
38,19408.06,1.6,7705.79,734,2509.42,13,0,debt_consolidation,0.1293,0.397,Medium
64,70033.16,1.7,17610.61,499,2649.75,7,0,home_improvement,0.0378,0.2515,High
25,20880.27,5.0,14693.09,629,9588.65,5,1,debt_consolidation,0.4592,0.7036,High
29,32308.31,6.3,36237.93,584,6599.41,11,0,debt_consolidation,0.2043,1.1216,High
40,68437.97,4.3,10252.28,738,10329.2,9,0,business,0.1509,0.1498,Low
48,52178.11,18.7,17253.1,682,2742.74,7,0,debt_consolidation,0.0526,0.3307,Low
46,41347.99,14.5,25008.79,708,4090.09,1,0,debt_consolidation,0.0989,0.6048,Low
38,20100.72,0.5,10706.69,708,6280.1,5,0,education,0.3124,0.5326,Medium
39,79405.21,1.5,15164.57,787,4096.19,11,0,other,0.0516,0.191,Low
23,60903.72,10.1,5416.76,676,6978.89,1,0,other,0.1146,0.0889,Low
29,31944.94,0.2,17456.31,581,3035.53,5,0,education,0.095,0.5464,High
56,30309.9,4.5,14900.99,685,1851.58,5,0,debt_consolidation,0.0611,0.4916,Low
51,81915.33,15.5,8469.43,616,6720.47,9,0,medical,0.082,0.1034,Low
37,56965.56,5.7,6366.95,681,1521.69,12,1,education,0.0267,0.1118,Medium
43,24831.06,0.5,11328.0,652,25134.65,6,0,medical,1.0122,0.4562,High
54,34023.31,6.9,6543.67,580,3783.29,13,0,debt_consolidation,0.1112,0.1923,Medium
61,130437.0,2.4,14173.53,633,3560.85,0,0,home_improvement,0.0273,0.1087,Low
61,80912.12,12.7,19376.96,513,5842.07,0,0,business,0.0722,0.2395,Low
25,49034.81,1.7,4663.14,621,6820.94,0,0,education,0.1391,0.0951,Low
35,49572.2,3.2,8070.08,636,3321.28,4,0,home_improvement,0.067,0.1628,High
23,16519.71,6.9,35047.71,547,5737.82,0,0,home_improvement,0.3473,2.1214,High
39,94212.88,1.5,19268.64,613,3219.77,2,0,medical,0.0342,0.2045,Medium
48,39116.15,1.0,5706.13,803,13071.76,0,0,education,0.3342,0.1459,High
23,32717.52,0.0,9950.04,692,9648.77,6,0,business,0.2949,0.3041,High
58,71323.88,3.3,4512.17,545,3255.99,7,0,debt_consolidation,0.0457,0.0633,Medium
24,35775.66,13.2,26538.11,616,3526.36,3,0,debt_consolidation,0.0986,0.7418,Medium
44,19702.82,1.7,13235.03,567,3103.66,8,1,business,0.1575,0.6717,High
51,60168.53,0.2,14452.55,718,4673.63,7,0,business,0.0777,0.2402,Low
31,22977.46,4.8,27328.59,584,7235.35,6,0,other,0.3149,1.1893,High
57,47600.69,0.3,11636.3,611,8398.04,10,0,medical,0.1764,0.2445,High
21,57457.71,3.5,15746.86,727,5427.71,8,0,business,0.0945,0.2741,Medium
29,42662.68,2.4,25674.63,676,5783.74,9,0,debt_consolidation,0.1356,0.6018,High
37,42758.21,3.2,8180.23,636,4613.63,2,0,debt_consolidation,0.1079,0.1913,Medium
21,106453.32,0.9,6322.02,652,10374.8,11,0,home_improvement,0.0975,0.0594,Medium
23,107221.21,0.5,39192.96,592,3771.48,1,0,debt_consolidation,0.0352,0.3655,Medium
46,30984.11,6.9,8573.35,774,23125.61,9,1,education,0.7463,0.2767,High
51,36410.84,1.4,3239.74,567,14599.87,4,0,debt_consolidation,0.401,0.089,Medium
46,37423.95,8.1,8667.26,683,3914.21,9,0,other,0.1046,0.2316,Low
43,48256.24,7.1,8903.84,698,4553.33,14,0,other,0.0944,0.1845,Low
50,47052.0,1.1,44881.48,781,439.99,8,0,business,0.0094,0.9538,Medium
30,115675.18,11.9,18584.55,636,1814.57,1,0,debt_consolidation,0.0157,0.1607,Medium
28,44677.89,0.9,11760.57,566,3436.12,1,1,debt_consolidation,0.0769,0.2632,High
64,29286.07,8.0,8831.32,678,3515.86,4,0,debt_consolidation,0.12,0.3015,Low
45,36533.76,2.7,20126.52,578,7468.57,8,0,debt_consolidation,0.2044,0.5509,Medium
42,59082.5,1.0,25110.99,592,9101.67,8,0,debt_consolidation,0.154,0.425,Medium
35,43106.87,13.9,18002.86,543,1316.99,9,0,education,0.0306,0.4176,Low
61,57342.79,16.5,23215.71,585,1967.61,3,0,education,0.0343,0.4049,High
30,43386.89,3.6,33863.74,632,1659.74,11,0,debt_consolidation,0.0383,0.7805,Medium
40,70431.71,3.2,14133.44,565,1589.11,8,0,education,0.0226,0.2007,Medium
61,46904.42,11.6,9852.98,606,4814.01,11,0,debt_consolidation,0.1026,0.2101,Low
43,26683.44,4.5,10324.48,704,10496.99,0,0,debt_consolidation,0.3934,0.3869,Medium
21,41215.63,1.5,28332.06,672,13796.0,8,0,education,0.3347,0.6874,Medium
22,148108.88,2.8,20698.43,716,12681.06,10,0,other,0.0856,0.1398,Low
39,90954.29,9.0,14607.48,709,1097.19,6,0,education,0.0121,0.1606,Low
34,27423.79,9.8,9655.9,664,3359.57,8,0,debt_consolidation,0.1225,0.3521,High
28,119276.11,14.0,8225.04,625,5680.4,10,0,debt_consolidation,0.0476,0.069,Medium
58,52499.1,1.7,13364.75,648,9036.15,9,0,business,0.1721,0.2546,Medium
32,38399.82,5.7,7338.35,592,643.19,4,0,other,0.0167,0.1911,Low
46,42582.94,0.4,11654.63,563,2647.22,5,0,other,0.0622,0.2737,High
47,50433.51,6.5,27333.51,718,15801.36,0,0,business,0.3133,0.542,High
49,84291.15,4.1,12351.35,709,4562.99,1,0,home_improvement,0.0541,0.1465,Medium
35,53906.93,1.4,11582.31,678,14816.56,14,0,debt_consolidation,0.2748,0.2149,Low
21,57913.24,5.3,14553.19,634,8438.29,0,0,debt_consolidation,0.1457,0.2513,Low
63,89829.17,0.7,23853.33,670,3041.17,0,0,home_improvement,0.0339,0.2655,Low
48,40153.1,2.0,39415.6,722,7498.7,6,0,business,0.1867,0.9816,High
23,57023.33,2.6,6671.68,552,11744.81,13,0,business,0.206,0.117,High
38,61049.36,7.5,27495.77,637,3675.63,12,0,home_improvement,0.0602,0.4504,High
54,52436.82,1.8,21609.32,747,2802.82,2,1,other,0.0535,0.4121,Medium
52,62912.57,0.3,6370.74,661,2126.39,14,0,debt_consolidation,0.0338,0.1013,Low
49,34696.58,1.0,7433.9,712,9787.53,14,0,education,0.2821,0.2142,Low
45,80017.39,4.7,23719.56,785,10089.82,14,0,home_improvement,0.1261,0.2964,Low
46,37163.13,0.1,18628.21,748,2450.73,13,0,education,0.0659,0.5012,Medium
59,61532.92,7.9,4720.47,551,1812.01,0,0,medical,0.0294,0.0767,Low
28,54458.55,11.6,8114.57,740,3062.72,0,0,education,0.0562,0.149,Low
39,34776.38,3.4,18396.92,681,4027.3,6,0,business,0.1158,0.529,High
62,110329.94,6.1,23320.96,737,8638.85,10,0,debt_consolidation,0.0783,0.2114,Low
42,115645.14,3.1,16968.9,442,17480.82,11,0,debt_consolidation,0.1512,0.1467,Medium
49,30933.13,1.8,3785.22,707,2853.2,14,1,business,0.0922,0.1224,Medium
53,73104.65,0.9,8670.4,678,18427.14,4,1,other,0.2521,0.1186,Low
58,46107.49,3.7,7427.34,685,2051.11,12,1,business,0.0445,0.1611,Medium
55,34999.33,13.3,20237.15,561,8187.3,0,0,other,0.2339,0.5782,Medium
63,58938.8,11.0,10098.21,673,13387.79,7,1,other,0.2271,0.1713,Medium
23,74376.52,12.6,18406.58,702,2189.03,14,0,debt_consolidation,0.0294,0.2475,Low
39,53132.36,17.0,14809.14,775,2023.93,5,0,home_improvement,0.0381,0.2787,Low
30,40874.06,0.9,6624.9,689,5738.31,4,1,education,0.1404,0.1621,Low
47,95293.01,0.8,22687.58,698,11788.21,5,1,home_improvement,0.1237,0.2381,Low
35,97022.57,2.8,26871.15,651,4266.39,7,0,debt_consolidation,0.044,0.277,Medium
31,34841.14,5.8,23395.14,544,9896.57,11,0,other,0.284,0.6715,High
46,51299.89,2.9,15214.03,709,8412.09,8,0,business,0.164,0.2966,Low
44,22259.35,11.1,12630.39,654,1516.66,10,0,business,0.0681,0.5674,Low
33,74434.22,6.3,9258.45,761,4928.41,10,0,education,0.0662,0.1244,Low
52,95201.41,5.0,28553.78,593,10910.4,8,0,other,0.1146,0.2999,High
57,59561.95,0.4,35277.21,698,2372.77,10,0,business,0.0398,0.5923,Medium
24,29211.16,1.0,8997.56,636,2749.04,2,0,debt_consolidation,0.0941,0.308,Low
33,109935.41,2.8,6952.23,756,12278.38,0,0,other,0.1117,0.0632,Low
29,135294.36,18.7,7147.13,601,4310.13,9,0,debt_consolidation,0.0319,0.0528,Low
54,39500.24,2.0,7497.66,664,6985.3,5,0,other,0.1768,0.1898,Medium
57,61250.69,5.0,16278.04,637,1208.95,14,1,home_improvement,0.0197,0.2658,Medium
27,73742.66,22.5,6062.3,746,7570.47,6,0,medical,0.1027,0.0822,Low
21,72670.35,1.5,9546.24,688,2748.71,5,0,home_improvement,0.0378,0.1314,Low
32,50216.41,0.9,9708.88,505,1392.48,4,0,business,0.0277,0.1933,Low
41,120443.61,4.0,14827.18,573,4035.83,12,0,home_improvement,0.0335,0.1231,Low
31,22412.01,4.0,11812.35,465,9482.46,9,0,education,0.4231,0.527,High
64,22555.96,12.7,17477.48,704,10247.34,10,0,medical,0.4543,0.7748,Medium
64,48637.87,0.1,12464.3,431,4678.23,4,1,medical,0.0962,0.2563,High
64,117216.91,2.6,15067.59,695,3312.88,11,0,debt_consolidation,0.0283,0.1285,Low
34,87539.61,1.9,42593.77,626,1473.11,13,0,medical,0.0168,0.4866,High
54,23233.17,4.2,14500.11,748,7780.01,9,0,home_improvement,0.3349,0.6241,Low
54,203155.08,0.0,15696.31,576,4536.4,2,0,business,0.0223,0.0773,Medium
45,64677.69,6.2,57132.39,611,4169.09,3,0,debt_consolidation,0.0645,0.8833,Medium
24,27553.65,3.3,12208.78,662,3634.58,13,0,business,0.1319,0.4431,Low
46,46814.08,6.0,32240.16,563,9793.75,9,0,medical,0.2092,0.6887,High
36,79504.79,3.0,27934.72,645,8509.57,2,0,debt_consolidation,0.107,0.3514,Medium
30,91696.33,3.2,7608.79,573,10702.56,8,0,home_improvement,0.1167,0.083,Medium
22,47430.08,11.3,14603.56,696,8686.3,13,0,medical,0.1831,0.3079,High
55,63645.39,1.2,19612.87,706,3605.8,2,1,home_improvement,0.0567,0.3082,Medium
39,46055.8,1.2,23499.76,730,3247.19,14,0,other,0.0705,0.5102,Medium
26,47433.05,4.1,8321.69,567,4367.94,11,0,debt_consolidation,0.0921,0.1754,Medium
39,70431.37,5.4,8306.21,721,4589.54,4,1,home_improvement,0.0652,0.1179,Low
28,100745.95,2.2,22786.56,529,9057.22,5,0,business,0.0899,0.2262,Medium
34,27757.7,3.7,7283.01,549,4683.79,7,0,home_improvement,0.1687,0.2624,Low
30,43634.63,1.3,10993.49,673,4447.98,9,0,home_improvement,0.1019,0.2519,Medium
23,36280.35,0.7,5678.81,544,6609.78,5,0,business,0.1822,0.1565,Medium
58,29613.86,1.4,8115.42,743,7072.23,5,0,medical,0.2388,0.274,Low
49,28867.71,12.4,11538.47,717,2692.63,5,0,education,0.0933,0.3997,Low
35,49636.19,8.1,12282.47,830,3554.93,0,0,business,0.0716,0.2474,Low
43,28673.25,0.8,14555.07,616,2310.47,9,0,education,0.0806,0.5076,High
43,28191.26,0.2,12344.76,691,2958.82,10,0,home_improvement,0.105,0.4379,Low
38,44816.15,0.5,23033.01,658,12337.3,5,0,debt_consolidation,0.2753,0.5139,Medium
39,30039.73,1.7,28206.84,642,8786.51,0,0,other,0.2925,0.939,High
48,63215.02,8.3,8789.08,767,8080.17,12,0,home_improvement,0.1278,0.139,Low
46,38577.6,1.9,4893.18,627,8942.82,1,0,education,0.2318,0.1268,Medium
30,26977.07,1.0,17177.79,654,683.39,7,0,business,0.0253,0.6367,High
24,156820.98,2.5,24658.52,695,4116.59,7,0,education,0.0263,0.1572,Low
22,16875.55,0.7,8385.85,727,5651.39,1,0,medical,0.3349,0.4969,Medium
23,75218.49,3.2,11114.8,598,2416.26,11,0,home_improvement,0.0321,0.1478,Medium
27,58282.12,5.6,23905.07,733,1382.08,14,0,debt_consolidation,0.0237,0.4102,Low
36,38469.75,2.3,25981.84,706,3892.93,2,0,other,0.1012,0.6754,High
51,31136.71,1.0,17707.58,656,8141.9,5,0,medical,0.2615,0.5687,Low
30,116332.74,3.0,13664.18,620,10133.12,3,0,business,0.0871,0.1175,Low
39,141768.02,7.2,9987.58,762,1653.99,8,0,medical,0.0117,0.0704,Low
48,42344.55,0.4,15266.8,760,6297.2,6,0,other,0.1487,0.3605,Medium
37,39374.84,0.4,14072.1,575,1639.23,9,0,medical,0.0416,0.3574,Medium
48,86195.49,1.9,19893.82,540,6373.06,8,0,debt_consolidation,0.0739,0.2308,Medium
39,43347.26,2.7,17021.16,653,2667.67,12,0,education,0.0615,0.3927,High
57,65626.0,1.2,5830.45,557,7579.96,6,1,home_improvement,0.1155,0.0888,High
43,64796.54,0.1,12265.35,595,6173.33,12,0,debt_consolidation,0.0953,0.1893,Low
40,49944.24,1.2,29252.84,557,18767.77,5,0,debt_consolidation,0.3758,0.5857,High
33,53239.16,2.9,3165.1,728,4800.0,13,0,education,0.0902,0.0594,Low
33,58970.75,0.4,5958.17,590,6907.01,3,0,other,0.1171,0.101,Low
63,28444.44,6.3,7314.06,620,8111.83,7,0,education,0.2852,0.2571,Low
31,34896.22,4.0,19886.63,706,3347.65,11,0,business,0.0959,0.5699,Medium
35,54878.7,2.8,9902.49,743,11813.55,11,0,home_improvement,0.2153,0.1804,Low
37,39060.24,3.7,14329.27,614,33345.23,5,0,debt_consolidation,0.8537,0.3668,Low
48,196550.82,5.3,17971.14,714,4011.22,9,0,business,0.0204,0.0914,Low
39,52380.48,26.3,17902.11,729,2509.14,4,1,home_improvement,0.0479,0.3418,Low
24,20555.88,7.5,8981.57,568,748.2,12,0,education,0.0364,0.4369,High
42,12004.39,3.9,11055.61,734,28965.92,5,0,business,2.4127,0.9209,High
42,73904.58,7.4,11855.95,700,11466.28,11,0,home_improvement,0.1551,0.1604,Low
57,52608.42,3.2,36071.54,560,5739.26,12,0,medical,0.1091,0.6856,High
59,100744.24,1.9,11759.23,671,9732.19,5,0,education,0.0966,0.1167,Low
54,35525.3,1.5,19343.66,558,1947.57,1,1,medical,0.0548,0.5445,Medium
53,46152.46,2.5,20526.84,603,13885.31,2,0,debt_consolidation,0.3009,0.4448,Medium
64,56365.17,0.0,25778.33,625,5799.73,9,0,debt_consolidation,0.1029,0.4573,Medium
62,45363.8,1.0,22681.92,724,3879.72,8,0,debt_consolidation,0.0855,0.5,Low
60,43526.67,0.7,13820.07,670,5347.3,7,0,other,0.1228,0.3175,High
53,70459.92,16.1,17969.28,680,2455.27,7,0,home_improvement,0.0348,0.255,Medium
32,32309.29,0.3,59553.92,604,2619.76,0,0,education,0.0811,1.8432,High
22,64076.98,3.5,8577.93,635,1801.33,11,0,debt_consolidation,0.0281,0.1339,Low
48,122302.67,12.6,9868.51,533,5716.77,8,0,education,0.0467,0.0807,Low
30,112147.37,4.7,6700.78,688,5500.31,3,0,education,0.049,0.0597,Low
42,19871.89,3.4,14944.22,673,1121.0,13,0,education,0.0564,0.752,Low
37,38373.0,6.8,10118.22,722,1435.06,10,0,debt_consolidation,0.0374,0.2637,Low
46,56686.19,2.2,7072.22,710,10575.24,14,0,debt_consolidation,0.1866,0.1248,High
23,92869.21,1.1,13420.34,484,8410.75,1,0,education,0.0906,0.1445,Low
27,54445.15,9.4,5880.83,595,3561.02,6,0,business,0.0654,0.108,Low
64,92956.33,0.3,28411.4,825,9939.64,5,0,home_improvement,0.1069,0.3056,Low
28,35077.31,8.2,24942.69,659,1269.87,13,0,business,0.0362,0.7111,Low
40,57808.92,0.5,38539.35,768,10385.77,12,0,debt_consolidation,0.1797,0.6667,Low
32,58541.0,4.9,65710.49,651,641.33,8,0,home_improvement,0.011,1.1225,Low
55,94529.93,3.2,5028.49,623,4422.1,10,0,debt_consolidation,0.0468,0.0532,Low
37,77209.51,32.7,12129.3,562,10759.81,1,0,other,0.1394,0.1571,High
48,69216.93,2.5,29011.46,666,6610.57,5,0,home_improvement,0.0955,0.4191,Low
61,74956.63,15.8,28615.01,611,12631.74,10,0,education,0.1685,0.3817,Low
30,26774.35,2.6,22380.05,711,4171.77,7,0,debt_consolidation,0.1558,0.8358,Medium
42,44993.31,5.7,7128.5,744,4688.75,5,0,debt_consolidation,0.1042,0.1584,Medium
58,29659.75,5.2,15806.27,577,13228.69,7,0,education,0.446,0.5329,Low
53,35363.66,0.5,25226.75,585,11424.58,13,0,education,0.3231,0.7133,High
42,44941.99,6.8,10864.7,650,3544.41,1,0,medical,0.0789,0.2417,Medium
64,15863.9,1.2,8453.11,614,6728.8,8,1,education,0.4241,0.5328,High
57,45759.74,2.5,11324.86,643,2813.58,11,0,education,0.0615,0.2475,Low
33,33143.13,7.6,9510.01,658,13238.24,5,0,debt_consolidation,0.3994,0.2869,Low
47,28910.14,14.4,15730.51,776,4768.15,6,0,other,0.1649,0.5441,Low
35,51427.51,4.1,5645.56,704,6642.12,1,0,education,0.1292,0.1098,Low
42,40361.55,3.7,35773.58,764,4092.94,9,0,debt_consolidation,0.1014,0.8863,Low
50,58148.24,3.5,9526.44,576,365.31,7,0,business,0.0063,0.1638,Low
63,35439.73,8.5,7272.87,701,2309.88,10,0,medical,0.0652,0.2052,High
60,44900.32,24.9,10496.48,771,1471.94,8,0,home_improvement,0.0328,0.2338,Low
57,167601.13,5.0,15708.84,646,6226.38,2,0,home_improvement,0.0371,0.0937,Low
54,66939.91,2.4,5250.44,653,689.66,14,0,medical,0.0103,0.0784,Low
64,32111.32,1.2,9472.48,621,6176.92,13,0,medical,0.1924,0.295,Low
54,91100.27,1.1,12865.47,675,2120.53,3,0,education,0.0233,0.1412,Low
55,106319.52,9.7,8916.2,523,6562.58,14,0,debt_consolidation,0.0617,0.0839,Medium
62,66127.56,24.4,7502.28,697,5031.1,12,0,business,0.0761,0.1134,Low
39,33157.42,6.0,23587.85,649,4514.28,10,0,home_improvement,0.1361,0.7114,Medium
28,82165.45,15.6,23294.8,521,11484.1,5,0,education,0.1398,0.2835,Low
59,36729.81,2.2,23078.01,707,11141.47,13,0,medical,0.3033,0.6283,Medium
53,96319.25,4.9,18766.78,751,13929.61,14,1,debt_consolidation,0.1446,0.1948,High
64,43457.58,3.6,6546.32,638,2743.73,12,0,home_improvement,0.0631,0.1506,Low
48,42626.97,3.3,13172.57,656,1948.23,2,0,debt_consolidation,0.0457,0.309,Low
57,63705.66,5.0,30118.28,540,11263.18,9,0,education,0.1768,0.4728,Low
45,99223.77,1.9,6457.97,550,2786.03,11,0,home_improvement,0.0281,0.0651,High
56,160188.93,5.1,7395.09,668,1559.55,6,0,home_improvement,0.0097,0.0462,Low
37,49687.43,5.6,15707.08,516,1853.96,7,0,home_improvement,0.0373,0.3161,Low
44,39941.19,9.0,21083.68,596,5605.47,4,0,home_improvement,0.1403,0.5279,Low
41,32521.76,6.6,20103.89,545,4098.9,4,1,debt_consolidation,0.126,0.6181,High
22,23366.6,1.9,16202.21,617,11685.12,2,0,medical,0.5001,0.6934,High
51,29643.01,3.0,7318.86,718,1663.44,3,1,business,0.0561,0.2469,Medium
64,55150.43,0.6,17929.49,638,1482.99,2,0,education,0.0269,0.3251,Medium
53,83060.6,1.5,9213.12,721,3962.98,12,0,debt_consolidation,0.0477,0.1109,Medium
50,31198.64,3.7,16391.74,638,1022.56,11,0,debt_consolidation,0.0328,0.5254,Medium
32,72661.42,0.5,12416.56,718,3304.67,7,0,debt_consolidation,0.0455,0.1709,Low
64,31858.17,4.2,11060.38,609,9805.29,2,1,medical,0.3078,0.3472,High
32,33854.58,2.5,54078.22,761,26709.46,1,0,home_improvement,0.7889,1.5973,High
44,28716.46,0.2,6562.06,608,3533.81,5,0,debt_consolidation,0.1231,0.2285,Medium
44,95408.23,2.8,8583.52,661,3318.0,7,0,home_improvement,0.0348,0.09,Low
31,109447.71,1.7,25366.14,518,5356.79,11,0,home_improvement,0.0489,0.2318,Medium
33,34045.17,0.3,37994.73,721,8329.52,14,1,home_improvement,0.2447,1.116,High
47,32709.79,1.7,19961.52,528,11575.61,9,0,education,0.3539,0.6102,High
28,66922.18,1.7,11654.27,721,2930.6,7,0,other,0.0438,0.1741,Low
30,116310.15,2.2,8314.42,602,11414.29,5,1,education,0.0981,0.0715,High
28,109859.72,2.3,22414.97,555,3255.98,11,0,home_improvement,0.0296,0.204,Medium
40,40435.77,2.8,13296.42,660,17671.87,13,0,education,0.437,0.3288,High
28,44722.23,0.5,9766.89,574,10426.64,14,0,debt_consolidation,0.2331,0.2184,Low
29,26482.23,0.0,25388.61,705,2560.06,5,0,medical,0.0967,0.9587,Low
27,40208.4,6.7,12209.66,617,5393.7,5,0,business,0.1341,0.3037,Low
34,51447.44,2.1,6076.19,643,3466.17,4,0,medical,0.0674,0.1181,Low
48,24962.05,4.8,14349.45,629,7849.26,3,0,business,0.3144,0.5748,Medium
22,37328.27,1.8,10854.54,526,3879.42,1,0,home_improvement,0.1039,0.2908,Low
63,54781.47,20.7,7345.78,673,2738.54,13,0,debt_consolidation,0.05,0.1341,Low
28,22925.67,1.9,16060.21,610,7523.15,10,0,home_improvement,0.3281,0.7005,High
33,61977.69,4.6,17523.18,591,6469.75,13,0,education,0.1044,0.2827,Medium
41,81650.01,1.2,2945.77,632,1752.51,14,0,debt_consolidation,0.0215,0.0361,Medium
48,65186.98,3.6,25714.35,799,14671.41,4,0,debt_consolidation,0.2251,0.3945,Medium
55,38238.72,4.3,24412.95,560,10131.31,1,1,education,0.2649,0.6384,Medium
43,88079.79,1.0,12465.52,502,9130.02,8,0,debt_consolidation,0.1037,0.1415,Medium
35,98098.11,0.7,8315.56,707,4204.77,3,1,home_improvement,0.0429,0.0848,Low
22,57462.88,18.2,18484.94,609,2033.3,0,0,business,0.0354,0.3217,Low
32,52813.35,11.2,13380.4,598,12540.49,9,1,home_improvement,0.2374,0.2533,High
56,35959.42,5.4,9709.18,595,2839.13,0,0,other,0.079,0.27,Low
23,40001.08,9.9,9837.47,729,2487.13,9,0,other,0.0622,0.2459,Low
25,83791.57,0.5,14861.19,649,5703.94,4,1,other,0.0681,0.1774,Low
23,123586.1,6.5,29632.86,584,1161.74,10,0,other,0.0094,0.2398,Low
39,39835.4,1.7,6067.37,654,6201.58,7,0,other,0.1557,0.1523,Low
22,44996.98,3.9,16095.86,678,2663.2,10,0,home_improvement,0.0592,0.3577,Medium
64,35467.81,7.2,7844.41,626,4291.14,6,0,business,0.121,0.2212,High
57,39521.24,0.2,16169.1,671,9318.82,11,0,education,0.2358,0.4091,Medium
37,26134.15,5.9,18875.12,676,13487.76,6,0,education,0.5161,0.7222,High
34,60753.62,2.9,6370.4,468,11884.1,4,0,debt_consolidation,0.1956,0.1049,High
48,26002.38,2.9,18832.68,775,15231.27,8,1,home_improvement,0.5857,0.7242,High
47,37267.55,11.9,15600.75,678,4746.63,4,0,other,0.1274,0.4186,Low
30,47545.18,9.8,29214.51,514,730.02,0,1,other,0.0154,0.6144,Medium
